timestamp_s,frame,label,event,tip_err_m,in_gripper,finger_pos,finger_vel,finger_effort,finger_effort_l1,arm_effort_l1,head_pos_x,head_pos_y,head_pos_z,head_lin_vel_x,head_lin_vel_y,head_lin_vel_z,head_ang_vel_x,head_ang_vel_y,head_ang_vel_z,gripper_tip_x,gripper_tip_y,gripper_tip_z,cable_tip_x,cable_tip_y,cable_tip_z
1788650976.620227,5,Grasp and lift E_part006_44: squeeze-hold,during,0.003150,1,0.728019,0.164286 -0.164286 0.0671328 -0.612445 -0.0562292,8.93351 4.05194 -4.45874 2.17931e-05 5.28633e-08,17.444213778629813,11.335691665299237,0.5924498415780218,-0.34771668910980186,1.1309283971739932,0.0,0.0,0.0,0.0,0.0,0.0,0.5860267042196112,-0.3477146691517741,1.1254490352350448,0.5861108150602037,-0.34769462603026,1.128597523283584
1788650977.023828,10,Grasp and lift E_part006_44: squeeze-hold,during,0.003149,1,0.728045,0.148138 -0.148138 0.0488105 -0.628335 -0.0345959,9.37078 4.32544 -4.35624 -6.54751e-05 -4.59476e-05,18.052564940622688,11.97703317925334,0.59245031841518,-0.3477172851562496,1.1309288740111514,-0.00846804864704609,0.008377023041248322,0.0053202747367322445,0.1142645925283432,-0.17392486333847046,-0.04201254993677139,0.5860269798116504,-0.34771653429857635,1.1254502955968952,0.586111125725185,-0.3476943104806331,1.1285984156315743
1788650977.431364,15,Grasp and lift E_part006_44: squeeze-hold,during,0.003149,1,0.728048,0.139369 -0.139369 0.0359121 -0.623882 -0.024949,9.36423 4.31862 -4.35103 -6.67964e-06 1.5657e-06,18.03388943278003,12.05114059522748,0.5924502588105353,-0.3477170765399929,1.130928993220441,-0.008882363326847553,0.005452075973153114,0.0060352240689098835,0.017689179629087448,-0.6548698544502258,-0.25328385829925537,0.5860268783858944,-0.3477169394532919,1.1254504261577765,0.5861111221573244,-0.34769394416236166,1.1285983839780815
1788650977.833945,20,Grasp and lift E_part006_44: squeeze-hold,during,0.003149,1,0.728048,0.140242 -0.140242 0.0388921 -0.615141 -0.0275281,9.37183 4.32218 -4.35356 4.06835e-05 -1.19308e-06,18.047604475799744,12.025762839242816,0.5924502588105353,-0.34771722555160484,1.130928993220441,-0.008127536624670029,0.004938578698784113,0.00636730482801795,0.20317597687244415,-0.4822353720664978,-0.2603297829627991,0.5860268255653742,-0.3477169824711636,1.1254503536312552,0.5861111462517307,-0.3476941101566613,1.128598318275093
1788650978.240119,25,Grasp and lift E_part006_44: squeeze-hold,during,0.003149,1,0.728047,0.138831 -0.138831 0.0368842 -0.617936 -0.0255626,9.37395 4.3235 -4.35331 -5.17598e-05 2.40257e-05,18.050839869334595,11.9720619302243,0.5924501992058905,-0.347717314958572,1.1309291124297305,-0.007996417582035065,0.005138198379427195,0.005911065265536308,0.18990182876586914,-0.3890359401702881,-0.24118708074092865,0.5860268112607732,-0.34771719243139165,1.1254504570625474,0.5861111290440469,-0.34769412328613797,1.1285983229314913
1788650978.642275,30,Grasp and lift E_part006_44: squeeze-hold,during,0.003148,1,0.728049,0.153242 -0.153242 0.0589917 -0.60878 -0.045468,9.38228 4.32491 -4.34516 6.54329e-05 5.58052e-05,18.052469374921202,11.91532598529011,0.5924502588105353,-0.34771835803985557,1.1309297084761782,-0.007368649821728468,0.00793289951980114,0.0014479411765933037,-0.43781960010528564,-0.4077492654323578,-0.058515675365924835,0.5860269726757409,-0.3477183311269149,1.1254513152814245,0.5861115331085912,-0.34769497709765973,1.1285979842509308
1788650979.044878,35,Grasp and lift E_part006_44: squeeze-hold,during,0.003149,1,0.728046,0.144186 -0.144186 0.0435519 -0.625472 -0.0303433,9.37168 4.32633 -4.35594 -7.24608e-05 -5.17005e-05,18.054066841668828,11.99962099455297,0.5924503780198248,-0.3477172851562496,1.130928993220441,-0.008395219221711159,0.007537442725151777,0.005294072441756725,0.18379609286785126,-0.1416843682527542,-0.092736154794693,0.5860270966063184,-0.347716169900591,1.1254501764951024,0.586111208649533,-0.3476942478944277,1.1285984720266158
1788650979.444521,40,Grasp and lift E_part006_44: squeeze-hold,during,0.003149,1,0.728044,0.145259 -0.145259 0.04454 -0.631413 -0.0307851,9.36974 4.32436 -4.3586 -8.36479e-05 -5.98466e-05,18.05284782867966,12.025149868801236,0.59245031841518,-0.34771719574928245,1.1309288740111514,-0.008280834183096886,0.007695099804550409,0.005223632790148258,0.17128485441207886,-0.1300133615732193,-0.0976577028632164,0.5860270309676064,-0.3477166589322627,1.1254503363451454,0.5861111347730705,-0.3476941655566793,1.1285983915680962
1788650979.940938,45,Grasp and lift E_part006_44: squeeze-hold,during,0.003149,1,0.728047,0.142829 -0.142829 0.0428344 -0.617788 -0.0303522,9.36583 4.31932 -4.3548 3.8848e-05 -3.05556e-05,18.0400216816779,12.01046559587121,0.59245031841518,-0.34771692752838096,1.1309288740111514,-0.008176899515092373,0.006193620152771473,0.00680895708501339,0.07653134316205978,-0.6626251339912415,-0.20877458155155182,0.5860270207301259,-0.3477167273823915,1.12545039481628,0.5861112517552163,-0.347694218656988,1.1285980702349303
1788650980.329032,50,Grasp and lift E_part006_44: squeeze-hold,during,0.003148,1,0.728049,0.151063 -0.151063 0.0576842 -0.602728 -0.0441879,9.38448 4.32677 -4.34657 7.58026e-05 4.75597e-05,18.05794702023195,11.937837466597557,0.5924502588105353,-0.34771841764450034,1.1309297084761782,-0.007363080512732267,0.007968328893184662,0.0015856970567256212,-0.4095151126384735,-0.3974190652370453,-0.06581159681081772,0.5860268749652214,-0.34771831923259433,1.1254512701322934,0.5861115222799863,-0.34769505446613197,1.128598013510337
1788650980.734687,55,Grasp and lift E_part006_44: squeeze-hold,during,0.003149,1,0.728047,0.137999 -0.137999 0.0345567 -0.622462 -0.0236965,9.36699 4.32067 -4.35054 -1.71802e-05 9.62709e-06,18.038229569908253,12.000568103045225,0.5924502588105353,-0.3477173745632168,1.1309291124297305,-0.008888056501746178,0.005378267727792263,0.00582543620839715,0.08227147907018661,-0.5452251434326172,-0.23823387920856476,0.5860268741893744,-0.3477170854687092,1.125450427147673,0.5861111560640226,-0.34769426377064283,1.1285984107508424
1788650981.143063,60,Grasp and lift E_part006_44: squeeze-hold,during,0.003150,1,0.728044,0.146782 -0.146782 0.0469621 -0.629195 -0.0328345,9.37186 4.32586 -4.35868 -5.04743e-05 -5.50589e-05,18.056503924977733,12.004427388310432,0.59245031841518,-0.34771722555160484,1.1309288740111514,-0.008301987312734127,0.008034322410821915,0.005246327258646488,0.1400793045759201,-0.1427583247423172,-0.0738096758723259,0.5860270527353695,-0.3477163673128659,1.1254501004372528,0.586111126924864,-0.34769422079554796,1.1285984126650117
1788650981.552605,65,Grasp and lift E_part006_44: squeeze-hold,during,0.003149,1,0.728046,0.142901 -0.142901 0.0412562 -0.626936 -0.0283515,9.36893 4.32394 -4.3574 -8.07928e-05 -6.17903e-05,18.05040217321948,12.071718543767929,0.5924502588105353,-0.34771716594696006,1.1309288740111514,-0.008441776968538761,0.006891473662108183,0.005116018932312727,0.1843094527721405,-0.15322205424308777,-0.1490405946969986,0.586027001297892,-0.3477169377348659,1.1254503914055345,0.5861110965274096,-0.3476941043249515,1.1285983337807897
1788650981.955434,70,Grasp and lift E_part006_44: squeeze-hold,during,0.003149,1,0.728047,0.140522 -0.140522 0.0377035 -0.622062 -0.0267666,9.37133 4.32214 -4.35343 -4.65397e-07 -1.34763e-05,18.046908015195385,12.037776632234454,0.5924501992058905,-0.34771722555160484,1.1309291124297305,-0.008394713513553143,0.005489571485668421,0.005777787882834673,0.02165335789322853,-0.5711848735809326,-0.23238824307918549,0.5860268373939791,-0.3477173244416717,1.1254504849933642,0.5861111182137695,-0.34769403084888506,1.1285983524170635
1788650982.357094,75,Grasp and lift E_part006_44: squeeze-hold,during,0.003149,1,0.728047,0.140009 -0.140009 0.0370685 -0.623985 -0.0259714,9.3681 4.32148 -4.34988 -1.67992e-05 1.91927e-05,18.039499035143308,11.946657728403807,0.5924502588105353,-0.3477174937725063,1.1309291124297305,-0.009050077758729458,0.006543810945004225,0.005224291235208511,-0.06979052722454071,-0.5359000563621521,-0.17332544922828674,0.5860268266758246,-0.3477171218580078,1.125450368744587,0.5861111646864685,-0.34769438433079125,1.128598387286031
1788650982.763772,80,Grasp and lift E_part006_44: squeeze-hold,during,0.003148,1,0.72805,0.151636 -0.151636 0.0585083 -0.603294 -0.0447615,9.37943 4.32419 -4.34433 7.86929e-05 5.37181e-05,18.048074095750053,11.968536688014865,0.5924501992058905,-0.34771844744682273,1.1309298276854678,-0.007267411332577467,0.007843486964702606,0.00168180325999856,-0.3679874539375305,-0.37298789620399475,-0.06259351223707199,0.586026937310189,-0.3477182325864789,1.1254513000473094,0.5861114899986588,-0.3476950595799739,1.1285980586897506
1788650982.842792,80,Grasp and lift E_part006_44: squeeze-hold,reached,0.003154,1,0.727805,0.172414 -0.172414 0.161769 -0.156101 -0.162815,7.84014 3.60518 -3.66031 0.00109939 0.000561327,15.107290398853365,11.611022093566135,0.5924462652993353,-0.3477238416671749,1.1309351921034976,-0.003367847763001919,0.0046760099940001965,-0.0015489275101572275,5.380100250244141,-0.1856926679611206,0.11733707785606384,0.5860244848628493,-0.3477214127208498,1.1254557235574993,0.5861055975564178,-0.34770680768646434,1.128608698932871
1788650983.164689,85,Grasp and lift E_part006_44: lift,during,0.003154,1,0.727857,0.0496902 -0.0496902 -0.00271564 -0.210355 -0.00815479,8.62465 3.8951 -4.14205 0.000411634 -0.000235343,16.66244497668231,23.537049187347293,0.5924452520203741,-0.34781193733215293,1.1311223506880923,-0.003452777164056897,0.004912998527288437,-0.0007291692891158164,-1.3407862186431885,-0.023367255926132202,-0.415378212928772,0.5860237053947381,-0.3478103696570942,1.1256397523869281,0.5861057798102631,-0.3477972841840109,1.1287925855844763
1788650983.562986,90,Grasp and lift E_part006_44: lift,during,0.003152,1,0.727928,-0.0324068 0.0324068 -0.0544696 0.151849 0.0742802,8.83288 4.06091 -4.12094 0.00166284 -0.000346028,17.016741233092034,38.95273103285581,0.5924425698113592,-0.34804132582212294,1.1316460370970889,-0.0040491316467523575,-0.01789207011461258,-0.011168284341692924,-0.13159196078777313,1.014101505279541,-2.185075283050537,0.5860209983078378,-0.3480451372437884,1.1261652331035552,0.5861030143712642,-0.3480303325631836,1.1293164783350549
1788650983.961514,95,Grasp and lift E_part006_44: lift,during,0.003152,1,0.727951,-0.0422675 0.0422675 -0.0460344 0.246417 0.0659421,9.00725 4.1387 -4.20053 0.00116269 -0.000762612,17.34841092058923,53.743426797911525,0.5924357152772101,-0.3484158516075691,1.1324986220523714,-0.009295021183788776,-0.0026059094816446304,-0.015258217230439186,0.9102708697319031,1.5623717308044434,1.1592905521392822,0.5860144942815908,-0.3484206221264805,1.127016507371481,0.5860966491035973,-0.34840483177076637,1.1301677323798849
1788650984.362518,100,Grasp and lift E_part006_44: lift,during,0.003155,1,0.727857,0.0550044 -0.0550044 0.00265925 -0.213874 -0.0134264,8.62301 3.89048 -4.13808 0.00112739 -0.00102666,16.653727477183565,67.5980480723083,0.5924249864411505,-0.348928183331736,1.1336659194156526,-0.004560192581266165,0.00799823272973299,-0.0060297115705907345,-1.3340086936950684,0.011741184629499912,-0.4051045775413513,0.5860036533171906,-0.3489272889095321,1.1281827271182308,0.5860854271716411,-0.3489137578393892,1.131336389800237
1788650984.764609,105,Grasp and lift E_part006_44: lift,during,0.003153,1,0.727858,0.052123 -0.052123 -0.000635371 -0.214333 -0.0102157,8.62281 3.88946 -4.13594 0.00132153 -0.00122123,16.65075447736308,80.77882994618267,0.5924112773728522,-0.3495469093468269,1.135136485211551,-0.004895671736449003,0.008629023097455502,-0.007298333570361137,-1.3236650228500366,-0.0052581834606826305,-0.4093962013721466,0.5859899333660832,-0.3495481542029971,1.1296543041646385,0.5860718767507643,-0.34953279378185964,1.1328065220017458
1788650985.165216,110,Grasp and lift E_part006_44: lift,during,0.003155,1,0.727857,0.0363699 -0.0363699 -0.0216533 -0.231022 0.00882479,8.79276 3.96544 -4.21534 0.00028545 -0.00159804,16.975426896009594,93.58226925134659,0.5923944092583807,-0.35026249279326255,1.1369037629291414,-0.005658952984958887,0.009568915702402592,-0.010616322979331017,-1.2411264181137085,0.2049679458141327,-0.24142642319202423,0.585973337543047,-0.3502621470399592,1.131420085274366,0.5860550265094309,-0.35024831276230567,1.1345737514818333
1788650985.566725,115,Grasp and lift E_part006_44: lift,during,0.003154,1,0.727928,-0.0327093 0.0327093 -0.0543063 0.15637 0.0742651,8.83328 4.05565 -4.11705 0.00243584 -0.00137667,17.009789181291126,105.18937864154577,0.5923755145859869,-0.3510521649295693,1.1389563084766268,-0.005773542448878288,-0.013972385786473751,-0.018627231940627098,-0.07942026108503342,1.0248703956604004,-2.1410293579101562,0.5859541946667121,-0.3510568816748691,1.1334744234789107,0.5860359075952462,-0.3510416650238726,1.1366268877309311
1788650985.965800,120,Grasp and lift E_part006_44: lift,during,0.003154,1,0.727928,-0.0346249 0.0346249 -0.0549405 0.166094 0.0751865,8.83825 4.05731 -4.1185 0.00255095 -0.00147739,17.01808454550337,116.33856881782413,0.5923547721696051,-0.35190546525700445,1.1412910224124788,-0.006169935688376427,-0.013526561670005322,-0.020027585327625275,-0.0380958653986454,1.0504950284957886,-2.095994472503662,0.5859335708792243,-0.35191072561693315,1.1358087153783394,0.586015163935004,-0.3518950194712005,1.1389616048086806
1788650986.370822,125,Grasp and lift E_part006_44: lift,during,0.003153,1,0.727928,-0.0342499 0.0342499 -0.0546881 0.164587 0.0748566,8.8389 4.05688 -4.11698 0.00277579 -0.00153387,17.017076979158446,126.80482045933604,0.5923330164742621,-0.3527988494752204,1.143896937482059,-0.006443132646381855,-0.013216111809015274,-0.021053647622466087,-0.03219692036509514,1.0339767932891846,-2.1217689514160156,0.5859117564617892,-0.3528053715874031,1.1384151643993003,0.5859936778830628,-0.35278857804364655,1.141566785388445
1788650986.778779,130,Grasp and lift E_part006_44: lift,during,0.003153,1,0.727927,-0.0308831 0.0308832 -0.053137 0.149483 0.073089,8.83579 4.05447 -4.11657 0.00277648 -0.0015884,17.011195092694834,136.62142922729254,0.5923102474999579,-0.35371279729588384,1.1467657081037759,-0.006539835128933191,-0.012781069613993168,-0.022002704441547394,-0.07716879993677139,0.9983945488929749,-2.1902015209198,0.585889135952421,-0.3537194144894171,1.1412840762501475,0.5859709228254916,-0.3537025245526239,1.144435518154867
1788650987.203441,135,Grasp and lift E_part006_44: lift,during,0.003155,1,0.727857,0.0532149 -0.0532149 0.00021145 -0.215074 -0.0112087,8.62543 3.88683 -4.13337 0.00177577 -0.0018037,16.649213168188,145.76487118378282,0.5922874785256537,-0.3546308280347144,1.149889587536454,-0.006572370417416096,0.011578558012843132,-0.014555927366018295,-1.2967866659164429,-0.006205487530678511,-0.4159550368785858,0.5858664134490317,-0.3546326181508121,1.1444051406698885,0.585948154536731,-0.35461688198492763,1.147559414811802
1788650987.625597,140,Grasp and lift E_part006_44: lift,during,0.003154,1,0.727926,-0.029467 0.0294669 -0.0532149 0.138896 0.0728226,8.83569 4.05424 -4.11516 0.00269953 -0.00159845,17.009391554398462,154.12910456582904,0.5922654248070868,-0.3555211719503855,1.1532520047575234,-0.006893906742334366,-0.012268604710698128,-0.02379567362368107,-0.11843320727348328,0.9635586738586426,-2.2525618076324463,0.5858441180480585,-0.3555276964444942,1.147769202151391,0.585926124807959,-0.35551085436151164,1.1509217478781282
1788650988.047436,145,Grasp and lift E_part006_44: lift,during,0.003154,1,0.727926,-0.0280829 0.0280829 -0.0534821 0.127907 0.0725373,8.8338 4.05367 -4.11336 0.00258706 -0.00154836,17.004957494325936,161.80936197936535,0.5922440267396124,-0.3563771244516825,1.1568455687910317,-0.0069451602175831795,-0.012194989249110222,-0.024190980941057205,-0.16703101992607117,0.9006804823875427,-2.3278555870056152,0.5858229781181653,-0.3563834572660966,1.1513623442307714,0.5859047419479152,-0.3563667285583527,1.1545152708893234
1788650988.471165,150,Grasp and lift E_part006_44: lift,during,0.003154,1,0.727928,-0.0322181 0.0322181 -0.0536994 0.156099 0.0738393,8.83555 4.05386 -4.11617 0.0025896 -0.00144839,17.00962127535604,168.66275973245502,0.5922241187882574,-0.35717490281967873,1.1606539479643105,-0.007497591897845268,-0.012254849076271057,-0.025660891085863113,-0.0381532721221447,1.0134830474853516,-2.1515586376190186,0.5858032570776057,-0.35718169021065593,1.1551710191939482,0.5858848577761664,-0.3571645792884677,1.15832358505248
1788650988.889906,155,Grasp and lift E_part006_44: lift,during,0.003154,1,0.727927,-0.0324329 0.0324329 -0.0544696 0.153486 0.0743364,8.83747 4.05543 -4.11613 0.00243352 -0.00132941,17.012792797759175,174.7526881955564,0.5922065354180487,-0.35789856281189675,1.1646618853509425,-0.007625601254403591,-0.01239618007093668,-0.026176949962973595,-0.058589398860931396,0.9961735010147095,-2.180677652359009,0.5857856491576646,-0.35790493279128105,1.1591784287556082,0.5858672971265872,-0.3578881639159659,1.1623314609684359
1788650989.299471,160,Grasp and lift E_part006_44: lift,during,0.003154,1,0.727926,-0.0304559 0.0304559 -0.053026 0.146742 0.0730462,8.83683 4.0551 -4.11695 0.0022939 -0.00118534,17.012349847354926,180.09057930856943,0.5921910978150519,-0.3585322495928263,1.1688514958322047,-0.007709689904004335,-0.012493934482336044,-0.026714226230978966,-0.07039701193571091,0.9857576489448547,-2.2041361331939697,0.585770429321965,-0.35853822752755005,1.163367666556284,0.5858518927402007,-0.3585217943892889,1.1665209813475366
1788650989.719792,165,Grasp and lift E_part006_44: lift,during,0.003155,1,0.727925,-0.0291771 0.0291771 -0.0531215 0.136809 0.0728001,8.83736 4.05608 -4.11662 0.00208237 -0.00101683,17.01316856686026,184.5802925042808,0.5921786404442938,-0.3590602573385691,1.1732022772729396,-0.007720231078565121,-0.012700464576482773,-0.026963163167238235,-0.11499691009521484,0.9502995014190674,-2.270162582397461,0.58575797588752,-0.35906649060166596,1.1677181316363947,0.5858394679785284,-0.35904970531324176,1.1708716745269547
1788650990.142969,170,Grasp and lift E_part006_44: lift,during,0.003154,1,0.727927,-0.032281 0.032281 -0.0538779 0.155616 0.0740192,8.83246 4.05403 -4.11612 0.001945 -0.000821828,17.005375601467676,188.17099561914802,0.5921692229104193,-0.35947161879448647,1.177692772001028,-0.00806014146655798,-0.013048592954874039,-0.02760068140923977,-0.03455599769949913,1.0103445053100586,-2.15730357170105,0.5857489840743384,-0.35947726369573685,1.1722086499063422,0.5858300949513953,-0.3594610135490098,1.1753620484431098
1788650990.561009,175,Grasp and lift E_part006_44: lift,during,0.003154,1,0.727925,-0.0286711 0.0286711 -0.0528049 0.135329 0.0724356,8.83434 4.05579 -4.11693 0.00166145 -0.000610453,17.009332908783108,190.90624120086432,0.5921633220505865,-0.35975602235703225,1.182299614995718,-0.007885186932981014,-0.013386275619268417,-0.027470547705888748,-0.11657144129276276,0.9458972215652466,-2.2737677097320557,0.5857427668705499,-0.35976231019160293,1.1768153852593572,0.5858242427363781,-0.3597452749598534,1.1799687597884656
1788650990.977720,180,Grasp and lift E_part006_44: lift,during,0.003154,1,0.727926,-0.0309899 0.0309898 -0.0531274 0.149474 0.0733125,8.83205 4.05517 -4.11707 0.00149303 -0.000369069,17.006153632246424,192.73241145163774,0.5921609378647955,-0.35990545120148415,1.1869969378411769,-0.00812619924545288,-0.013900441117584705,-0.027766916900873184,-0.05359826236963272,0.9931333065032959,-2.1882147789001465,0.5857406695473308,-0.3599117018075553,1.1815126015313038,0.5858219112466512,-0.35989463668200306,1.18466593963522
1788650991.393540,185,Grasp and lift E_part006_44: lift,during,0.003154,1,0.727926,-0.0312118 0.0312118 -0.0530729 0.151787 0.0733242,8.83045 4.0552 -4.11747 0.00124934 -0.000147921,17.00450909655774,193.65161489322782,0.5921623683762701,-0.35991585221199746,1.1917577992379664,-0.008183855563402176,-0.014247163198888302,-0.027861740440130234,-0.043733589351177216,1.0041836500167847,-2.1672582626342773,0.5857423958237734,-0.3599216403888793,1.1862736681585049,0.5858234023505899,-0.3599049233312821,1.189426636793951
1788650991.801356,190,Grasp and lift E_part006_44: lift,during,0.003154,1,0.727925,-0.0322032 0.0322032 -0.0544624 0.151293 0.0743808,8.83284 4.05765 -4.11749 0.00101057 0.000100047,17.0090900103678,193.51402877643704,0.5921675539803656,-0.3597849902143931,1.1965545389056205,-0.008172041736543179,-0.014864793978631496,-0.027546701952815056,-0.06053425371646881,0.9915353059768677,-2.1897215843200684,0.5857477288213062,-0.3597898785107146,1.191069917024476,0.5858286426753532,-0.3597739341615774,1.1942232282685685
1788650992.209967,195,Grasp and lift E_part006_44: lift,during,0.003154,1,0.727926,-0.030076 0.030076 -0.052465 0.147597 0.0725795,8.82941 4.05639 -4.11837 0.000771872 0.000338193,17.005283344100462,192.48585235327482,0.5921766138863714,-0.3595142361155009,1.201357361972332,-0.00811842642724514,-0.01535420585423708,-0.02732144668698311,-0.0566781610250473,0.9976954460144043,-2.1862993240356445,0.5857569124234907,-0.3595193948961969,1.1958732298774053,0.5858377867657931,-0.35950305967337404,1.1990258230217439
1788650992.620541,200,Grasp and lift E_part006_44: lift,during,0.003154,1,0.727926,-0.0306534 0.0306534 -0.0533813 0.145531 0.0733841,8.83123 4.05836 -4.11886 0.000549668 0.000553002,17.00955556263216,190.43026616424322,0.5921893692803534,-0.3591082688799357,1.2061359855532645,-0.008008556440472603,-0.015752136707305908,-0.02692052163183689,-0.07793915271759033,0.9822675585746765,-2.211045026779175,0.5857697293746331,-0.3591125606326696,1.2006512405795822,0.5858506119918705,-0.35909694670422765,1.2038042574598566
1788650993.035775,205,Grasp and lift E_part006_44: lift,during,0.003154,1,0.727925,-0.028987 0.0289871 -0.0525764 0.138019 0.072534,8.82794 4.05761 -4.11832 0.000309233 0.000782905,17.00496167151141,187.18819618225098,0.5922052241158636,-0.3585739430418467,1.2108586999773978,-0.007854579947888851,-0.016377530992031097,-0.02621554210782051,-0.10470449924468994,0.968980073928833,-2.2447831630706787,0.5857858112506964,-0.3585776360581506,1.205374012094307,0.5858665500947284,-0.3585624974550992,1.2085267461382583
1788650993.444503,210,Grasp and lift E_part006_44: lift,during,0.003153,1,0.727925,-0.0271335 0.0271335 -0.0519138 0.127562 0.0717709,8.8259 4.05728 -4.11894 8.27109e-05 0.000981596,17.003174788624165,182.95538053661585,0.5922242976021918,-0.357921719216392,1.2154946300387381,-0.007594753988087177,-0.016797766089439392,-0.02538275718688965,-0.14451339840888977,0.9323084950447083,-2.299185037612915,0.5858049516066267,-0.35792501802060556,1.210010067040048,0.5858857197892999,-0.3579101359827168,1.2131624153843465
1788650993.857158,215,Grasp and lift E_part006_44: lift,during,0.003153,1,0.727924,-0.0287582 0.0287582 -0.0528247 0.135045 0.0726355,8.82795 4.05914 -4.11974 -5.37982e-05 0.00114604,17.00803101004567,177.77644284814596,0.59224599369289,-0.35716518726258034,1.2200115892291068,-0.0075195119716227055,-0.017205772921442986,-0.024922803044319153,-0.12183722108602524,0.960302472114563,-2.262125253677368,0.5858268822651023,-0.3571681918866294,1.2145273992091103,0.5859072748687708,-0.35715325276405296,1.2176797596272597
1788650994.260567,220,Grasp and lift E_part006_44: lift,during,0.003153,1,0.727925,-0.0300008 0.0300008 -0.0530603 0.142169 0.0730725,8.83039 4.06109 -4.12106 -0.000167479 0.00130837,17.01401380346215,171.38476165384054,0.5922698355508001,-0.3563202318182444,1.2243775102496146,-0.007433444261550903,-0.017768939957022667,-0.02411053702235222,-0.09684111177921295,0.9818695187568665,-2.2237675189971924,0.585851032500902,-0.3563225642266698,1.2188930899948003,0.5859312126192178,-0.35630815910712377,1.2220454207066485
1788650994.672435,225,Grasp and lift E_part006_44: lift,during,0.003153,1,0.727924,-0.0271686 0.0271685 -0.0517972 0.128517 0.0716795,8.82277 4.05796 -4.11944 -0.000324845 0.00140217,17.001891046238597,164.08737241849303,0.5922955847573431,-0.35540676130040044,1.2285616371035575,-0.007075921166688204,-0.017996210604906082,-0.02312219887971878,-0.14633239805698395,0.9461091756820679,-2.2839574813842773,0.5858766664417758,-0.35540827068188274,1.2230770742339683,0.5859570681937518,-0.35539452003409583,1.2262292593511281
1788650995.085022,230,Grasp and lift E_part006_44: lift,during,0.003153,1,0.727926,-0.030959 0.030959 -0.0533346 0.147146 0.0735232,8.82645 4.06032 -4.12087 -0.000324477 0.00150332,17.00946625188226,155.5381400436163,0.5923221684289129,-0.35444450391514654,1.2325320217013358,-0.00706523796543479,-0.018542492762207985,-0.02231794223189354,-0.0840071514248848,0.9991545081138611,-2.1940419673919678,0.5859034123801596,-0.3544456731643162,1.2270471908046956,0.5859837438062108,-0.3544321616350957,1.2301993946359877
1788650995.498795,235,Grasp and lift E_part006_44: lift,during,0.003153,1,0.727925,-0.0284223 0.0284223 -0.0520924 0.135357 0.0721851,8.82454 4.05969 -4.12084 -0.000376318 0.00153878,17.006986733933445,145.8126503750682,0.5923492885422857,-0.35345754040463323,1.2362574312090873,-0.006662583909928799,-0.018765809014439583,-0.021092645823955536,-0.12837153673171997,0.9739894866943359,-2.2512357234954834,0.5859305135508981,-0.3534579184331771,1.230773129078612,0.5860107863766376,-0.3534448156018435,1.2339250169167681
1788650995.922810,240,Grasp and lift E_part006_44: lift,during,0.003152,1,0.727926,-0.0290605 0.0290605 -0.0519929 0.141391 0.0721644,8.82723 4.06117 -4.12322 -0.000373431 0.00155674,17.01354974039714,135.1683193463832,0.5923759914231451,-0.3524696530221259,1.239708659350872,-0.006484267767518759,-0.019108975306153297,-0.020060503855347633,-0.1033828929066658,0.9996679425239563,-2.2059226036071777,0.5859576026695996,-0.35246965483338116,1.234224603569535,0.5860375947469467,-0.352456830103796,1.237375958940731
1788650996.343065,245,Grasp and lift E_part006_44: lift,during,0.003152,1,0.727927,-0.032037 0.032037 -0.0535616 0.153396 0.0739294,8.82846 4.06227 -4.12307 -0.000289627 0.00151341,17.015609851456247,123.29978708550334,0.5924015618157538,-0.35150763382262046,1.242855665385723,-0.006293094251304865,-0.01935029961168766,-0.018944110721349716,-0.07341881841421127,1.0261094570159912,-2.154477834701538,0.5859830187102356,-0.35150695888374267,1.2373712780969641,0.5860632539826846,-0.35149467055246497,1.2405227243615164
1788650996.747052,250,Grasp and lift E_part006_44: lift,during,0.003153,1,0.727925,-0.0282103 0.0282103 -0.0523745 0.132072 0.0722491,8.83262 4.06453 -4.12433 -0.000253675 0.00144466,17.02317603357369,110.37568882852793,0.5924253440690191,-0.35059723247832114,1.2456697198748587,-0.005729646421968937,-0.01964179426431656,-0.01710842177271843,-0.1622343808412552,0.9620575308799744,-2.27890682220459,0.5860071179790992,-0.35059474664735746,1.2401848123269559,0.5860869661076271,-0.35058388189985634,1.2433369715737896
1788650997.135794,255,Grasp and lift E_part006_44: lift,during,0.003152,1,0.727926,-0.0300872 0.0300873 -0.0526377 0.14532 0.0727472,8.83167 4.06413 -4.12506 -0.000218921 0.0013101,17.02239255780296,96.33537294529378,0.5924464441132696,-0.34976452578848655,1.248122212588787,-0.0055583780631423,-0.019691791385412216,-0.01606258749961853,-0.11467262357473373,1.0202794075012207,-2.1739501953125,0.5860281013037378,-0.34976237703423557,1.2426381488627936,0.5861081647787159,-0.3497510259354767,1.2457891971823467
1788650997.527175,260,Grasp and lift E_part006_44: lift,during,0.003155,1,0.727856,0.0519311 -0.0519311 -0.00139358 -0.216742 -0.00930717,8.62586 3.89832 -4.14423 -0.000893194 0.000984898,16.67028529383242,81.14727172162384,0.5924642659020575,-0.349039495005854,1.2501876327395438,-0.0050376723520457745,0.004218071699142456,-0.006064303684979677,-1.341190218925476,0.012789420783519745,-0.40070390701293945,0.5860460084291705,-0.3490314213332318,1.2447006645113066,0.586126130321553,-0.3490222693088144,1.247854251353218
1788650997.927032,265,Grasp and lift E_part006_44: lift,during,0.003153,1,0.727857,0.0483616 -0.0483616 -0.00560898 -0.216608 -0.00543842,8.62772 3.89939 -4.14477 -0.000813925 0.00077014,16.673462879727595,64.9865126023069,0.5924780345750006,-0.34843805433774794,1.2518354627490043,-0.004691462032496929,0.003991676494479179,-0.004341867286711931,-1.345847487449646,0.0016935761086642742,-0.3990287482738495,0.586059650239728,-0.34843106360470605,1.2463497067303957,0.586139892283605,-0.34842052279834024,1.2495021018693517
1788650998.324284,270,Grasp and lift E_part006_44: lift,during,0.003152,1,0.727926,-0.0302672 0.0302672 -0.0533256 0.142103 0.0732501,8.83888 4.06709 -4.12701 0.000412431 0.000742931,17.03413580355118,47.715164594352245,0.5924869156670721,-0.34798368813062514,1.2530385228991507,-0.004386130254715681,-0.02003536932170391,-0.011149813421070576,-0.15454916656017303,1.0136178731918335,-2.202216148376465,0.5860685116541614,-0.3479794570933175,1.2475541194098252,0.5861486146572394,-0.3479693384910828,1.2507055714525606
1788650998.718628,275,Grasp and lift E_part006_44: lift,during,0.003154,1,0.727857,0.0478278 -0.0478279 -0.00617789 -0.216116 -0.00494909,8.63136 3.90053 -4.14591 -0.000322104 0.000292542,16.678412678214954,29.43453402002342,0.5924907303643377,-0.3477073907852169,1.2537758323550223,-0.003908372484147549,0.0038913420867174864,-0.000980794196948409,-1.3556565046310425,0.006796938832849264,-0.3936632573604584,0.5860720678274739,-0.34769888619760725,1.24828948365444,0.5861525750586782,-0.34768926575717796,1.2514425113611927
1788650999.115310,280,Grasp and lift E_part006_44: lift,during,0.003156,1,0.727857,0.0517957 -0.0517957 -0.00156416 -0.215562 -0.00937336,8.63824 3.90261 -4.14888 0.00016848 2.8822e-05,16.689921509099804,10.095520530245267,0.5924884653878363,-0.3476141691207882,1.2540160390734671,-0.0034232381731271744,0.004115999676287174,0.0007096354966051877,-1.3701658248901367,0.020660581067204475,-0.3921282887458801,0.5860705608911925,-0.347604120334232,1.2485282163020148,0.5861503052938497,-0.3475957657313043,1.2516827332654346
1788650999.194150,280,Grasp and lift E_part006_44: lift,reached,0.003154,1,0.727857,0.0286651 -0.0286651 -0.0310261 -0.231406 0.017728,8.81073 3.98102 -4.22952 -0.00110743 -0.000210934,17.022594834372285,9.367472746758722,0.5924881077599676,-0.34761449694633445,1.2540152046084403,-0.003946971148252487,0.004026569426059723,-0.0008889441378414631,-1.2816970348358154,0.22687651216983795,-0.2179899364709854,0.5860698282725254,-0.3476055614429042,1.2485285960277777,0.586149989505351,-0.347595868992025,1.2516817869335775
1788650999.514791,285,Move held cable to port offset then insert: port-yaw--30,during,0.003154,1,0.727856,0.0502657 -0.0502657 -0.00391676 -0.216917 -0.00741973,8.63941 3.89697 -4.14174 0.000983542 -0.00113713,16.680231512757018,68.40996363665909,0.5925106383156927,-0.3480239510681709,1.2550361204147338,-0.004527528770267963,0.0064043039456009865,-0.007193318568170071,-1.3417067527770996,0.019415928050875664,-0.398340106010437,0.5860840169862928,-0.3480041581510491,1.2495595016685548,0.586168979566184,-0.34799563965599384,1.2527124399667664
1788650999.918349,290,Move held cable to port offset then insert: port-yaw--30,during,0.003154,1,0.727922,-0.0261874 0.0261874 -0.0529686 0.120766 0.0717764,8.85371 4.05789 -4.11543 0.00321832 -0.00228266,17.03253192221746,144.98608463443816,0.5925900317025335,-0.34951651097799147,1.2588676261901854,-0.005843122955411673,-0.01428038440644741,-0.025131745263934135,-0.19459983706474304,0.954364538192749,-2.328577995300293,0.5861312425487125,-0.34945857740247127,1.253429445515274,0.5862349163762686,-0.3494503047751142,1.2565817884916335
1788651000.318405,295,Move held cable to port offset then insert: port-yaw--30,during,0.003156,1,0.72792,-0.0261619 0.0261619 -0.0533844 0.122422 0.0718832,8.83523 4.04293 -4.10404 0.00390993 -0.00315124,16.989262270508334,214.7231244072318,0.5927270627808722,-0.35193812860234136,1.265376453399658,-0.007395464461296797,-0.01124836690723896,-0.03458322957158089,-0.17025619745254517,1.0396052598953247,-2.2164740562438965,0.5862174388700936,-0.35180496672457695,1.2599980951270118,0.5863515588855508,-0.3517994390839827,1.2631514492752158
1788651000.707194,300,Move held cable to port offset then insert: port-yaw--30,during,0.003159,1,0.727969,0.194312 -0.194312 0.103512 -0.650604 -0.0755263,8.33957 3.75074 -4.09465 0.00210712 -0.00378529,16.19085134519264,277.7743422985077,0.5929395533394964,-0.3550515474198615,1.2744507837295531,-0.006998720113188028,0.014628068543970585,-0.03329836204648018,-0.3316267728805542,0.24639850854873657,-0.24358491599559784,0.5863609546803512,-0.35481355507360274,1.2691459075593325,0.5865424486237937,-0.35479563623598853,1.2722993914413245
1788651001.096273,305,Move held cable to port offset then insert: port-yaw--30,during,0.003155,1,0.727957,0.23118 -0.23118 0.113097 -0.872383 -0.0786389,9.13617 4.20801 -4.1035 0.00142501 -0.00350894,17.452615847578272,335.2901895456016,0.5932215429139288,-0.35860478844551796,1.2859906005859374,-0.006758515723049641,0.014744751155376434,-0.03500109538435936,-0.5665362477302551,-0.2829873859882355,-0.5336480736732483,0.5865770694788573,-0.35822477700600974,1.280775215806532,0.586804377333239,-0.35820985569775377,1.28392155682364
1788651001.488857,310,Move held cable to port offset then insert: port-yaw--30,during,0.003152,1,0.727967,0.22672 -0.22672 0.11672 -0.789937 -0.0889337,9.11243 4.20119 -4.1005 0.0010776 -0.00236498,17.417566120857373,385.80527336522937,0.593579468805805,-0.3623028990259623,1.299901132583618,-0.008174370042979717,0.01571667194366455,-0.043766461312770844,-0.568779706954956,0.1991463601589203,-0.39349040389060974,0.5868747577950582,-0.36175577663202196,1.2947839610139602,0.5871453668217599,-0.3617464312200285,1.2979238609039006
1788651001.886097,315,Move held cable to port offset then insert: port-yaw--30,during,0.003159,1,0.727901,0.222856 -0.222856 0.14623 -0.521237 -0.130581,8.8061 3.95029 -4.21787 0.000131394 -0.000183051,16.974574297695654,425.28519419953227,0.5939998603654059,-0.36585855450539345,1.3160607862472533,-0.005278332624584436,0.00968021247535944,-0.041725821793079376,-1.5000231266021729,0.7620951533317566,-0.7899410724639893,0.5872501903752199,-0.3651107841882441,1.3110249032209704,0.5875597865234203,-0.3651078880282208,1.3141689942910988
1788651002.280735,320,Move held cable to port offset then insert: port-yaw--30,during,0.003151,1,0.727909,0.205898 -0.205898 0.114508 -0.576332 -0.101189,9.23105 4.30752 -4.09391 -0.0020006 0.00203972,17.63652523048222,457.27457270026207,0.5944606638741644,-0.3689877089491343,1.3342704820632934,-0.013615480624139309,0.0033480641432106495,-0.039081819355487823,-4.028718948364258,0.1637217253446579,-0.7139986753463745,0.587680917396433,-0.368016246257061,1.3293153227256111,0.58802981266542,-0.3680205323339383,1.3324468455365825
1788651002.671825,325,Move held cable to port offset then insert: port-yaw--30,during,0.003149,1,0.727938,0.236282 -0.236282 0.136733 -0.672251 -0.117287,8.74188 3.93194 -4.21371 -0.0053335 0.00443385,16.897294340189546,480.88355392962694,0.5949090696168097,-0.3714268800249552,1.35428560256958,-0.006661207880824804,-0.0004064659297000617,-0.031147625297307968,-1.3141987323760986,0.5579440593719482,-0.9551408886909485,0.5881322024271335,-0.37021136758902,1.3493858431329986,0.5885042283236235,-0.37022129964360273,1.3525131714683114
1788651003.054171,330,Move held cable to port offset then insert: port-yaw--30,during,0.003145,1,0.727916,0.12377 -0.12377 -0.0597169 -0.742186 0.0482603,9.30905 4.43377 -4.03151 -0.00925642 0.00675956,17.790355172473937,495.88411259278655,0.5953027582955511,-0.3729560073843455,1.375756983757019,-0.01251052413135767,0.006225772202014923,-0.05324554070830345,-8.402226448059082,2.6607301235198975,-0.7291434407234192,0.5885544977021503,-0.37148491560371255,1.3708938956249415,0.5889418161687798,-0.3714998154147501,1.3740149021679136
1788651003.437630,335,Move held cable to port offset then insert: port-yaw--30,during,0.003141,1,0.727904,0.174741 -0.174741 -0.0135086 -0.903023 0.001968,9.21418 4.3989 -3.98703 -0.0118245 0.00865376,17.62058661226183,501.79476895928383,0.5955740786385687,-0.37342691388039345,1.398261671066284,-0.01881471462547779,-0.00099415413569659,-0.03938719257712364,-6.574182510375977,2.1290907859802246,-1.390838384628296,0.5888920903616706,-0.37169008572760687,1.3933995569108892,0.5892788382417882,-0.371711387837521,1.3965170086924945
1788651003.823216,340,Move held cable to port offset then insert: port-yaw--30,during,0.003142,1,0.727913,0.12079 -0.12079 -0.0554458 -0.704809 0.0464539,9.14337 4.36585 -3.97162 -0.0128855 0.0102386,17.503966183401644,498.6736630573869,0.5956711746049078,-0.37276762690453286,1.421290760040283,-0.004351424518972635,0.012093800120055676,-0.04479235038161278,-9.0062255859375,3.4270732402801514,0.3122502565383911,0.5890903281609039,-0.37076961968646716,1.4163942848451643,0.5894612912247692,-0.3707933899411001,1.4195140594822702
1788651004.207023,345,Move held cable to port offset then insert: port-yaw--30,during,0.003144,1,0.727672,0.0683754 -0.0683754 0.0121956 -0.250433 -0.0163379,9.08061 4.3512 -3.87697 -0.011822 0.0112045,17.331806166097522,485.59024629741907,0.5955597139191778,-0.3709991868963694,1.4442412900924682,-3.2178270714666724e-08,-0.0011051096953451633,-0.024028299376368523,0.8733094334602356,0.24584625661373138,0.2593517005443573,0.5891067772688318,-0.3687632915178735,1.439283247357481,0.589448176518194,-0.36878398034171134,1.4424085602781955
1788651004.592436,350,Move held cable to port offset then insert: port-yaw--30,during,0.003119,1,0.727912,0.185958 -0.185958 0.105265 -0.497144 -0.0972072,8.82925 4.16128 -3.89872 -0.0123884 0.0115779,16.913216796703637,462.2817782536149,0.5952140069794806,-0.3682991262903666,1.4664593982696532,-0.002490587765350938,0.001781822764314711,-0.02380823716521263,-2.4239323139190674,1.7398344278335571,-1.1270705461502075,0.5889205956006525,-0.3658192275866264,1.4614269946373135,0.5892238425834564,-0.36584644802453137,1.4645308682884364
1788651004.964441,355,Move held cable to port offset then insert: port-yaw--30,during,0.003111,1,0.727902,0.180152 -0.180152 0.0779567 -0.593967 -0.0751604,8.81782 4.15856 -3.89015 -0.0128435 0.0112871,16.8906605578959,427.95097440108657,0.5946745253396185,-0.36488461460976357,1.4872858572006225,-0.002669912064447999,0.0030005560256540775,-0.0334235355257988,-3.8996191024780273,1.9929300546646118,-1.2196009159088135,0.5885407590829861,-0.3621932331042889,1.4821492802458216,0.5888106975926055,-0.362223599601905,1.4852483461363923
1788651005.339616,360,Move held cable to port offset then insert: port-yaw--30,during,0.003104,1,0.727877,-0.0628496 0.0628496 -0.112788 -0.0298541 0.10037,8.7393 4.16704 -3.7267 -0.0133126 0.0108399,16.65718844719231,375.41778825968504,0.5939779258561285,-0.3611013587942576,1.505974655151367,-0.008890733122825623,0.00236441008746624,-0.019746417179703712,-0.3237546980381012,0.30333173274993896,-2.052978754043579,0.5880098080319904,-0.35823249533416723,1.5007438562060367,0.5882279520680478,-0.35827318768943495,1.5038401346680312
1788651005.713639,365,Move held cable to port offset then insert: port-yaw--30,during,0.003105,1,0.727874,-0.0139847 0.0139847 -0.0696331 -0.0978158 0.0417859,7.49862 3.64193 -3.07137 -0.0109844 0.00939799,14.232299263589084,307.9779139216989,0.5932198739838751,-0.3573638793459391,1.5218558359146117,-0.002553344937041402,0.011519160121679306,-0.022177478298544884,-3.6962361335754395,2.13275146484375,-1.7677297592163086,0.5874063561840438,-0.3543506794276706,1.516530180069263,0.5875775575936846,-0.3543930963435679,1.5196297087481283
1788651006.088349,370,Move held cable to port offset then insert: port-yaw--30,during,0.003105,1,0.727846,0.0119377 -0.0119377 -0.0434195 -0.175247 0.0221865,7.17927 3.48632 -2.93911 -0.00828622 0.00707977,13.620061076246202,228.8154310658574,0.5925109959435614,-0.3541222812054908,1.5342431116104125,0.0030373933259397745,0.014295912347733974,-0.009850895963609219,0.9339150190353394,0.06700441241264343,-1.2589070796966553,0.5868236440433298,-0.35100558495133305,1.5288379450108214,0.5869583108938414,-0.3510435106831117,1.531939681805818
1788651006.464050,375,Move held cable to port offset then insert: port-yaw--30,during,0.003106,1,0.727852,-0.013623 0.013623 -0.0610601 -0.0744374 0.0361467,7.42763 3.60016 -3.03695 -0.00492693 0.00430797,14.07397293113172,138.29461399745196,0.5919688320946844,-0.35182526720745916,1.5424872684478759,0.0046646674163639545,0.01166252326220274,-0.00884517002850771,-2.9081194400787354,1.4362118244171143,-1.8584895133972168,0.5863720427871928,-0.3486368040040932,1.5370262903877454,0.5864793636094902,-0.34867482201225686,1.5401298633325768
1788651006.839470,380,Move held cable to port offset then insert: port-yaw--30,during,0.003107,1,0.7279,-0.100859 0.100859 -0.122015 0.198444 0.116529,8.91605 4.23646 -3.79166 -0.000618869 0.000915676,16.945698821218684,36.72503291256726,0.5917056775880011,-0.3508497177535897,1.5459638881683349,-0.00391181418672204,-0.0018242195947095752,-0.0035279204603284597,-0.7609251737594604,1.0238208770751953,-2.8818302154541016,0.5861468780170099,-0.3476305935263049,1.54047974610324,0.5862434779778859,-0.3476682424991622,1.5435849138766982
1788651006.986719,381,Move held cable to port offset then insert: port-yaw--30,reached,0.003109,1,0.727861,-0.0107513 0.0107513 -0.059256 -0.0822076 0.0351402,7.48337 3.62197 -3.05315 -0.000624342 0.000217685,14.159322194129345,10.353659358341247,0.5916775441956671,-0.3508587180549508,1.5460095453262328,0.0050657037645578384,0.013404956087470055,0.0018752210307866335,-1.8586599826812744,0.8660666346549988,-1.6285704374313354,0.5861215242232519,-0.3476367474406049,1.5405221574259818,0.5862173990243293,-0.3476747092613164,1.5436292447642193
1788651007.214488,385,Move held cable to port offset then insert: port-yaw--60,during,0.003109,1,0.727861,-0.0139204 0.0139205 -0.0609869 -0.0728058 0.0368629,7.49359 3.63343 -3.06397 -0.00250502 0.00164461,14.195130310370587,27.042884807335213,0.591693756659046,-0.35089176883047873,1.5456750440597533,0.0019502944778651,0.00956631451845169,0.0033500182908028364,-2.241023302078247,0.9633245468139648,-1.6712151765823364,0.5861365864981386,-0.34765413954354935,1.5401977955987864,0.5862363713937382,-0.34769574954914073,1.5433045304287307
1788651007.601604,390,Move held cable to port offset then insert: port-yaw--60,during,0.003102,1,0.727955,0.129771 -0.129771 0.0359533 -0.471048 -0.0407526,9.25514 4.50507 -3.75056 -0.00564017 0.00348317,17.519899140112102,53.96301075350493,0.5917193270516546,-0.3510916828090554,1.5443155813217162,-0.0033608805388212204,0.008697389625012875,0.011611812748014927,1.2994558811187744,-0.40078869462013245,-1.146500587463379,0.5861548004211056,-0.34779597791817224,1.5388830662146455,0.5862786686053667,-0.3478398941456206,1.54198276452335
1788651007.988989,395,Move held cable to port offset then insert: port-yaw--60,during,0.003104,1,0.727877,-0.00576165 0.00576166 -0.0629103 -0.15519 0.0395372,7.41079 3.61243 -3.04344 -0.00554928 0.00537378,14.077587510459125,74.21849760436453,0.5917307711434515,-0.35146528472250754,1.5421608734130858,-0.00979174766689539,-0.00019247438467573375,0.009542101994156837,1.1765636205673218,-0.08059214800596237,-1.2806782722473145,0.5861687860692133,-0.3480633478205803,1.5367942381755997,0.5863107515671162,-0.3481335487752092,1.5398937493703464
1788651008.377621,400,Move held cable to port offset then insert: port-yaw--60,during,0.003104,1,0.727883,0.0300069 -0.0300069 -0.0136572 -0.150876 -0.00195578,8.64743 4.1314 -3.71662 -0.00671361 0.00708499,16.509249811060727,93.28670594934374,0.5916980481934698,-0.35202029360516424,1.539480333328247,-0.01064973697066307,-0.0018797748489305377,0.019756002351641655,-0.26814696192741394,-0.6080911755561829,-0.837640643119812,0.5861437025497173,-0.3484792516688873,1.534197450082298,0.5863174048419781,-0.3485719984945427,1.5372951866490363
1788651008.765487,405,Move held cable to port offset then insert: port-yaw--60,during,0.003107,1,0.727875,-0.0017748 0.0017748 -0.0581673 -0.168855 0.0363351,7.36165 3.59862 -3.04048 -0.00863069 0.0082631,14.017635746859014,105.72427754756063,0.59162103899242,-0.3527309597848212,1.5365752029418944,-0.015387008897960186,-0.006703493185341358,0.012471063062548637,1.193544626235962,-0.10787561535835266,-1.3017346858978271,0.58608735563684,-0.34902612392325644,1.5313799880268675,0.5862967411834763,-0.3491437162677191,1.534477474445107
1788651009.154097,410,Move held cable to port offset then insert: port-yaw--60,during,0.003106,1,0.727913,-0.106509 0.106509 -0.110628 0.309543 0.111597,8.93332 4.28651 -3.83248 -0.00907229 0.00939711,17.070769611746073,117.67913037771359,0.5914773321938666,-0.3535934985993659,1.5337392139434813,-0.02796093374490738,-0.021351957693696022,0.006245999131351709,-0.296048641204834,1.2904541492462158,-1.773302435874939,0.5859858340376342,-0.34970320552131556,1.528637340543999,0.5862303742305297,-0.3498452549172437,1.531729977898126
1788651009.546687,415,Move held cable to port offset then insert: port-yaw--60,during,0.003106,1,0.727873,-0.00407914 0.00407913 -0.0560508 -0.15453 0.0367079,7.44435 3.64758 -3.07494 -0.0115885 0.0101972,14.188661803491414,122.43600921845064,0.5912936902833136,-0.35454496754391546,1.531246666908264,-0.018895698711276054,-0.011332117021083832,0.017924707382917404,1.0844171047210693,-0.3285692036151886,-1.3783787488937378,0.5858723450162369,-0.3504553626823168,1.5262256753410426,0.586147191366383,-0.3506209098043844,1.5293147642682725
1788651009.938385,420,Move held cable to port offset then insert: port-yaw--60,during,0.003104,1,0.727873,-0.00173598 0.00173598 -0.0544972 -0.164768 0.0353487,7.42101 3.63724 -3.06916 -0.0122466 0.0107806,14.150436415337026,125.4702199716121,0.5910747028184088,-0.3555340763559794,1.5293233442306517,-0.01936703734099865,-0.012222705408930779,0.018397854641079903,1.0768464803695679,-0.2878427803516388,-1.3986165523529053,0.5857538246476495,-0.351239466780886,1.524368423880638,0.5860520595255743,-0.35142409353868853,1.527453043813589
1788651010.330752,425,Move held cable to port offset then insert: port-yaw--60,during,0.003105,1,0.727871,-0.00205188 0.00205187 -0.054308 -0.163251 0.0355351,7.40984 3.63246 -3.06444 -0.0125147 0.011093,14.130339593626559,125.49908145610243,0.5908470726800116,-0.35647362437157387,1.5281341123580932,-0.019501786679029465,-0.012945742346346378,0.019464200362563133,1.031738042831421,-0.320491224527359,-1.4408549070358276,0.5856580023058277,-0.3519759248292871,1.523220389342783,0.585971160227786,-0.3521737670951962,1.5263028195861525
1788651010.718549,430,Move held cable to port offset then insert: port-yaw--60,during,0.003105,1,0.727872,-0.000769176 0.000769182 -0.0535983 -0.169973 0.0347552,7.38888 3.62119 -3.05613 -0.0126742 0.011117,14.08998342975974,122.95113733876497,0.5906307674241217,-0.35727271404175515,1.5277714776992797,-0.018789764493703842,-0.012582098133862019,0.01954074576497078,1.0434068441390991,-0.3178441524505615,-1.4325733184814453,0.5856043525209614,-0.35257815869481113,1.522871342269341,0.5859224581543823,-0.35278464436823553,1.5259532416085395
1788651011.105733,435,Move held cable to port offset then insert: port-yaw--60,during,0.003106,1,0.727872,-0.00182831 0.00182831 -0.0540694 -0.165438 0.0353709,7.38485 3.61792 -3.05141 -0.0124737 0.0108996,14.077553171664476,118.05892344890162,0.5904381848168524,-0.35784256424813027,1.5282516527175902,-0.01789003424346447,-0.012235437519848347,0.019814029335975647,1.0127111673355103,-0.3722742795944214,-1.4690738916397095,0.5856030572115892,-0.3529666387430869,1.5233362053979924,0.5859147768870063,-0.35317361806588976,1.5264195363721869
1788651011.496530,440,Move held cable to port offset then insert: port-yaw--60,during,0.003105,1,0.727872,0.000413799 -0.000413789 -0.0525719 -0.174071 0.0336775,7.36737 3.60635 -3.04323 -0.0121833 0.0104362,14.039573007263243,111.4238534080796,0.5902718878579291,-0.35811310973076577,1.5295149135589599,-0.015886183828115463,-0.010517832823097706,0.019119560718536377,1.0442641973495483,-0.38541844487190247,-1.4165340662002563,0.5856508419448836,-0.3530730452438501,1.5245595141905097,0.5859459000115441,-0.3532755691367725,1.5276438287907184
1788651011.886452,445,Move held cable to port offset then insert: port-yaw--60,during,0.003102,1,0.727872,-0.00137471 0.00137471 -0.0543274 -0.169072 0.0351025,7.35719 3.59825 -3.03398 -0.011502 0.00972933,14.01065510790795,103.47863887436688,0.5901259160828741,-0.35804295506386513,1.5314368057250975,-0.014232858084142208,-0.009129652753472328,0.018621351569890976,1.0358021259307861,-0.43047666549682617,-1.4493530988693237,0.5857346578638942,-0.3528630372861119,1.526420888848824,0.586004033101998,-0.35305318154763987,1.529505700082133
1788651012.278280,450,Move held cable to port offset then insert: port-yaw--60,during,0.003104,1,0.727873,0.00224445 -0.00224446 -0.0531582 -0.192334 0.0328489,7.22929 3.53 -2.9858 -0.00955612 0.00878583,13.76343005336821,93.7647906683851,0.589989004213825,-0.35763362016587014,1.5338407802581786,-0.010329041630029678,-0.00591149739921093,0.0164205189794302,1.1276651620864868,-0.43170323967933655,-1.1912308931350708,0.5858343754596432,-0.35233581846746964,1.5287446263579911,0.5860710983769697,-0.3525107339877433,1.5318350437064248
1788651012.671285,455,Move held cable to port offset then insert: port-yaw--60,during,0.003105,1,0.727874,-0.000396275 0.000396246 -0.0554373 -0.183054 0.034733,7.23436 3.52837 -2.98205 -0.00837939 0.00769133,13.760845299810171,83.88314266281668,0.5898479200196417,-0.3569327887526011,1.5365138101577758,-0.008055697195231915,-0.0039050825871527195,0.014688501134514809,1.1417056322097778,-0.49694204330444336,-1.209611177444458,0.5859268889797498,-0.35154182421420643,1.5313303396070728,0.5861265284669557,-0.35169791470530587,1.5344247274221958
1788651013.064281,460,Move held cable to port offset then insert: port-yaw--60,during,0.003106,1,0.727874,-0.00459321 0.00459321 -0.0584948 -0.163743 0.0375261,7.33968 3.57582 -3.01357 -0.00812122 0.00650252,13.943693498149514,72.77446775848512,0.5896979547333868,-0.3560322817793345,1.5392224836349486,-0.006236571352928877,-0.0019942729268223047,0.013475879095494747,1.0951565504074097,-0.5973192453384399,-1.3392175436019897,0.5859961771756745,-0.3505711210818965,1.5339503353591497,0.5861575800097434,-0.35070693532186026,1.5370491543962919
1788651013.450733,465,Move held cable to port offset then insert: port-yaw--60,during,0.003103,1,0.727875,-0.00816956 0.00816958 -0.064404 -0.16459 0.0416548,7.26371 3.53468 -2.97883 -0.00559107 0.00511227,13.787918821442872,60.040415908180876,0.5895442343545111,-0.3550590576051032,1.5417299318313598,-0.002931509865447879,0.0011219236766919494,0.010639124549925327,1.1137456893920898,-0.597965657711029,-1.2396665811538696,0.5860352277776891,-0.34954779868357544,1.5363814684015233,0.5861610189782867,-0.34966385231356456,1.5394799225789835
1788651013.841575,470,Move held cable to port offset then insert: port-yaw--60,during,0.003101,1,0.727874,-0.0101952 0.0101952 -0.0664797 -0.157925 0.0434294,7.28707 3.54172 -2.98079 -0.00408782 0.00367391,13.817339678760618,45.789139267551946,0.5893988586259039,-0.3541660310147559,1.5438118028640746,7.135623309295624e-05,0.00414199149236083,0.008219633251428604,1.094599962234497,-0.6382460594177246,-1.2708220481872559,0.5860452807286394,-0.34862109013987946,1.538400395561408,0.5861408249837119,-0.34872086315691975,1.5414983007910519
1788651014.231169,475,Move held cable to port offset then insert: port-yaw--60,during,0.003102,1,0.727876,-0.0115583 0.0115583 -0.0681279 -0.153334 0.0445214,7.30748 3.54713 -2.98142 -0.00251081 0.00214132,13.840688567841426,29.86691077030264,0.589284715731159,-0.3535067440388953,1.5452623414993285,0.0035216971300542355,0.007667230442166328,0.005300160031765699,1.072930932044983,-0.6565698385238647,-1.272373914718628,0.5860376104342657,-0.34794316464569974,1.539805389137747,0.5861116832404591,-0.34803030635689114,1.5429049227449205
1788651014.619083,480,Move held cable to port offset then insert: port-yaw--60,during,0.003101,1,0.727876,-0.0135371 0.0135371 -0.0698038 -0.143955 0.0459137,7.32988 3.55281 -2.98474 -0.000789223 0.000486676,13.868710162612842,12.61381145415362,0.589223680574909,-0.35321694625599737,1.545909171104431,0.007077481597661972,0.011286422610282898,0.0021105161868035793,1.0470480918884277,-0.6914941668510437,-1.3030288219451904,0.5860243315602125,-0.34764568277910934,1.5404325698508656,0.5860881395811434,-0.3477273551343939,1.5435322613355136
1788651014.776246,481,Move held cable to port offset then insert: port-yaw--60,reached,0.003104,1,0.727877,-0.0136124 0.0136124 -0.0699182 -0.145973 0.046114,7.33862 3.55576 -2.98562 -0.000277463 -1.69458e-05,13.880290470493492,8.577280957601033,0.5891854143929632,-0.3532427550671851,1.5459138202667235,0.00809647049754858,0.012358722276985645,0.0005167393246665597,1.0464595556259155,-0.6613847613334656,-1.2856097221374512,0.5859873934431203,-0.34766898708482175,1.5404348961882364,0.5860524154858056,-0.34775177129540696,1.5435367752268967
1788651015.011440,485,Move held cable to port offset then insert: port-yaw--90,during,0.003100,1,0.727877,-0.0132722 0.0132722 -0.0695732 -0.147575 0.0457823,7.33251 3.55522 -2.98522 -0.000777487 0.000514688,13.874248212145176,19.74393461283762,0.5891271806550177,-0.3533885778306281,1.5456993627548217,0.006262686103582382,0.011781537905335426,-0.0002920262631960213,1.044161319732666,-0.6410526633262634,-1.27803635597229,0.5859431211376128,-0.3478006832778899,1.5402314103783543,0.5860075046647237,-0.3478868274879392,1.5433297018217234
1788651015.399658,490,Move held cable to port offset then insert: port-yaw--90,during,0.003106,1,0.727878,-0.0127006 0.0127006 -0.0689734 -0.148928 0.0452154,7.32424 3.55445 -2.98495 -0.00147 0.00124118,13.86635339714121,36.420129221864045,0.5888631320786627,-0.3539657594083106,1.5448511886596679,0.0034889027010649443,0.010515768080949783,-0.0018309237202629447,1.0406643152236938,-0.6401183009147644,-1.2831699848175049,0.5857341755966723,-0.34831581961213415,1.539407899762408,0.5857994814701302,-0.3484199579462035,1.5425113042293424
1788651015.785979,495,Move held cable to port offset then insert: port-yaw--90,during,0.003101,1,0.72788,-0.0112662 0.0112662 -0.0671588 -0.151537 0.0437403,7.31454 3.55216 -2.98578 -0.00211973 0.00192324,13.856514795683324,50.80209453264251,0.5884122229409369,-0.3548780681012427,1.5434905338287352,0.00123676098883152,0.009380980394780636,-0.003231109818443656,1.0354349613189697,-0.6360956430435181,-1.2844657897949219,0.5853794540587584,-0.3491302019069169,1.5381014259295118,0.5854437463495328,-0.3492608785276491,1.5411987537179606
1788651016.169640,500,Move held cable to port offset then insert: port-yaw--90,during,0.003106,1,0.727881,-0.00875545 0.00875545 -0.062684 -0.149835 0.0403873,7.37409 3.58254 -3.01147 -0.00361719 0.00261892,13.974342137109488,63.212211199104786,0.5878024674248846,-0.3560124632349467,1.5417634296417235,-0.000731969194021076,0.008352336473762989,-0.003526693442836404,0.9597204327583313,-0.6714965105056763,-1.325914740562439,0.5849012149165905,-0.35013905423194897,1.536431739832044,0.5849647704419338,-0.3503037319373645,1.5395330057222623
1788651016.560765,505,Move held cable to port offset then insert: port-yaw--90,during,0.003103,1,0.72788,-0.00596494 0.00596496 -0.0615893 -0.166842 0.0389321,7.297 3.54724 -2.98721 -0.00339428 0.00318162,13.838027317775413,73.1640131669119,0.5870702839684637,-0.3572466966143107,1.539829258918762,-0.0014240304008126259,0.008063682354986668,-0.005667579360306263,1.0384892225265503,-0.592503547668457,-1.234966516494751,0.5843337138597315,-0.35123238901914433,1.5345718630163363,0.5843951393689122,-0.3514337933042442,1.5376680822635913
1788651016.948607,510,Move held cable to port offset then insert: port-yaw--90,during,0.003105,1,0.727883,-0.00302536 0.00302533 -0.0582201 -0.172972 0.0361993,7.28405 3.54244 -2.9858 -0.00400097 0.0037577,13.820043619722128,81.07545688468963,0.586254475195423,-0.3584645089140391,1.5378613519668578,-0.002266879891976714,0.007536417338997126,-0.006343895569443703,1.0319201946258545,-0.5895475149154663,-1.22323477268219,0.5837107692101776,-0.3523035012200397,1.5326758295151737,0.5837699135470742,-0.3525422516912867,1.5357707178863307
1788651017.338821,515,Move held cable to port offset then insert: port-yaw--90,during,0.003106,1,0.727883,4.64721e-05 -4.64674e-05 -0.0537856 -0.170496 0.0327799,7.36955 3.58505 -3.0201 -0.00561203 0.00432482,13.984636105131358,87.11033799080178,0.5854033804726751,-0.3595604595175242,1.5360330390930175,-0.003352066967636347,0.006836436688899994,-0.005830356851220131,0.9579027891159058,-0.5977516174316406,-1.334001898765564,0.5830770992104229,-0.35325836564165364,1.5309144773556849,0.5831326814719479,-0.3535306329663951,1.5340076882920601
1788651017.729300,520,Move held cable to port offset then insert: port-yaw--90,during,0.003105,1,0.727883,0.00187257 -0.00187257 -0.0515771 -0.171826 0.0308433,7.37973 3.59114 -3.02677 -0.00613903 0.00477643,14.008554157800972,90.96898405021057,0.5845734453988226,-0.3604463931551432,1.5345029878616332,-0.003650322323665023,0.006354143377393484,-0.005725453142076731,0.9074078798294067,-0.6260701417922974,-1.333046555519104,0.5824835426702742,-0.3540171086493916,1.529442574970665,0.5825345240338566,-0.3543164839238082,1.532532216302414
1788651018.119627,525,Move held cable to port offset then insert: port-yaw--90,during,0.003104,1,0.727883,0.0040907 -0.00409067 -0.049467 -0.174695 0.0290989,7.38079 3.59235 -3.02868 -0.00652239 0.00515438,14.013496377971023,93.01673802640289,0.5838243938279303,-0.36105784740357155,1.5334082889556884,-0.0036544757895171642,0.006015789695084095,-0.006007297895848751,0.863456666469574,-0.5228000283241272,-1.3593857288360596,0.5819830416017886,-0.3545218742589348,1.528389009948802,0.5820291342171726,-0.3548400850459599,1.5314760875557822
1788651018.506978,530,Move held cable to port offset then insert: port-yaw--90,during,0.003104,1,0.727882,0.00736689 -0.00736687 -0.0465484 -0.179833 0.0263226,7.38763 3.5957 -3.03394 -0.00685498 0.00542702,14.029548988677561,93.41338156443089,0.5832156515908392,-0.36135190691857094,1.5328514623641967,-0.003041848074644804,0.005858285818248987,-0.005743843037635088,0.7937929034233093,-0.4822700321674347,-1.3451653718948364,0.5816286934708859,-0.3547349401933838,1.5278515685399559,0.5816694480734181,-0.3550618539355236,1.530937979620945
1788651018.897468,535,Move held cable to port offset then insert: port-yaw--90,during,0.003103,1,0.727883,0.00730404 -0.00730406 -0.0469493 -0.180371 0.0263902,7.40294 3.60353 -3.03951 -0.00706959 0.00557272,14.058632539119571,92.11692184722051,0.5827999687981756,-0.36131119694618935,1.5328893709182738,-0.0025815493427217007,0.005565320141613483,-0.005588540341705084,0.7705211043357849,-0.5201765894889832,-1.3414828777313232,0.5814656929983268,-0.3546411981364404,1.5278869435064983,0.5815014571993325,-0.3549662826497723,1.530972900659089
1788651019.286361,540,Move held cable to port offset then insert: port-yaw--90,during,0.003104,1,0.727883,0.0110777 -0.0110777 -0.045883 -0.206173 0.0249399,7.30993 3.5569 -3.00853 -0.00614587 0.00556897,13.88706961274147,89.19118018075824,0.5826182342362555,-0.3609414395323252,1.533526186943054,-0.0010480332421138883,0.005308412481099367,-0.005897111725062132,0.8114907145500183,-0.5100885629653931,-1.3035528659820557,0.5815287903339259,-0.35424646985820185,1.528497082674454,0.5815595227438903,-0.3545594305852284,1.5315855633755744
1788651019.674728,545,Move held cable to port offset then insert: port-yaw--90,during,0.003105,1,0.727882,0.0110988 -0.0110987 -0.0446593 -0.190087 0.023563,7.43045 3.61502 -3.05166 -0.00704234 0.00547957,14.109646962489933,85.0012840499403,0.582687614042774,-0.3602735098829722,1.5347160148620604,-0.0009805966401472688,0.005106802098453045,-0.0041963206604123116,0.6633449196815491,-0.5719051957130432,-1.387481927871704,0.5818289440872654,-0.353579697145652,1.5296393925083835,0.581855048937066,-0.3538717533766545,1.5327307498837457
1788651020.064075,550,Move held cable to port offset then insert: port-yaw--90,during,0.003107,1,0.727883,0.00617581 -0.00617582 -0.0501458 -0.183293 0.0277898,7.45348 3.62527 -3.05997 -0.00674597 0.00520471,14.150669519789517,79.18079525715439,0.5830017305207403,-0.35935923423676247,1.5363574075698851,-0.001359409186989069,0.0045889802277088165,-0.0036997210700064898,0.6568454504013062,-0.7780429124832153,-1.5203582048416138,0.5823528562234317,-0.3526890147099442,1.531216932837202,0.5823758413459688,-0.35295267876003733,1.5343126000679201
1788651020.454123,555,Move held cable to port offset then insert: port-yaw--90,during,0.003104,1,0.727882,0.0107239 -0.0107239 -0.0460282 -0.186956 0.0237517,7.46946 3.63057 -3.06547 -0.00633189 0.0047808,14.176613335497677,71.85036175086861,0.5835214830231817,-0.3582748171320414,1.5383038568496703,0.0006196966860443354,0.004907619208097458,-0.002563901711255312,0.5824395418167114,-0.728321373462677,-1.4720745086669922,0.5830598888343732,-0.3516451751511355,1.533093769107389,0.5830790818587126,-0.35187557627133104,1.5361894004959382
1788651020.847281,560,Move held cable to port offset then insert: port-yaw--90,during,0.003102,1,0.727881,0.00672446 -0.00672448 -0.0516182 -0.191579 0.028341,7.40525 3.59715 -3.04149 -0.00467827 0.00416977,14.052740902639925,62.829778518585954,0.584181127626911,-0.3571146127214884,1.5403755950927733,0.001995747210457921,0.004991258028894663,-0.00389093067497015,0.7157166600227356,-0.7897497415542603,-1.4483864307403564,0.5838786076934513,-0.3505360241545106,1.5350922670733116,0.5838951812975279,-0.3507308866481558,1.5381885413273362
1788651021.239193,565,Move held cable to port offset then insert: port-yaw--90,during,0.003106,1,0.727881,0.00697455 -0.00697451 -0.0505445 -0.179232 0.0267423,7.52175 3.65125 -3.08077 -0.00491688 0.00344252,14.262120221974328,52.52421526610851,0.5848867870164068,-0.3559903797140574,1.5423711585998534,0.0034762707073241472,0.0054483660496771336,-0.0010617106454446912,0.5113325715065002,-0.8922916650772095,-1.4412288665771484,0.5847131331304565,-0.34946351463256486,1.5370125653812168,0.5847280720481305,-0.34962646332856595,1.5401145447975233
1788651021.626719,570,Move held cable to port offset then insert: port-yaw--90,during,0.003100,1,0.72788,0.00145827 -0.00145826 -0.057329 -0.170298 0.031764,7.47167 3.62465 -3.06072 -0.00290885 0.00253079,14.162482384359464,40.4081543663051,0.5855335570168646,-0.3550209702370917,1.5440788316726684,0.004592624027282,0.0058640227653086185,-0.0015836646780371666,0.5361917614936829,-0.9667583703994751,-1.4437745809555054,0.5854582178955083,-0.3485428572731434,1.5386664144803088,0.5854705707533964,-0.34867637051356826,1.5417638770004496
1788651022.017373,575,Move held cable to port offset then insert: port-yaw--90,during,0.003106,1,0.727879,0.000569604 -0.000569594 -0.0587753 -0.169604 0.0327999,7.50413 3.63685 -3.07016 -0.00183675 0.00149014,14.214470383478329,26.883966364781372,0.5860096193146856,-0.3543257118581092,1.5453006076812743,0.0068109771236777306,0.006673991680145264,-0.0008981840219348669,0.530046284198761,-0.9829251170158386,-1.4390798807144165,0.5859960605925195,-0.3478816878655923,1.5398403006091124,0.586009035972363,-0.34799603949277313,1.542944302212376
1788651022.410650,580,Move held cable to port offset then insert: port-yaw--90,during,0.003102,1,0.727878,-0.000450431 0.000450415 -0.0597325 -0.163594 0.0332306,7.53282 3.64726 -3.07702 -0.000570684 0.000301537,14.25796350472956,11.569303015596233,0.5862190700364264,-0.35400903238041753,1.5458624410629271,0.009581600315868855,0.00766783719882369,0.0005090025952085853,0.4612056314945221,-1.020301342010498,-1.363910436630249,0.5862348254097739,-0.34758117553942647,1.5403873920324476,0.5862453319392811,-0.3476863875384212,1.5434874883118217
1788651022.571085,581,Move held cable to port offset then insert: port-yaw--90,reached,0.003099,1,0.727878,-0.000821341 0.000821354 -0.0601914 -0.162507 0.0335658,7.53585 3.64787 -3.07799 -0.000302652 4.65171e-05,14.262056236719218,10.63963603193406,0.5862079835724981,-0.3540149630425727,1.5458785343170165,0.010063393041491508,0.008064567111432552,-0.000157485919771716,0.45747876167297363,-1.0243486166000366,-1.3762426376342773,0.5862258251400608,-0.34758766272155434,1.540405517600242,0.58623648097519,-0.3476924789645175,1.5435031793885217
1788651022.812076,585,Move held cable to port offset then insert: port-yaw--120,during,0.003104,1,0.727879,0.002495 -0.002495 -0.0551634 -0.16495 0.029835,7.57842 3.67113 -3.09646 -0.00203567 0.000986955,14.349041181849316,30.780448663397692,0.5863137818169745,-0.35411557568295354,1.5456727790832518,0.008994435891509056,0.009040839038789272,-0.0031331877689808607,0.39380204677581787,-0.9984591603279114,-1.4058371782302856,0.5863479026258361,-0.3476812595732348,1.5402033130174628,0.5863580444589085,-0.34779027809226165,1.5433051686289612
1788651023.210252,590,Move held cable to port offset then insert: port-yaw--120,during,0.003106,1,0.727888,0.0341146 -0.0341146 -0.0135839 -0.161756 -0.00458083,8.82828 4.19584 -3.77473 -0.00226188 0.00232867,16.803434402216226,61.882124214898795,0.5867056823563727,-0.35448151839955205,1.5448509502410888,0.00954681821167469,0.010388142429292202,-0.0035616743844002485,-0.5379441976547241,-0.29245883226394653,-0.9997529983520508,0.5868117595671879,-0.3480207568675713,1.5394132648654735,0.5868176177246269,-0.3481447608816568,1.542516447577076
1788651023.600949,595,Move held cable to port offset then insert: port-yaw--120,during,0.003105,1,0.727909,-0.0997684 0.0997684 -0.117989 0.216574 0.115007,8.97505 4.27809 -3.82826 -0.00246455 0.00355278,17.08741485979408,87.8189607821405,0.5873033977341803,-0.3550305367825782,1.5435377407073974,-0.012303372845053673,0.013127476908266544,-0.023513084277510643,0.8227425217628479,1.0103999376296997,-2.3657472133636475,0.5875258815014093,-0.3485297180787885,1.5381516597283504,0.5875255674907551,-0.34867837908800614,1.541253520648362
1788651023.990114,600,Move held cable to port offset then insert: port-yaw--120,during,0.003105,1,0.727912,-0.0999063 0.0999064 -0.115151 0.236773 0.112847,8.98425 4.28543 -3.83737 -0.00342599 0.00458129,17.115047694183886,109.48474606312811,0.5879916525674017,-0.3556788560381388,1.5418839502334594,-0.013757631182670593,0.01481099333614111,-0.028623228892683983,0.9629092812538147,0.9815686941146851,-2.2191386222839355,0.5883747150072609,-0.34913223293632945,1.5365632760614116,0.5883649490518373,-0.3493114225652887,1.5396628314254974
1788651024.384354,605,Move held cable to port offset then insert: port-yaw--120,during,0.003105,1,0.72791,-0.098359 0.098359 -0.115951 0.218914 0.112981,9.00612 4.29894 -3.84912 -0.00435148 0.00544048,17.163967482279986,127.00411786325276,0.5886623240304144,-0.35633853044419045,1.5400555181503295,-0.01522005908191204,0.01592441461980343,-0.031530510634183884,0.964971125125885,1.0985288619995117,-2.2683663368225098,0.5892421968597705,-0.3497490323553931,1.5348062249954588,0.5892211951663098,-0.3499608854245754,1.5379037200387984
1788651024.770616,610,Move held cable to port offset then insert: port-yaw--120,during,0.003106,1,0.727909,-0.0958376 0.0958376 -0.115481 0.198772 0.112357,9.02712 4.30981 -3.86477 -0.00512965 0.00614536,17.212983328383416,140.74615453742445,0.5892173028779181,-0.3569298085203623,1.5382244634628295,-0.01660454273223877,0.016793306916952133,-0.033662907779216766,0.9636117219924927,1.0611543655395508,-2.3142826557159424,0.5900236646471442,-0.35030805164476786,1.53304476179256,0.5899899895552161,-0.35055177448986347,1.536141061134888
1788651025.157860,615,Move held cable to port offset then insert: port-yaw--120,during,0.003103,1,0.727963,-0.0842386 0.0842385 -0.0941999 0.219123 0.0823011,8.54764 4.00406 -3.99598 -0.00552267 0.00644386,16.55964166065678,150.80488978885114,0.5895813084435614,-0.3573890623083567,1.536555652618408,0.005506186746060848,0.018748410046100616,-0.026558024808764458,1.0025157928466797,2.42490291595459,1.915352463722229,0.5906343109222043,-0.35075188387501055,1.5314401639627104,0.5905930613584498,-0.35102564769149114,1.5345307480506265
1788651025.547314,620,Move held cable to port offset then insert: port-yaw--120,during,0.003105,1,0.727926,-0.0992465 0.0992465 -0.0990741 0.347563 0.0963906,9.25564 4.42031 -3.96417 -0.00667218 0.00697693,17.653775334358215,157.49207586422563,0.5897022462678106,-0.3576692935457682,1.5351978588104247,-0.012755678966641426,0.020516222342848778,-0.039445240050554276,1.3142294883728027,0.7659422159194946,-0.7047374844551086,0.5910156898502741,-0.3510417766498859,1.5301302668656107,0.5909588444677458,-0.35133435071292507,1.5332214002795985
1788651025.942022,625,Move held cable to port offset then insert: port-yaw--120,during,0.003103,1,0.72796,-0.0988657 0.0988657 -0.1255 0.196669 0.110313,8.61319 4.03514 -4.03004 -0.00634524 0.00695627,16.69166960567236,160.07208028063178,0.5895666457009466,-0.35775375332741494,1.5342673110961913,0.003234916366636753,0.01894579641520977,-0.02571977488696575,1.3605996370315552,2.879950761795044,1.3413941860198975,0.591146402938197,-0.35115885911501926,1.5292324948762128,0.5910831972568401,-0.35146695791726307,1.532319696425688
1788651026.341051,630,Move held cable to port offset then insert: port-yaw--120,during,0.003104,1,0.727956,-0.107634 0.107634 -0.156035 0.103486 0.138558,8.641 4.04764 -4.04449 -0.0067954 0.00691641,16.746844168752432,159.56058545038104,0.5891836858582647,-0.3576387461653208,1.5338500785827636,0.002115099923685193,0.018200991675257683,-0.024238837882876396,1.439595341682434,3.3254754543304443,0.4422682523727417,0.5910249684752724,-0.35110415163797937,1.5288243366764425,0.5909547214416213,-0.35141581234185315,1.531912178779684
1788651026.736021,635,Move held cable to port offset then insert: port-yaw--120,during,0.003105,1,0.727908,-0.0889624 0.0889624 -0.111246 0.179236 0.106978,9.16122 4.37128 -3.93445 -0.00626007 0.00711662,17.480325679294765,156.10716478340328,0.5885903812241705,-0.3573426302900767,1.5339814472198485,-0.019509656354784966,0.018628928810358047,-0.03408537805080414,1.1706269979476929,0.9332866072654724,-2.2604568004608154,0.5906817479433333,-0.35089453327574793,1.5289462034065693,0.5906024617699155,-0.3511960684123101,1.532035107831209
1788651027.126332,640,Move held cable to port offset then insert: port-yaw--120,during,0.003107,1,0.727912,-0.0913528 0.0913528 -0.108967 0.218168 0.105577,9.18651 4.38198 -3.94421 -0.00587392 0.0068636,17.525435694493353,149.91347663104534,0.5878406740021856,-0.35690063204674477,1.5346543836593627,-0.019082896411418915,0.018795272335410118,-0.0336223803460598,1.345372200012207,0.822333574295044,-2.0949602127075195,0.5901638819874894,-0.35055689816760743,1.5295848932916551,0.5900832555931472,-0.35084427098181015,1.5326774551036046
1788651027.514437,645,Move held cable to port offset then insert: port-yaw--120,during,0.003105,1,0.727911,-0.0911159 0.0911159 -0.108985 0.217623 0.105497,9.20228 4.38785 -3.9493 -0.00547837 0.00644938,17.55136074637994,140.94525322690606,0.5869969106507452,-0.3563521501055216,1.5358115482330321,-0.018647311255335808,0.018261021003127098,-0.031052621081471443,1.3379429578781128,0.7669962644577026,-2.1258695125579834,0.5895288350881738,-0.3501290335469534,1.5306955630386336,0.5894499793244962,-0.3503936125775873,1.5337878850531514
1788651027.904129,650,Move held cable to port offset then insert: port-yaw--120,during,0.003106,1,0.727932,-0.0799235 0.0799235 -0.0810621 0.302093 0.0725701,9.42451 4.48922 -4.04915 -0.00384907 0.00603805,17.972775356844068,129.60459851287305,0.5861232257676275,-0.3557440933218455,1.5373556661605834,-0.0009866906329989433,0.014793476089835167,-0.0302236620336771,1.29375159740448,0.49656981229782104,0.9741857647895813,0.5888363273167612,-0.3496486185375023,1.5321761904902178,0.5887636196546047,-0.34988723279112116,1.5352718156619138
1788651028.292348,655,Move held cable to port offset then insert: port-yaw--120,during,0.003105,1,0.72791,-0.0922799 0.0922799 -0.108281 0.238016 0.104977,9.23662 4.39978 -3.95997 -0.00421976 0.00525764,17.605840706732124,115.77809978090227,0.5852780319047125,-0.3551200629590308,1.539147024154663,-0.01684819906949997,0.016902802512049675,-0.025559725239872932,1.3405470848083496,0.5683399438858032,-2.118518352508545,0.5881451286209819,-0.3491549706456922,1.5339021579975356,0.5880778982004267,-0.3493611344174273,1.536999369891432
1788651028.680402,660,Move held cable to port offset then insert: port-yaw--120,during,0.003106,1,0.727912,-0.0950888 0.0950888 -0.108066 0.266007 0.105063,9.24804 4.40324 -3.96057 -0.00336958 0.00450834,17.61973556992598,99.97407338395715,0.5845122910332831,-0.3545257450459754,1.5410275506973266,-0.015361855737864971,0.016266698017716408,-0.022610146552324295,1.3864072561264038,0.5088663101196289,-2.034059524536133,0.5875044021028504,-0.34868322170859267,1.5357136020805167,0.5874447637004422,-0.34885858548337767,1.538813767825415
1788651029.069341,665,Move held cable to port offset then insert: port-yaw--120,during,0.003105,1,0.727914,-0.0963322 0.0963322 -0.106532 0.288569 0.103682,9.25453 4.40358 -3.96028 -0.00234486 0.00364887,17.624385002767667,82.0998055441305,0.5838639117074164,-0.3539991678117072,1.5428185510635375,-0.012906370684504509,0.015235897153615952,-0.01907196082174778,1.3631510734558105,0.3975639343261719,-1.841788649559021,0.5869530508586955,-0.3482657157354393,1.5374423835038797,0.5869011567742177,-0.3484119934351174,1.5405435668997867
1788651029.455765,670,Move held cable to port offset then insert: port-yaw--120,during,0.003105,1,0.727888,0.0157739 -0.0157739 -0.0299439 -0.0860491 0.0141902,9.11636 4.32899 -3.90564 -0.00235492 0.0027057,17.35605378332548,62.09946586936712,0.5833590603661688,-0.3535729647992408,1.5443385887145995,-0.004224802367389202,0.00737281609326601,-0.005198779981583357,-0.031037090346217155,0.009857648983597755,-2.1539742946624756,0.5865203679966833,-0.3479279181769218,1.5389114181239543,0.5864742746820575,-0.34804955192884324,1.5420138783918376
1788651029.844669,675,Move held cable to port offset then insert: port-yaw--120,during,0.003106,1,0.727886,0.0153341 -0.0153341 -0.0310388 -0.087487 0.0150461,9.13393 4.33373 -3.91058 -0.00126448 0.00163717,17.381136987241916,40.10978130158037,0.5830217576813849,-0.35327801121456975,1.545418267250061,-0.002189112128689885,0.006190625950694084,-0.0011158707784488797,-0.07805167138576508,-0.08538544178009033,-2.171055793762207,0.5862274639681472,-0.34769262988622046,1.5399540861787164,0.5861862293037139,-0.34779768821316315,1.5430583716576085
1788651030.235113,680,Move held cable to port offset then insert: port-yaw--120,during,0.003106,1,0.727887,0.0163457 -0.0163457 -0.0313448 -0.0930707 0.0147699,9.14864 4.33694 -3.91333 -7.42589e-05 0.000457829,17.399440464476356,15.891457812627777,0.5828668452096136,-0.35313758267147893,1.5459090518951415,0.0003187364200130105,0.004869318101555109,0.003454412566497922,-0.1552055925130844,-0.20700423419475555,-2.164989948272705,0.5860913852793366,-0.34757842197732375,1.5404294048379428,0.5860521215257048,-0.34767609756405937,1.5435335260023906
1788651030.395736,681,Move held cable to port offset then insert: port-yaw--120,reached,0.003107,1,0.727887,0.0121892 -0.0121892 -0.0348968 -0.0808102 0.0184403,9.15417 4.33954 -3.91539 7.17688e-05 0.000353006,17.409526022762293,13.81613764015492,0.5828613019776495,-0.353133589160279,1.5459053564071654,0.0001591357431607321,0.005180679727345705,0.002695083385333419,-0.10081329196691513,-0.23023580014705658,-2.2410929203033447,0.5860874809000172,-0.34757589785104237,1.5404247044066168,0.5860480362930541,-0.34767302214179474,1.5435296753900223
1788651030.640520,685,Move held cable to port offset then insert: port-yaw--150,during,0.003105,1,0.727887,0.0159896 -0.0159896 -0.0314445 -0.0919522 0.0149147,9.13569 4.33606 -3.91151 -0.00134964 0.00176299,17.386375019093975,41.898266104166396,0.5829755640816839,-0.35322928441746587,1.545756583213806,-0.00023123674327507615,0.0065115164034068584,-0.002102012513205409,-0.13325954973697662,-0.18411341309547424,-2.1547791957855225,0.5862150578997515,-0.3476747381271069,1.5402816324785653,0.586174111476694,-0.3477738327339378,1.5433850289668802
1788651031.031716,690,Move held cable to port offset then insert: port-yaw--150,during,0.003105,1,0.727888,0.0162339 -0.0162339 -0.0302086 -0.0902316 0.0141808,9.10776 4.33054 -3.90585 -0.00340848 0.00384332,17.351411164272577,83.771465360187,0.5833995915246161,-0.3535556496499335,1.54519296169281,-0.00195985846221447,0.00907517783343792,-0.010098857805132866,-0.10415105521678925,-0.14487691223621368,-2.1396167278289795,0.5866936874155625,-0.34801612418682537,1.5397360033015892,0.5866469256155146,-0.34812171061669883,1.5428383797892176
1788651031.421764,695,Move held cable to port offset then insert: port-yaw--150,during,0.003104,1,0.727912,-0.0966174 0.0966175 -0.1096 0.267551 0.106438,9.23744 4.40571 -3.9571 -0.00436667 0.00564591,17.61026901891455,120.62638167664409,0.5840456462693365,-0.35404506338818426,1.544300799369812,-0.011140473186969757,0.018336975947022438,-0.02673136256635189,1.330305576324463,0.37351298332214355,-2.097256660461426,0.5874290389286583,-0.3485319720071528,1.538871488633899,0.5873739379095645,-0.3486487102582948,1.5419729729779466
1788651031.813404,700,Move held cable to port offset then insert: port-yaw--150,during,0.003104,1,0.727913,-0.0955912 0.0955912 -0.109302 0.25734 0.106399,9.20569 4.39571 -3.94993 -0.00598169 0.00721857,17.564535124693066,152.2975427834317,0.5848086453271063,-0.3546291591046607,1.543167357444763,-0.012411496601998806,0.02033267356455326,-0.03255477547645569,1.3450994491577148,0.3417135775089264,-2.1331794261932373,0.5883147840764739,-0.3491577140283254,1.5377733392643445,0.5882479006435826,-0.34928774776290816,1.5408743734060413
1788651032.208099,705,Move held cable to port offset then insert: port-yaw--150,during,0.003105,1,0.727913,-0.0946935 0.0946934 -0.109034 0.249325 0.105993,9.17873 4.38773 -3.94206 -0.007319 0.00852223,17.52436683839187,178.59140374697745,0.5855855918717535,-0.3552375735162055,1.5418975400924682,-0.013194717466831207,0.021980488672852516,-0.03747796639800072,1.4010307788848877,0.3884912133216858,-2.134469747543335,0.5892416792603524,-0.3498252053880258,1.5365425923381049,0.5891606198329131,-0.3499692612430969,1.5396434351868595
1788651032.597992,710,Move held cable to port offset then insert: port-yaw--150,during,0.003103,1,0.72793,-0.0971633 0.0971634 -0.0928556 0.357629 0.0887672,9.32549 4.46118 -4.00599 -0.00870434 0.00950349,17.810864731669426,199.8470930121839,0.5862787342858465,-0.3558017310133433,1.5405976819992064,-0.0033904584124684334,0.019309166818857193,-0.043252769857645035,1.60554039478302,0.38630247116088867,-0.15570031106472015,0.5901049058450161,-0.350467296268229,1.5352841885633648,0.5900091457737915,-0.35062559533645044,1.5383821509927538
1788651032.987008,715,Move held cable to port offset then insert: port-yaw--150,during,0.003104,1,0.727818,0.0348843 -0.0348843 -0.00481234 -0.156885 -0.0104875,9.15074 4.36552 -3.9935 -0.0111882 0.0102098,17.531166742555797,215.62909963540733,0.586800334532276,-0.3562539216509318,1.5393787670135497,0.0005233118426986039,0.009825055487453938,-0.021982776001095772,-0.39354023337364197,1.8709261417388916,-0.5516325831413269,0.5908178577136082,-0.3510239558442315,1.53410244715315,0.5907034144427586,-0.3511907090718339,1.5372000578436973
1788651033.379567,720,Move held cable to port offset then insert: port-yaw--150,during,0.003104,1,0.727819,0.0331088 -0.0331088 -0.00525018 -0.149326 -0.00958502,9.11798 4.35212 -3.97991 -0.0117244 0.0107554,17.472490398213267,226.64281865768135,0.5871033645463141,-0.3565520342817759,1.5383433151245116,-0.00048367949784733355,0.010325007140636444,-0.023912766948342323,-0.2954219579696655,1.875160813331604,-0.5883564949035645,0.5913157016913508,-0.3514449518986211,1.5330983775688578,0.5911878448601293,-0.35162078163267185,1.536194665331663
1788651033.766908,725,Move held cable to port offset then insert: port-yaw--150,during,0.003105,1,0.727817,0.0329495 -0.0329495 -0.00475677 -0.146008 -0.00984313,9.09328 4.34127 -3.96926 -0.0120145 0.0110427,17.426863885484636,232.56795803271234,0.5871508098435553,-0.3566579219332194,1.5375841903686522,-0.0010165285784751177,0.010302883572876453,-0.024551518261432648,-0.2135888934135437,1.892741322517395,-0.6084501147270203,0.5915607648451174,-0.3516975460652648,1.5323605720757933,0.591421481975037,-0.35187751351592267,1.5354567545964672
1788651034.154941,730,Move held cable to port offset then insert: port-yaw--150,during,0.003104,1,0.727819,0.0333162 -0.0333162 -0.00417997 -0.149068 -0.00968269,9.05714 4.32373 -3.95459 -0.0120696 0.0110937,17.358622756786644,233.7785810008645,0.5869396901917608,-0.35655599799065346,1.537170534133911,-0.0010726243490353227,0.009812859818339348,-0.023973075672984123,-0.15152670443058014,1.921391487121582,-0.611072301864624,0.5915431913820672,-0.35176294190062835,1.531958109669345,0.5913959519402976,-0.3519433134657942,1.5350535077386578
1788651034.543887,735,Move held cable to port offset then insert: port-yaw--150,during,0.003104,1,0.727817,0.0351281 -0.0351281 -0.0010679 -0.141713 -0.0125843,9.03088 4.31069 -3.94141 -0.0118596 0.0109063,17.305740846320987,230.34182488173246,0.5864895559144171,-0.3562471267214274,1.537147169113159,-0.0011432516621425748,0.009067418053746223,-0.02343674935400486,-0.017415247857570648,1.882218360900879,-0.667186439037323,0.5912774867329579,-0.35164024325742793,1.5319332802710999,0.591125339548076,-0.35181574981557695,1.535028363582738
1788651034.936716,740,Move held cable to port offset then insert: port-yaw--150,during,0.003104,1,0.72792,-0.100241 0.100241 -0.107481 0.285183 0.106567,9.05191 4.33206 -3.89269 -0.0104476 0.0105638,17.29766584932804,222.6715928968042,0.5858450508904608,-0.3557554778089976,1.5375243473052977,-0.010809733532369137,0.02368897572159767,-0.044163305312395096,1.7416194677352905,0.0672077089548111,-2.0762851238250732,0.590799010206434,-0.35134407811722773,1.5322975299173047,0.5906492565748056,-0.35151345181792737,1.5353932088092956
1788651035.327835,745,Move held cable to port offset then insert: port-yaw--150,during,0.003103,1,0.727907,-0.0818787 0.0818787 -0.109639 0.117067 0.103639,8.93234 4.27376 -3.84141 -0.00949556 0.00989644,17.066905478946865,210.60582390613854,0.5850542164635809,-0.35510733736737127,1.5382804918289184,-0.009085756726562977,0.020195938646793365,-0.035119298845529556,1.3933135271072388,0.5756734013557434,-2.307596206665039,0.5901596866571559,-0.3509038587306626,1.5330296627592614,0.5900136271313048,-0.3510604797762622,1.5361254703622742
1788651035.715285,750,Move held cable to port offset then insert: port-yaw--150,during,0.003103,1,0.727907,-0.0824553 0.0824553 -0.110567 0.115717 0.104378,8.90939 4.26072 -3.82646 -0.00867097 0.00908,17.01432704180479,194.60579523444176,0.5841833329987677,-0.35435262335522527,1.5393567132949828,-0.007767134346067905,0.018715085461735725,-0.03144256770610809,1.3939485549926758,0.5494471788406372,-2.3293793201446533,0.5894184626272507,-0.3503574501022695,1.5340714721364963,0.5892796805006597,-0.3504983098257927,1.5371684634435403
1788651036.108067,755,Move held cable to port offset then insert: port-yaw--150,during,0.003104,1,0.727921,-0.0966451 0.0966451 -0.102522 0.293286 0.101658,9.04168 4.32016 -3.8764 -0.00836356 0.00809602,17.254703638143837,174.87152501754463,0.5832977271866949,-0.35354614270909185,1.5406606245040892,-0.0050759282894432545,0.01821678690612316,-0.033933285623788834,1.6875932216644287,-0.13088585436344147,-1.6855467557907104,0.5886391264682505,-0.3497501873330082,1.5353332927126926,0.5885107315356048,-0.3498750495446171,1.5384324888054524
1788651036.502450,760,Move held cable to port offset then insert: port-yaw--150,during,0.003104,1,0.727918,-0.0986767 0.0986767 -0.106472 0.285315 0.105396,9.03391 4.31361 -3.86658 -0.00724647 0.00691367,17.22826216556132,151.20879411697388,0.5824574805092962,-0.3527470232365882,1.5420699167251586,-0.004400334320962429,0.016913453117012978,-0.028969816863536835,1.6781177520751953,-0.10634554177522659,-1.9303876161575317,0.5878838964690171,-0.34913588170460763,1.5367004509296285,0.587767037901692,-0.34924330358472677,1.5398006708254017
1788651036.895166,765,Move held cable to port offset then insert: port-yaw--150,during,0.003104,1,0.727907,-0.0896538 0.0896538 -0.11277 0.168062 0.108132,8.89519 4.24332 -3.80479 -0.00483965 0.00558182,16.953723387327045,123.96434808056802,0.5817180848908575,-0.35201472057087774,1.543443922996521,-0.004090983420610428,0.014344233088195324,-0.019878916442394257,1.4513813257217407,0.231609508395195,-2.453880786895752,0.58720825194181,-0.3485638411874743,1.5380347389103168,0.5871037883286045,-0.34865554206335114,1.5411358835057933
1788651037.292755,770,Move held cable to port offset then insert: port-yaw--150,during,0.003105,1,0.727887,0.0323205 -0.0323205 -0.0122246 -0.149807 -0.00460285,8.7499 4.16259 -3.74557 -0.00395188 0.00415753,16.666163046378642,92.9419540381059,0.5811251974892767,-0.35140305747336203,1.5446362543106078,0.006257731933146715,-0.002964361570775509,-0.0007978259236551821,-0.22216516733169556,0.6434457898139954,-1.0769824981689453,0.5866609569776893,-0.34808139169004215,1.5391919782288987,0.5865664974968801,-0.3481588001519783,1.5422944650981782
1788651037.678819,775,Move held cable to port offset then insert: port-yaw--150,during,0.003105,1,0.727886,0.0335503 -0.0335503 -0.0118618 -0.155307 -0.00537097,8.7648 4.16378 -3.74761 -0.0022233 0.00247675,16.680890907533467,58.305295057594776,0.580719647486225,-0.35096797336882407,1.5454999256134032,0.007842110469937325,-0.005983100272715092,0.00534195639193058,-0.29776495695114136,0.5941919088363647,-1.0233105421066284,0.5862826009800269,-0.3477326595188849,1.540031568961813,0.5861958464201005,-0.3478005134674229,1.5431344719433464
1788651038.068208,780,Move held cable to port offset then insert: port-yaw--150,during,0.003105,1,0.727885,0.0327047 -0.0327047 -0.0139165 -0.158168 -0.00364394,8.78295 4.16594 -3.75074 -0.000335114 0.000608476,16.70056741288863,19.837714412280548,0.5805329061341437,-0.35075169791525657,1.5459083366394042,0.009151624515652657,-0.008577628992497921,0.011660897172987461,-0.3692872226238251,0.5106183290481567,-1.048004150390625,0.5861071229294367,-0.34755405682575446,1.5404288308465195,0.5860238082294772,-0.3476177100462956,1.5435324068693532
1788651038.223336,781,Move held cable to port offset then insert: port-yaw--150,reached,0.003104,1,0.727885,0.0309706 -0.0309706 -0.0160061 -0.155882 -0.00152145,8.79167 4.16893 -3.75331 6.09369e-05 0.000222201,16.714198008645326,12.242575359530747,0.5805147267174872,-0.3507151006633645,1.545905475616455,0.009391536004841328,-0.008720326237380505,0.01173932384699583,-0.37281787395477295,0.46561577916145325,-1.1196240186691284,0.5860900553700665,-0.34751923915970484,1.5404274596063587,0.586006875661855,-0.3475831637446294,1.5435297232797223
1788651038.455870,785,Move held cable to port offset then insert: port-yaw--180,during,0.003105,1,0.727885,0.0317686 -0.0317686 -0.0145142 -0.15549 -0.00279439,8.77754 4.16702 -3.75033 -0.00118768 0.00148755,16.69756787107326,34.963023305055685,0.5804820037675055,-0.3507504462177163,1.545824770927429,0.009497490711510181,-0.007215532939881086,0.00812514964491129,-0.34743183851242065,0.5080798268318176,-1.0768333673477173,0.5860656763884523,-0.347565503002307,1.5403473900628597,0.5859815926473362,-0.34763009172446013,1.543450989546424
1788651038.841790,790,Move held cable to port offset then insert: port-yaw--180,during,0.003105,1,0.727887,0.0330382 -0.0330382 -0.0123935 -0.155863 -0.00461916,8.75137 4.16094 -3.7451 -0.00298792 0.00328565,16.663674887502566,68.60892292950302,0.5803313232255133,-0.3508310913020974,1.5455417680740355,0.009491068311035633,-0.004940184764564037,0.00263523543253541,-0.3258829712867737,0.5592260956764221,-1.0299843549728394,0.5859498449793022,-0.3476929021551109,1.5400736411577252,0.5858615507447817,-0.34775891541141585,1.5431763406417542
1788651039.239640,795,Move held cable to port offset then insert: port-yaw--180,during,0.003105,1,0.727907,-0.0945293 0.0945293 -0.115643 0.189437 0.111667,8.88996 4.24052 -3.79711 -0.00384831 0.00484352,16.93628339166753,98.5649878140539,0.5800794936013373,-0.35092586268729026,1.5451077270507811,0.0006703499238938093,0.013973635621368885,-0.016202609986066818,1.2434161901474,-0.04337659850716591,-2.439298391342163,0.5857533222905137,-0.3478642783492372,1.5396524708471104,0.5856596076620741,-0.3479346378758008,1.5427557429411736
1788651039.635752,800,Move held cable to port offset then insert: port-yaw--180,during,0.003105,1,0.727887,0.0327566 -0.0327566 -0.0101325 -0.148601 -0.0063752,8.70347 4.14937 -3.73235 -0.00598996 0.00630335,16.59748837677762,124.39443161617965,0.5797477341485174,-0.3510097562248116,1.544573550224304,0.009469415992498398,-0.0015155695145949721,-0.0062499456107616425,-0.21614140272140503,0.6843370795249939,-0.9211574792861938,0.5854972619442566,-0.34806029153569373,1.5391358561452113,0.5853943158845074,-0.3481322297156147,1.5422384091272396
1788651040.025048,805,Move held cable to port offset then insert: port-yaw--180,during,0.003105,1,0.727905,-0.0902669 0.0902669 -0.116238 0.140752 0.11083,8.83811 4.22499 -3.78297 -0.00667956 0.00745399,16.860202406998724,146.50294905900955,0.57936757572414,-0.35106658925360495,1.5439935970306395,0.0016022789059206843,0.015884561464190483,-0.022263409569859505,1.2415516376495361,0.08401980251073837,-2.3885228633880615,0.5852032536395159,-0.34825386545687437,1.5385753228787498,0.5850913089713699,-0.348329785466475,1.541677196633287
1788651040.414881,810,Move held cable to port offset then insert: port-yaw--180,during,0.003105,1,0.727906,-0.0909524 0.0909524 -0.116099 0.144213 0.111002,8.81589 4.21814 -3.77618 -0.00767219 0.00848213,16.82636407390237,164.73491003923118,0.5789664960694464,-0.3510725497180825,1.543423180580139,0.0019512464059516788,0.017080135643482208,-0.025174029171466827,1.3200533390045166,0.06842900067567825,-2.377403497695923,0.5848965514801017,-0.34842518724606547,1.5380232995101477,0.584774613254376,-0.3485032014909172,1.5411251047525742
1788651040.814910,815,Move held cable to port offset then insert: port-yaw--180,during,0.003104,1,0.727879,0.0144096 -0.0144096 -0.0382786 -0.175684 0.0190592,7.4599 3.64246 -3.07325 -0.0108154 0.00927963,14.195703455246985,177.44267517328262,0.5785772777390631,-0.3510178624565011,1.542915825843811,0.009465806186199188,0.002240952104330063,-0.020751342177391052,-0.3682261109352112,-0.4553104341030121,-1.3452532291412354,0.5846029308631816,-0.348561128230043,1.537532309115846,0.5844715327102668,-0.3486388405159614,1.540632201313285
1788651041.204754,820,Move held cable to port offset then insert: port-yaw--180,during,0.003105,1,0.727904,-0.0881324 0.0881324 -0.11679 0.109081 0.110602,8.7712 4.2015 -3.76095 -0.0092336 0.0098998,16.752788374200463,189.27931753359735,0.5782269812417181,-0.3508838414127236,1.5425082492828368,0.003128116950392723,0.017172371968626976,-0.02712079882621765,1.2737963199615479,0.11693679541349411,-2.3420474529266357,0.5843468196109693,-0.348637085459358,1.5371388720459218,0.5842076859984362,-0.3487153268094131,1.5402398482857138
1788651041.600741,825,Move held cable to port offset then insert: port-yaw--180,during,0.003104,1,0.727877,0.0150974 -0.0150974 -0.0379554 -0.179652 0.0190309,7.39542 3.61325 -3.0509 -0.0114985 0.0103137,14.081388254649937,194.19117007404566,0.5779464817834051,-0.350682854550541,1.542243604660034,0.009185737930238247,0.0023630671203136444,-0.024119587615132332,-0.23232588171958923,-0.43765902519226074,-1.407261610031128,0.5841526256736493,-0.3486649551309801,1.5368823105029414,0.5840067065992323,-0.3487398551777608,1.5399818892326302
1788651041.988537,830,Move held cable to port offset then insert: port-yaw--180,during,0.003104,1,0.727878,0.0147081 -0.0147081 -0.0401618 -0.196268 0.0204814,7.31196 3.57365 -3.01987 -0.0108048 0.0104541,13.926739560440183,196.82543112151325,0.5777560449433478,-0.35041049112623984,1.5421351242065429,0.009432620368897915,0.0009174985461868346,-0.025305455550551414,-0.34998413920402527,-0.6394203901290894,-1.2554738521575928,0.5840385857003425,-0.34863305688564944,1.5367779175197231,0.5838884505699025,-0.34870412385008354,1.5398770630900516
1788651042.377850,835,Move held cable to port offset then insert: port-yaw--180,during,0.003103,1,0.727878,0.0139852 -0.0139852 -0.0400747 -0.188485 0.0206172,7.30393 3.56974 -3.01492 -0.0107201 0.0104208,13.909728126600385,195.6091260202229,0.5776718831849249,-0.35008200992888266,1.5421949672698974,0.009583141654729843,-0.00029388433904387057,-0.024967925623059273,-0.25246211886405945,-0.5519051551818848,-1.1896077394485474,0.5840173064762151,-0.34855305081212734,1.5368361610011732,0.5838659837612958,-0.3486185580187082,1.5399348003265156
1788651042.767767,840,Move held cable to port offset then insert: port-yaw--180,during,0.003105,1,0.727914,-0.101122 0.101122 -0.114196 0.238172 0.113301,8.86536 4.24794 -3.79649 -0.0106933 0.0101572,16.930646995082498,192.42667623236775,0.5777003742051275,-0.349708676236332,1.5424163389205932,0.005325157195329666,0.017946168780326843,-0.030302096158266068,1.2582716941833496,-0.526525616645813,-2.2750866413116455,0.5840945535346326,-0.34842732721621317,1.537049029294883,0.5839447275691776,-0.348488681070326,1.5401499340769373
1788651043.160135,845,Move held cable to port offset then insert: port-yaw--180,during,0.003104,1,0.727879,0.0119747 -0.0119746 -0.0409583 -0.18503 0.0219322,7.2857 3.55807 -3.00451 -0.0100191 0.00970098,13.867999841459095,181.86793303117156,0.5778385973763617,-0.3493245840218147,1.5427856492996215,0.008930436335504055,-0.002421833574771881,-0.02210235595703125,-0.5110946893692017,-0.6418582201004028,-1.1596519947052002,0.5842666789400365,-0.3482897249954425,1.537406362755593,0.5841199778640345,-0.34834252626465645,1.5405060112173299
1788651043.551306,850,Move held cable to port offset then insert: port-yaw--180,during,0.003102,1,0.727961,0.130325 -0.130325 0.0453216 -0.478901 -0.0452908,9.0203 4.39645 -3.68967 -0.0107483 0.00895269,17.126129874959588,171.002268422395,0.5780724263978155,-0.34893435241247023,1.5432649898529052,0.008879996836185455,-0.00513491639867425,-0.015635531395673752,-1.129498839378357,-0.3883645832538605,-1.0654945373535156,0.5845210859250379,-0.3481270262798016,1.53787040473575,0.5843795331610315,-0.3481844700960153,1.540968251111905
1788651043.947296,855,Move held cable to port offset then insert: port-yaw--180,during,0.003103,1,0.727878,0.0105401 -0.0105401 -0.0412624 -0.177777 0.0226905,7.34641 3.58133 -3.02149 -0.00924281 0.00817385,13.966651618480682,153.3248476255685,0.5783793903184088,-0.3485606610920509,1.5438242006301879,0.00785626471042633,-0.004748774692416191,-0.0164046473801136,-0.73766028881073,-0.5999734997749329,-1.2474991083145142,0.5848347212037652,-0.34797677457181814,1.5384106054747757,0.5847012942221234,-0.3480144863127146,1.5415107287375207
1788651044.344089,860,Move held cable to port offset then insert: port-yaw--180,during,0.003104,1,0.72788,0.00637041 -0.00637041 -0.0462005 -0.179184 0.0267005,7.29914 3.55613 -2.9991 -0.00734536 0.00700345,13.868723221123219,133.33317044563591,0.578724858839527,-0.3482213914539894,1.5444082069396972,0.007334297988563776,-0.006368986330926418,-0.014193395152688026,-0.9367110133171082,-0.7019824981689453,-1.1768386363983154,0.5851785679810253,-0.34783006436400593,1.53897488697541,0.5850532209367302,-0.3478606498380918,1.542076120597216
1788651044.736882,865,Move held cable to port offset then insert: port-yaw--180,during,0.003104,1,0.727879,0.00319164 -0.00319164 -0.049717 -0.175088 0.029715,7.31191 3.55864 -2.99832 -0.00602249 0.00568126,13.880569241009653,109.69223897717893,0.5790703869652899,-0.3479281067993721,1.5449656295776366,0.006714507471770048,-0.0077055348083376884,-0.010844833217561245,-1.0078247785568237,-0.6932488083839417,-1.20736563205719,0.5855166348435388,-0.34769890142238713,1.5395144668573162,0.5853991996973535,-0.3477236595767149,1.5426158936794638
1788651045.127371,870,Move held cable to port offset then insert: port-yaw--180,during,0.003105,1,0.727878,0.000149038 -0.000149049 -0.052847 -0.167874 0.0321513,7.32861 3.56174 -3.00124 -0.00448418 0.00416065,13.900227079633623,82.4840083355084,0.5793735361886175,-0.34769129753112754,1.545444016456604,0.006118451245129108,-0.009236505255103111,-0.006851357873529196,-1.0666362047195435,-0.6585383415222168,-1.209877610206604,0.5858100188036255,-0.3475875734607386,1.53997657559334,0.5856995687204076,-0.34760811451594203,1.5430794190176584
1788651045.527762,875,Move held cable to port offset then insert: port-yaw--180,during,0.003104,1,0.727878,-0.00201367 0.00201368 -0.0553757 -0.162628 0.0340777,7.34494 3.56407 -3.00293 -0.00272639 0.00243384,13.917100087506697,51.54955743299797,0.5795924640488775,-0.34751862287521323,1.545790557861328,0.005473092198371887,-0.010846412740647793,-0.0023679332807660103,-1.0914289951324463,-0.6317384243011475,-1.2387993335723877,0.5860205325283863,-0.3474993784915936,1.5403135728327797,0.585915156241575,-0.34751621086557777,1.543415587193265
1788651045.931009,880,Move held cable to port offset then insert: port-yaw--180,during,0.003103,1,0.727878,-0.00510546 0.00510547 -0.0591933 -0.155694 0.0370668,7.36981 3.57029 -3.00681 -0.000786513 0.00051419,13.948206316039432,17.04374429534073,0.5796905136895331,-0.3474172055721279,1.5459618616104125,0.004889851436018944,-0.012508323416113853,0.00271442043595016,-1.0935614109039307,-0.6136804819107056,-1.277547001838684,0.5861147989405681,-0.3474338938144506,1.540481132697263,0.5860114271433209,-0.3474496047013099,1.5435823802674098
1788651046.091121,881,Move held cable to port offset then insert: port-yaw--180,reached,0.003104,1,0.727877,-0.00526943 0.00526943 -0.059178 -0.154429 0.0371595,7.37995 3.57355 -3.00953 -0.00017327 -5.67508e-05,13.963254398720892,10.490597585448995,0.5796369887185248,-0.34737426044011915,1.545981650352478,0.004951136652380228,-0.012694035656750202,0.005142779555171728,-1.0961452722549438,-0.5941212773323059,-1.2812944650650024,0.5860614942078842,-0.34739207401853456,1.5404996894612772,0.5859579683883671,-0.3474082339232941,1.5436023668739014
1788651046.337840,885,Move held cable to port offset then insert: port-via-0.35,during,0.003104,1,0.727876,-0.00568628 0.00568628 -0.059101 -0.151658 0.0372466,7.39391 3.58337 -3.01744 -0.000504156 0.00037627,13.99560541487881,33.75118880177615,0.5787756419968756,-0.3474198579788204,1.5461869287490844,0.0061399913392961025,-0.011020452715456486,0.009449715726077557,-1.1097487211227417,-0.5658260583877563,-1.2738749980926514,0.5852012687973303,-0.3474382686230753,1.5407064433617033,0.5850969741485081,-0.3474537697796206,1.5438085810297524
1788651046.750357,890,Move held cable to port offset then insert: port-via-0.35,during,0.003104,1,0.727875,-0.00606456 0.00606454 -0.0584585 -0.149696 0.03727,7.41592 3.59786 -3.02987 -0.000837791 0.000865574,14.045344932645094,68.17992609983776,0.575218257982746,-0.3476163148880001,1.5469235229492186,0.0079946992918849,-0.008735540322959423,0.01560851652175188,-1.1244206428527832,-0.5409459471702576,-1.247912883758545,0.5816461802349131,-0.34763469022555216,1.541445941927014,0.5815407258020535,-0.3476495575082447,1.5445481864135742
1788651047.157373,895,Move held cable to port offset then insert: port-via-0.35,during,0.003104,1,0.727873,-0.00593108 0.00593107 -0.0575418 -0.150149 0.0369652,7.4444 3.61506 -3.04262 -0.00104402 0.00117155,14.104294720804319,97.83441092725843,0.5692239976716192,-0.34790635110402907,1.5480786609649657,0.009693672880530357,-0.00699295848608017,0.02111508697271347,-1.1253035068511963,-0.5199267268180847,-1.2029969692230225,0.5756556276071851,-0.3479236373785416,1.5426055375585002,0.5755481626329593,-0.34793823682014025,1.5457078280104084
1788651047.548432,900,Move held cable to port offset then insert: port-via-0.35,during,0.003104,1,0.727904,-0.107705 0.107705 -0.121335 0.256847 0.119025,8.87573 4.23087 -3.77996 0.000375733 0.00125351,16.888183011149522,124.046394898789,0.5610467172455939,-0.34819871188665236,1.5495480346679686,0.011599019169807434,0.012034427374601364,0.016750851646065712,0.9339995980262756,-0.8219082951545715,-2.2215306758880615,0.5674837892816988,-0.348213914764431,1.544082299057579,0.5673735740596433,-0.3482290602007493,1.547184374394178
1788651047.930231,905,Move held cable to port offset then insert: port-via-0.35,during,0.003103,1,0.727906,-0.11048 0.11048 -0.119672 0.291572 0.118057,8.90554 4.24549 -3.79366 0.000794336 0.00105156,16.946538985008374,143.06916399137117,0.5509452200722845,-0.348406463876017,1.551218991279602,0.013252818956971169,0.012484867125749588,0.019555754959583282,0.8971177339553833,-0.9283500909805298,-1.9712152481079102,0.557388104399445,-0.3484191029281108,1.5457603668832234,0.5572744563035267,-0.3484344478683622,1.5488616805913702
1788651048.305703,910,Move held cable to port offset then insert: port-via-0.35,during,0.003104,1,0.727791,0.0341791 -0.0341791 -0.00459587 -0.152619 -0.00954015,8.87755 4.21712 -3.84481 4.80098e-05 0.000481169,16.940018066208722,156.6782393087633,0.539184150774494,-0.3484187126305183,1.5529744672775267,0.010474692098796368,-0.007688854821026325,0.03849399834871292,1.0706943273544312,0.8673862218856812,-0.5994649529457092,0.5456324319913567,-0.34843414313970233,1.5475212746359028,0.5455154063830723,-0.3484453432486313,1.5506225698978406
1788651048.685469,915,Move held cable to port offset then insert: port-via-0.35,during,0.003102,1,0.72779,0.0362989 -0.0362989 -0.00377143 -0.16291 -0.010442,8.90719 4.22899 -3.85773 0.000845876 -0.000267042,16.995025137381162,164.86744439508766,0.5260330415558966,-0.3481531143333992,1.55469322681427,0.01101965457201004,-0.008162364363670349,0.041620492935180664,1.0577645301818848,0.938133955001831,-0.5486470460891724,0.5324869266644732,-0.34816560991765816,1.5492482558342782,0.5323668180540171,-0.34817727917550206,1.5523481000825536
1788651049.072212,920,Move held cable to port offset then insert: port-via-0.35,during,0.003100,1,0.727952,0.0557008 -0.0557008 -0.017714 -0.315463 0.00382958,8.46104 3.9507 -3.9291 0.00163663 -0.00124882,16.343727222876623,168.20838574972004,0.511763451178089,-0.34753212332725486,1.5562706041336059,0.019709544256329536,-0.002929017646238208,0.03480997681617737,2.1254727840423584,0.13465450704097748,-1.317479133605957,0.5182229926341599,-0.34753524056181606,1.5508337827086969,0.5180995062628861,-0.3475589115269633,1.5539316692456024
1788651049.454621,925,Move held cable to port offset then insert: port-via-0.35,during,0.003100,1,0.727952,0.0545549 -0.0545549 0.0221615 -0.202698 -0.0194384,8.49481 3.96244 -3.94117 0.00300145 -0.00248371,16.403903828933835,169.21663158852607,0.4966501905810984,-0.34647691251302565,1.5576129007339476,0.013777854852378368,0.0028469839598983526,0.037116557359695435,2.097892999649048,0.027392221614718437,-0.991001546382904,0.5031139502541457,-0.34647679080012656,1.5521821760479597,0.5029882775976626,-0.3465012613150785,1.555279450892651
1788651049.827317,930,Move held cable to port offset then insert: port-via-0.35,during,0.003100,1,0.72795,0.0485784 -0.0485785 0.0281275 -0.153491 -0.0227186,8.51711 3.96904 -3.94732 0.00443084 -0.00373528,16.441648053471,171.9137042015791,0.48096516870380956,-0.34495657672232444,1.5586413192749022,0.013605225831270218,0.0038512935861945152,0.04325262829661369,2.0591535568237305,0.21549417078495026,-1.1434308290481567,0.4874322838009125,-0.3449547710659387,1.5532147043833313,0.4873046607595958,-0.3449792316670355,1.55631167224506
1788651050.203225,935,Move held cable to port offset then insert: port-via-0.35,during,0.003099,1,0.727951,0.0530064 -0.0530064 0.0422277 -0.145959 -0.0302625,8.53492 3.97305 -3.95111 0.00574034 -0.00500371,16.469818788114935,183.02006454882212,0.46497607186855394,-0.34295868886692876,1.5592973279953002,0.010383917950093746,0.0028529330156743526,0.03689582273364067,2.1613800525665283,0.08633515238761902,-0.9093813896179199,0.4714454335346703,-0.3429547134881645,1.553874670637261,0.4713166757619617,-0.34297989383489064,1.5569706950909117
1788651050.601896,940,Move held cable to port offset then insert: port-via-0.35,during,0.003099,1,0.727951,0.0438311 -0.0438311 0.0418188 -0.0903694 -0.027097,8.55223 3.97684 -3.9557 0.0070878 -0.0062034,16.49806578597054,195.35450820694678,0.4489428694588097,-0.34049409641011114,1.5595462369918822,0.009674081578850746,0.002654389711096883,0.03761223703622818,2.4062113761901855,-0.09569999575614929,-1.0557746887207031,0.45541308201477837,-0.34048919415269,1.5541244618024999,0.45528389796041885,-0.3405142842201561,1.5572207525155517
1788651051.010904,945,Move held cable to port offset then insert: port-via-0.35,during,0.003100,1,0.727952,0.0514428 -0.0514428 0.0503171 -0.126546 -0.0332551,8.56512 3.9794 -3.95713 0.00798485 -0.00721719,16.516853327397257,204.73505097581074,0.43311423065559584,-0.3376027938356852,1.5593762445449828,0.007043530233204365,3.2528696465305984e-05,0.03241009637713432,2.267150640487671,0.21356885135173798,-0.7912072539329529,0.4395838614246963,-0.3375973241102735,1.5539535527275556,0.4394550860985068,-0.33762279541830886,1.5570502866252545
1788651051.418476,950,Move held cable to port offset then insert: port-via-0.35,during,0.003099,1,0.727953,0.0487478 -0.0487478 0.0258463 -0.183783 -0.017959,8.568 3.97789 -3.95587 0.0085354 -0.00799798,16.51828217599541,210.3213946475007,0.4177245195251854,-0.334346621893928,1.5587961721420287,0.007768513169139624,-0.005775578785687685,0.03265383839607239,2.286233901977539,0.179105743765831,-0.8867855072021484,0.4241924397205524,-0.3343417745518149,1.5533723222448332,0.42406461949037766,-0.33436686354796086,1.5564681578030783
1788651051.824502,955,Move held cable to port offset then insert: port-via-0.35,during,0.003099,1,0.727953,0.0369776 -0.0369776 0.0329608 -0.0932327 -0.0182635,8.57022 3.97606 -3.95616 0.00936461 -0.00858851,16.52039167098701,211.7607973224949,0.4029922201526316,-0.3308101591101145,1.5578410673141478,0.006183276418596506,-0.004183263052254915,0.030679965391755104,2.48818039894104,0.22592413425445557,-1.0188299417495728,0.4094569844484303,-0.33080639938971423,1.5524129958490025,0.40933097629681126,-0.33083120838312213,1.5555094036316501
1788651052.221475,960,Move held cable to port offset then insert: port-via-0.35,during,0.003101,1,0.727793,0.0325078 -0.0325077 -0.0124508 -0.179156 -0.00462175,9.02625 4.25577 -3.88592 0.00927459 -0.00869371,17.18590796738863,209.01007165026385,0.38911771916271765,-0.3270879682531809,1.556566958427429,0.0062565552070736885,-0.024613691493868828,0.0482436940073967,1.0069098472595215,1.143856406211853,-0.3107675313949585,0.395578054008321,-0.32709355837424103,1.551131928032227,0.39545477421885566,-0.32710614175779745,1.5542306512997697
1788651052.616054,965,Move held cable to port offset then insert: port-via-0.35,during,0.003102,1,0.727792,0.0347201 -0.03472 -0.00991441 -0.190308 -0.00653042,9.03984 4.26236 -3.89025 0.00911783 -0.0086316,17.210200431756675,201.5350136659108,0.376281531084791,-0.3233137723436808,1.5550454902648925,0.0068287355825304985,-0.02578851394355297,0.04303917661309242,1.0048646926879883,1.2104802131652832,-0.2642557919025421,0.382736944912449,-0.323320816318569,1.549603476632396,0.3826163854225525,-0.32333343764905575,1.5527032345464329
1788651053.019820,970,Move held cable to port offset then insert: port-via-0.35,during,0.003103,1,0.727916,-0.105333 0.105333 -0.107489 0.343394 0.103287,9.03482 4.27203 -3.82926 0.0101541 -0.00822599,17.154494889080524,189.05334277288057,0.36464917429210264,-0.31961330737976784,1.5533654737472533,0.011213750578463078,-0.009904990904033184,0.018258878961205482,0.8614956736564636,-1.1644338369369507,-0.763841986656189,0.3710991535341005,-0.319617000622364,1.547917472042985,0.37098203722861145,-0.3196333953611292,1.551017842695332
1788651053.414406,975,Move held cable to port offset then insert: port-via-0.35,during,0.003104,1,0.727933,-0.0635377 0.0635376 -0.0744022 0.212912 0.0574198,9.2102 4.35576 -3.9077 0.00992761 -0.00744776,17.49102797359228,172.35339520208072,0.3543694294285925,-0.3161039051046824,1.5516343164443969,0.014511646702885628,-0.0370476134121418,0.02172401361167431,1.2938979864120483,-0.5072867274284363,3.2177000045776367,0.3608146586992337,-0.316109105695962,1.5461767357925733,0.36069919140267875,-0.31612889820385703,1.5492783841975033
1788651053.808960,980,Move held cable to port offset then insert: port-via-0.35,during,0.003105,1,0.727914,-0.112202 0.112202 -0.114255 0.35465 0.110476,9.00056 4.25997 -3.81421 0.00873562 -0.00666403,17.090139345265925,150.44900704943575,0.3455813504052313,-0.31293022599129433,1.549956088066101,0.009840953163802624,-0.006318304222077131,0.014388956129550934,0.7280296087265015,-0.9976769089698792,-1.1739060878753662,0.35202001203987715,-0.3129390531138296,1.544491889652606,0.3519090118843219,-0.3129544143666492,1.5475945116468255
1788651054.197032,985,Move held cable to port offset then insert: port-via-0.35,during,0.003105,1,0.727911,-0.111734 0.111734 -0.116517 0.335941 0.113383,8.97767 4.2516 -3.80718 0.00739552 -0.00547682,17.04932630015537,124.2118337273132,0.3384143687081488,-0.31022214856056923,1.548445587158203,0.00858975201845169,-0.0030459165573120117,0.010890974663197994,0.7441911101341248,-0.976343035697937,-1.627125859260559,0.344848140976582,-0.31023355211857656,1.5429754274164817,0.3447398252176954,-0.31024825891626884,1.54607813150905
1788651054.590006,990,Move held cable to port offset then insert: port-via-0.35,during,0.003105,1,0.727878,0.018076 -0.018076 -0.0281417 -0.134443 0.0110872,8.78381 4.15479 -3.74068 0.00458694 -0.00401072,16.687881271354854,93.40460221352987,0.33299806483508665,-0.3081046637526011,1.5472126054763793,0.005315352231264114,-0.015977079048752785,0.021045763045549393,-0.16674259305000305,0.4039864242076874,-1.4128512144088745,0.3394278028738355,-0.30812021695003583,1.54173731839829,0.3393218837860843,-0.3081339399996042,1.5448408161029494
1788651054.993046,995,Move held cable to port offset then insert: port-via-0.35,during,0.003106,1,0.727879,0.0198003 -0.0198003 -0.0260881 -0.137646 0.00871462,8.75075 4.14327 -3.72909 0.00278421 -0.00235075,16.628247166750953,58.527229133062065,0.3294671452832373,-0.3067013021936869,1.5463599014282225,0.004562429618090391,-0.015250441618263721,0.017230279743671417,-0.09428206831216812,0.46268585324287415,-1.2896207571029663,0.33589391606881336,-0.3067184174014728,1.5408806540045696,0.33578962948215685,-0.30673174686679083,1.54398457098135
1788651055.392411,1000,Move held cable to port offset then insert: port-via-0.35,during,0.003106,1,0.727905,-0.105888 0.105888 -0.121151 0.251504 0.117425,8.87755 4.21623 -3.7744 0.0017074 -0.000534519,16.870421476312913,19.84533596818801,0.3279687739205511,-0.306117862128303,1.545972352027893,0.004780780989676714,0.004571252036839724,-0.0007397750741802156,0.8770831227302551,-0.7358512282371521,-2.4175679683685303,0.33439357167414796,-0.3061331757196956,1.5404908356099434,0.3342905238577023,-0.30614744772999003,1.5435950572460349
1788651055.551849,1001,Move held cable to port offset then insert: port-via-0.35,reached,0.003106,1,0.727904,-0.104742 0.104742 -0.120914 0.242485 0.117128,8.86936 4.21322 -3.77186 0.00124017 -0.00012598,16.85581208007352,11.15745335596148,0.3278899169755133,-0.306079119109199,1.5459477949142455,0.004434396047145128,0.005409725941717625,-0.0013726772740483284,0.8693779706954956,-0.7041080594062805,-2.462204694747925,0.3343153971257135,-0.3060950547081085,1.5404663346213132,0.33421185111474494,-0.30610915185281795,1.5435709956317911
1788651055.792800,1005,Move held cable to port offset then insert: port-via-0.60,during,0.003106,1,0.727879,0.0223652 -0.0223652 -0.0227792 -0.142854 0.00551326,8.72486 4.13693 -3.72231 0.000518192 -0.000220707,16.58484296053939,24.93639243170037,0.3272608793568762,-0.3061694797506785,1.5459615039825438,0.003916493151336908,-0.014010310173034668,0.013604181818664074,-0.020010754466056824,0.5390123128890991,-1.1450406312942505,0.3336891957636943,-0.30618605049854136,1.540483649917811,0.33358413114285385,-0.306199938402662,1.543588217826768
1788651056.193815,1010,Move held cable to port offset then insert: port-via-0.60,during,0.003106,1,0.727879,0.020536 -0.020536 -0.0251351 -0.138695 0.00791785,8.74918 4.14846 -3.7333 0.000997435 -0.000584001,16.632528072572313,46.23609130922705,0.3246504641366156,-0.3065826591482615,1.545969967842102,0.0045769852586090565,-0.013409632258117199,0.014894828200340271,-0.07132671028375626,0.46874386072158813,-1.2666540145874023,0.3310905440255386,-0.30659447488607083,1.5405061899419308,0.33097874973017893,-0.3066089754492143,1.5436100871344922
1788651056.588465,1015,Move held cable to port offset then insert: port-via-0.60,during,0.003105,1,0.727908,-0.110571 0.110571 -0.118339 0.312387 0.115564,8.94378 4.24897 -3.80288 0.00266946 -0.00105402,16.999357558903284,65.29986292379908,0.32024895914317686,-0.3072518404951548,1.545962815284729,0.007179899141192436,0.0035155618097633123,0.0025531540159136057,0.8461255431175232,-0.8943952918052673,-2.031329870223999,0.3267076914146317,-0.3072516902648942,1.5405212192767739,0.3265851400929666,-0.30726953041229943,1.5436241348675066
1788651056.969558,1020,Move held cable to port offset then insert: port-via-0.60,during,0.003105,1,0.727908,-0.111304 0.111304 -0.118375 0.320252 0.115488,8.9751 4.26342 -3.81488 0.00323716 -0.00154399,17.058180232997984,81.70380302937701,0.31424861915828306,-0.30807083811669106,1.5459419536590575,0.007943443022668362,0.002922007581219077,0.00425984850153327,0.8733673691749573,-0.9135518074035645,-1.9664890766143799,0.3207313991864235,-0.30805887861628184,1.5405297514072875,0.32059510141272535,-0.30807921867331023,1.5436313215343205
1788651057.362712,1025,Move held cable to port offset then insert: port-via-0.60,during,0.003102,1,0.727964,0.0464969 -0.0464969 -0.00912058 -0.245962 -0.000152921,8.49981 3.95764 -3.94102 0.00235289 -0.00223413,16.403064102167264,95.45727151306346,0.3068450964284094,-0.30892971124558205,1.5459095287322997,0.01183297298848629,-0.014101351611316204,0.00842476636171341,1.6793495416641235,0.26730623841285706,-1.4773074388504028,0.3133555356394747,-0.30890238620161803,1.5405313473192892,0.31320268994738754,-0.3089334603064311,1.5436296342944944
1788651057.754751,1030,Move held cable to port offset then insert: port-via-0.60,during,0.003106,1,0.727915,-0.1028 0.1028 -0.105997 0.334193 0.101997,9.07464 4.30736 -3.8582 0.00442821 -0.00273456,17.24735994869843,106.73425048170611,0.29824143417598326,-0.3097021874418711,1.545870428085327,0.010475760325789452,-0.004664472304284573,0.006293898448348045,0.9378107190132141,-1.0714763402938843,-0.744976282119751,0.30477956615499874,-0.3096610162208308,1.5405248847810669,0.3046116058483066,-0.3096882978751456,1.543625957546289
1788651058.154974,1035,Move held cable to port offset then insert: port-via-0.60,during,0.003104,1,0.727794,0.0328111 -0.0328111 -0.00905342 -0.165533 -0.00672398,9.03298 4.27142 -3.90126 0.00374454 -0.00354521,17.21296035312116,115.88734757015482,0.288639215309635,-0.3102748092642283,1.545830373764038,0.0056494735181331635,-0.02037457935512066,0.028372740373015404,1.0850001573562622,1.1766996383666992,-0.4402965307235718,0.2952052814334424,-0.31022542853620755,1.5405204301802637,0.29502086604382904,-0.3102500713910875,1.5436188471420094
1788651058.545973,1040,Move held cable to port offset then insert: port-via-0.60,during,0.003105,1,0.727959,0.0439253 -0.0439253 0.0324833 -0.125734 -0.02422,8.61215 4.00481 -3.98598 0.00468172 -0.0043885,16.61201769625768,125.31542699970305,0.27824467190028745,-0.3105601068964457,1.5457899618148803,0.005069639999419451,-0.010281654074788094,0.015428327955305576,1.9593366384506226,0.20670866966247559,-1.0872169733047485,0.2848362069673369,-0.3104893652112865,1.5405109006336852,0.2846367840617582,-0.3105275534165767,1.5436089596503528
1788651058.933620,1045,Move held cable to port offset then insert: port-via-0.60,during,0.003102,1,0.727958,0.0438071 -0.0438071 0.0315175 -0.128205 -0.0235378,8.64232 4.01645 -3.99865 0.00544201 -0.00512077,16.66797721851617,134.34624643065035,0.2672650492978247,-0.3104481693735575,1.5457561063766478,0.005530100781470537,-0.011182229034602642,0.01664569228887558,1.9499391317367554,0.20600207149982452,-1.0719627141952515,0.27387826919426755,-0.31036719560262144,1.5405072501189905,0.2736660466632541,-0.310404830879078,1.5436015106934144
1788651059.318600,1050,Move held cable to port offset then insert: port-via-0.60,during,0.003103,1,0.727958,0.0459309 -0.0459309 0.0124271 -0.182147 -0.013206,8.67485 4.02981 -4.01114 0.00595934 -0.00577992,16.72753668529913,141.9710152670741,0.25590389736415464,-0.3098814186087107,1.5457310724258422,0.00721745053306222,-0.015873005613684654,0.01860615238547325,2.0568511486053467,0.1832127720117569,-1.171946406364441,0.26253314084347523,-0.3097918192935643,1.5405016213630014,0.2623115824664667,-0.3098290660510812,1.5435966500461653
1788651059.718138,1055,Move held cable to port offset then insert: port-via-0.60,during,0.003102,1,0.727958,0.0441573 -0.0441573 0.025417 -0.144658 -0.0199784,8.70477 4.04138 -4.02368 0.00674063 -0.00643426,16.783007498364896,148.29937792290002,0.24436148770572264,-0.3088179525366282,1.5457174825668334,0.006624797824770212,-0.013582789339125156,0.018666857853531837,2.0030412673950195,0.20694372057914734,-1.0995813608169556,0.2510006864647957,-0.30872287535769094,1.5405024528777864,0.2507733398314621,-0.30875883977186924,1.5435957884196385
1788651060.118646,1060,Move held cable to port offset then insert: port-via-0.60,during,0.003102,1,0.727958,0.0402698 -0.0402697 0.0488125 -0.0741416 -0.0321041,8.72952 4.0506 -4.03384 0.00754457 -0.00701919,16.82852478325367,153.2259631715715,0.23283064134837705,-0.30724328722862954,1.5457170057296752,0.005195959936827421,-0.008792822249233723,0.018128149211406708,1.9046638011932373,0.24779871106147766,-0.9775718450546265,0.2394732759267848,-0.30714563813937457,1.540506501302453,0.23924396225343525,-0.30718018572844946,1.5435998705840208
1788651060.506730,1065,Move held cable to port offset then insert: port-via-0.60,during,0.003101,1,0.727957,0.0337622 -0.0337622 0.0415603 -0.0564522 -0.0256616,8.75686 4.06153 -4.04543 0.0080381 -0.00748156,16.879335917532444,156.70739945210516,0.22149501510383207,-0.30517092313675637,1.5457288074493407,0.005640339106321335,-0.009639877825975418,0.018477872014045715,1.8929091691970825,0.23960573971271515,-1.0851540565490723,0.22813410644264062,-0.3050751598274851,1.540514867346834,0.22790705762564112,-0.30510683566812935,1.5436078332509062
1788651060.896118,1070,Move held cable to port offset then insert: port-via-0.60,during,0.003101,1,0.727958,0.0159348 -0.0159348 0.0156108 -0.0182463 -0.00317919,8.77554 4.06857 -4.05473 0.0084028 -0.00781706,16.915059810504317,158.31443882733583,0.21052616604091245,-0.3026427623262858,1.5457512187957763,0.007100605871528387,-0.009145118296146393,0.01900886930525303,1.9227216243743896,0.1850738376379013,-1.3271875381469727,0.2171555361744551,-0.30255155651841864,1.5405250294170163,0.2169342682923161,-0.3025808512226893,1.5436183051532781
1788651061.300036,1075,Move held cable to port offset then insert: port-via-0.60,during,0.003101,1,0.727958,0.0270822 -0.0270822 0.0332063 -0.0406297 -0.0183578,8.7942 4.07632 -4.06243 0.00852152 -0.00795421,16.949427658692002,157.99643324967474,0.20008164413692076,-0.2997284826269602,1.545781021118164,0.006259061396121979,-0.009856178425252438,0.01852615736424923,1.879966139793396,0.22202420234680176,-1.160333275794983,0.2066956292600007,-0.299645179422007,1.5405351062269463,0.20648336273362888,-0.29967202249193836,1.543628873512338
1788651061.701566,1080,Move held cable to port offset then insert: port-via-0.60,during,0.003103,1,0.727958,0.0139067 -0.0139067 0.0162464 -0.00685971 -0.00319562,8.80572 4.08088 -4.06931 0.00854482 -0.00794969,16.972406624816358,155.24918862059712,0.19030207165004331,-0.2965203818312144,1.5458153533935546,0.007206514477729797,-0.008840788155794144,0.01848536729812622,1.7876805067062378,0.15820643305778503,-1.2495524883270264,0.19689574309255797,-0.2964476883063513,1.5405414185404476,0.19669527204683873,-0.2964721425737852,1.5436378342280808
1788651062.102344,1085,Move held cable to port offset then insert: port-via-0.60,during,0.003103,1,0.727797,0.0336539 -0.0336539 -0.013505 -0.186168 -0.0039161,9.27558 4.37036 -3.99722 0.00772722 -0.00756082,17.658448626752943,150.09074946586043,0.1813132292819174,-0.2931268807878947,1.5458509969711303,0.00811095256358385,-0.024182451888918877,0.03431303799152374,1.069145679473877,1.4361542463302612,-0.37422579526901245,0.18788161265115902,-0.29307307470199534,1.540546807208093,0.18769660131020033,-0.2930857496126936,1.5436446883276016
1788651062.507096,1090,Move held cable to port offset then insert: port-via-0.60,during,0.003104,1,0.727799,0.0321751 -0.0321751 -0.0160488 -0.190894 -0.00132367,9.30527 4.38487 -4.01289 0.00738503 -0.00715232,17.71757890470326,141.87665531411767,0.17322112389327604,-0.28969395127205605,1.5458837795257567,0.007874884642660618,-0.023552624508738518,0.03357526659965515,1.0690819025039673,1.477889060974121,-0.3957701027393341,0.17976277351451192,-0.28965433727937395,1.5405454054945527,0.17959326085151034,-0.2896653176216799,1.5436450346195385
1788651062.914661,1095,Move held cable to port offset then insert: port-via-0.60,during,0.003099,1,0.72795,0.130342 -0.130342 0.0396955 -0.480822 -0.0413636,9.58193 4.62297 -3.8729 0.00594741 -0.00660719,18.09035224886611,130.17917841486633,0.16611833639861662,-0.2863712307444071,1.5459092903137206,0.010384796187281609,-0.022224396467208862,0.02218175120651722,-1.256455421447754,-0.2814323604106903,-1.0697386264801025,0.17263318275014006,-0.28633434924735,1.5405399670498392,0.1724780680495951,-0.28635991162218266,1.5436353920616956
1788651063.312819,1100,Move held cable to port offset then insert: port-via-0.60,during,0.003104,1,0.727933,-0.0534602 0.0534602 -0.0702239 0.168938 0.0534715,9.4667 4.47821 -4.02132 0.00605653 -0.00565431,17.977934076916426,115.27663792297244,0.1600879854750784,-0.2832848463585829,1.545932536125183,0.014964804984629154,-0.030572794377803802,0.010365364141762257,1.452590823173523,-0.6406840682029724,2.9063971042633057,0.16657573885888427,-0.2832649151573573,1.5405266452743402,0.16643658312685078,-0.28328368862868414,1.5436277075911877
1788651063.719542,1105,Move held cable to port offset then insert: port-via-0.60,during,0.003105,1,0.727874,0.0119159 -0.0119159 -0.0448504 -0.125382 0.018921,7.78282 3.74967 -3.17901 0.00486981 -0.00464813,14.721024061087519,94.77315687248483,0.15520016618491728,-0.28060824018029923,1.5459473180770873,0.008687976747751236,-0.01866164617240429,0.01812070608139038,0.7906820178031921,0.40286117792129517,-1.1349999904632568,0.16166323653524317,-0.2806031813764482,1.540512143920911,0.1615386033495202,-0.28061634691271964,1.5436147065263106
1788651064.128607,1110,Move held cable to port offset then insert: port-via-0.60,during,0.003106,1,0.727883,0.00508437 -0.00508437 -0.0415451 -0.0605485 0.0253496,9.12733 4.31595 -3.89598 0.00385337 -0.00337174,17.346487114438787,73.73455050541088,0.15152524181129057,-0.27848646383790726,1.5459519672393798,0.006145352963358164,-0.0036094090901315212,0.011004475876688957,-0.03873077407479286,-0.07769248634576797,-2.3319971561431885,0.1579697087968818,-0.2784906409803618,1.5404947649922731,0.1578558173834831,-0.2785051333155922,1.5435981634177094
1788651064.538322,1115,Move held cable to port offset then insert: port-via-0.60,during,0.003104,1,0.727873,0.0130817 -0.0130817 -0.0444564 -0.132064 0.0185938,7.75094 3.7415 -3.1719 0.00214407 -0.00203683,14.668522586580366,46.085310351569206,0.14913709231139738,-0.2770653102925276,1.5459553050994872,0.007021840661764145,-0.014367334544658661,0.012448646128177643,0.3842916190624237,0.20871756970882416,-1.1579575538635254,0.1555679120108393,-0.2770754420474632,1.5404820680370432,0.15546112165147433,-0.27709000295259134,1.5435840245943733
1788651064.947656,1120,Move held cable to port offset then insert: port-via-0.60,during,0.003104,1,0.727885,0.0160392 -0.0160392 -0.0324304 -0.0951217 0.0157898,9.0758 4.29969 -3.88107 0.000672722 -0.000396452,17.25762592285173,18.07498835446313,0.1481224424433859,-0.27645969729928727,1.5459481525421142,0.003942667972296476,-0.0011018853401765227,0.006939941085875034,-0.04561334848403931,0.10823499411344528,-2.160597085952759,0.15454746806977568,-0.27647253621407436,1.540469681827749,0.15444455454600908,-0.2764882818801398,1.5435718088087391
1788651065.111703,1121,Move held cable to port offset then insert: port-via-0.60,reached,0.003106,1,0.727875,0.0134753 -0.0134753 -0.0446573 -0.137388 0.0189991,7.71284 3.72894 -3.16067 2.57237e-05 -3.59987e-05,14.602504702224905,9.672462288173847,0.1480747587275656,-0.2764431272080397,1.5459259796142577,0.005832743365317583,-0.010857004672288895,0.007847966626286507,0.146658256649971,0.05484365299344063,-1.212490200996399,0.15450039988864586,-0.276455340012033,1.5404441098899655,0.15439628907006908,-0.2764709455662097,1.5435480796324872
1788651065.357420,1125,Move held cable to port offset then insert: port-via-0.75,during,0.003106,1,0.727873,0.00691583 -0.00691585 -0.044956 -0.0966893 0.0182272,7.82584 3.78346 -3.20673 -0.000941472 -0.000130547,14.817096083716024,22.564812689321116,0.14776001640082914,-0.2764998410275435,1.545736436843872,0.005559898912906647,-0.013452212326228619,0.008073762059211731,2.4461843967437744,0.8414974808692932,-1.135521650314331,0.15419041631768152,-0.27651523357637847,1.5402614338235316,0.15408399198946165,-0.276530432396052,1.5433650817506606
1788651065.767339,1130,Move held cable to port offset then insert: port-via-0.75,during,0.003102,1,0.727875,0.00387453 -0.00387454 -0.0487164 -0.0876786 0.0217829,7.76535 3.75401 -3.18606 0.000347673 -0.000316007,14.706080598465633,43.256100656464696,0.14645169444800932,-0.27675161104707474,1.544957284927368,0.007581008598208427,-0.013787694275379181,0.005783265922218561,2.3295693397521973,0.5857775807380676,-1.3727699518203735,0.1529034410783915,-0.276771652958158,1.5395109745863933,0.15278492264799054,-0.2767901003303336,1.542610869107956
1788651066.177859,1135,Move held cable to port offset then insert: port-via-0.75,during,0.003104,1,0.727876,0.00331092 -0.00331092 -0.0491331 -0.0841479 0.0217365,7.76338 3.75347 -3.18509 0.000665396 -0.000446988,14.703056258440483,62.70968573400751,0.14423154063941557,-0.27717393975763077,1.5436842489242553,0.009360391646623611,-0.015749843791127205,0.005482746288180351,2.511045217514038,0.5965715646743774,-1.3726431131362915,0.1507187793689334,-0.27720443508919157,1.538278215833731,0.15057989327005028,-0.27722544536547467,1.541379320703025
1788651066.588036,1140,Move held cable to port offset then insert: port-via-0.75,during,0.003105,1,0.727875,-0.000936002 0.000936007 -0.0521209 -0.0701566 0.0233269,7.78585 3.76435 -3.19412 0.000965405 -0.000679743,14.745971501339227,81.28888555057347,0.14117286868812162,-0.2777341340115523,1.5420359420776366,0.01064579002559185,-0.01746467500925064,0.005095495376735926,3.3200390338897705,0.7181329727172852,-1.382070541381836,0.14770635511467603,-0.2777783277191141,1.5366855285770733,0.14754073242453603,-0.2778020826114174,1.5397859148605164
1788651066.986134,1145,Move held cable to port offset then insert: port-via-0.75,during,0.003106,1,0.727876,-0.00407745 0.00407746 -0.0547696 -0.059489 0.0243323,7.8033 3.77259 -3.20029 0.00135941 -0.000970635,14.778516745951492,99.13924759719521,0.13734484978438932,-0.27839202027826065,1.540144567489624,0.012045349925756454,-0.01885910890996456,0.005267102736979723,3.5402891635894775,0.7367725372314453,-1.3287451267242432,0.1439317502285835,-0.27845150556909876,1.5348596611748977,0.14373489455388486,-0.27847815400567555,1.5379589698870466
1788651067.387343,1150,Move held cable to port offset then insert: port-via-0.75,during,0.003106,1,0.727876,-0.00088585 0.000885853 -0.0527335 -0.0661239 0.0218003,7.82 3.77973 -3.20761 0.00177848 -0.00134168,14.810463396948762,116.33708229847252,0.1328145093512686,-0.2790977392724013,1.5381496000289916,0.014230215921998024,-0.019640911370515823,0.00756141496822238,1.738076090812683,0.4979470372200012,-1.184968113899231,0.1394586389589176,-0.2791734729186346,1.5329363165681098,0.13922780631211237,-0.2792020040686081,1.5360340199667268
1788651067.786980,1155,Move held cable to port offset then insert: port-via-0.75,during,0.003107,1,0.727876,0.000188039 -0.000188036 -0.0522907 -0.0682868 0.0209406,7.83672 3.78658 -3.21471 0.00224215 -0.00176038,14.842021183227189,132.6487970724702,0.127649766881481,-0.27979201417474503,1.5361869382858275,0.01574258878827095,-0.021006276831030846,0.008410247042775154,1.1556745767593384,0.41510093212127686,-1.140367865562439,0.13435068643670287,-0.2798837313500787,1.531047008359927,0.13408585444846222,-0.2799128140837305,1.5341426505693634
1788651068.184440,1160,Move held cable to port offset then insert: port-via-0.75,during,0.003103,1,0.727953,0.129923 -0.129923 0.042138 -0.472771 -0.0423545,9.64318 4.66643 -3.91588 0.00193441 -0.00243425,18.229858746752143,150.00379601679742,0.12192053862334806,-0.28041223030595536,1.5343864011764525,0.018037525936961174,-0.028014246374368668,0.0077384342439472675,-1.1223359107971191,-0.28440356254577637,-1.1243345737457275,0.1286763138997963,-0.2805102816540483,1.5293202418550387,0.12837689280274672,-0.2805516101278086,1.5324082727602548
1788651068.582137,1165,Move held cable to port offset then insert: port-via-0.75,during,0.003106,1,0.727936,-0.0472196 0.0472196 -0.0686245 0.131918 0.0498872,9.54194 4.52469 -4.06479 0.00360582 -0.00288603,18.137917236424983,165.01930260285735,0.1157101220679434,-0.280867043547914,1.5328668403625487,0.025112122297286987,-0.03994273394346237,-0.0018623719224706292,1.3793705701828003,-0.6608149409294128,3.046541929244995,0.12251233758035351,-0.280982632483498,1.527861749658038,0.12218484447223252,-0.2810136344600995,1.530950226434965
1788651068.980961,1170,Move held cable to port offset then insert: port-via-0.75,during,0.003105,1,0.727805,0.0302883 -0.0302883 -0.0163102 -0.170837 -0.00157092,9.35964 4.42258 -4.04623 0.00394067 -0.00360164,17.835981550626457,178.40492773987353,0.10910625525237638,-0.28108799796609635,1.5317139673233031,0.01666410267353058,-0.03175882622599602,0.018004123121500015,1.2411730289459229,1.460925817489624,-0.3866721987724304,0.11594492385823582,-0.28122084014785415,1.5267625367694617,0.11559564615850978,-0.2812382261240592,1.5298479112621155
1788651069.390715,1175,Move held cable to port offset then insert: port-via-0.75,during,0.003106,1,0.727807,0.0297667 -0.0297667 -0.0167521 -0.170186 -0.000774977,9.35526 4.41822 -4.04191 0.0046404 -0.0042878,17.824324500281364,190.37067892029881,0.10221124954940397,-0.28100899200944657,1.5310021686553954,0.017206428572535515,-0.033373888581991196,0.0180633794516325,1.249700665473938,1.4721708297729492,-0.405648410320282,0.10907544315754333,-0.2811492456780727,1.5260862018413814,0.10871045577028851,-0.2811595343703745,1.5291706164307701
1788651069.796015,1180,Move held cable to port offset then insert: port-via-0.75,during,0.003104,1,0.727957,-0.0316138 0.0316138 -0.0602354 0.0245604 0.065317,8.8914 4.12959 -4.11844 0.00575986 -0.00523217,17.150410152040422,200.33609542250633,0.0951410359931143,-0.28056797724275345,1.5307692337036132,0.020999962463974953,-0.020270226523280144,0.0025496252346783876,2.765874147415161,0.0055059888400137424,-1.8352024555206299,0.10201891043579195,-0.2807042674847006,1.5258716149193363,0.1016446053849767,-0.28071750210268,1.5289531512338335
1788651070.197101,1185,Move held cable to port offset then insert: port-via-0.75,during,0.003105,1,0.727957,-0.0424868 0.0424868 -0.078119 0.0245166 0.0820119,8.86672 4.11619 -4.10422 0.00627019 -0.00591298,17.099321818444878,207.89506694301963,0.08802546330215055,-0.27970764380006546,1.5310262489318847,0.021867400035262108,-0.02183898352086544,0.003303105477243662,2.76120924949646,-0.026484444737434387,-1.9546297788619995,0.09490181525430139,-0.2798439118347073,1.5261262799337052,0.09452877136385979,-0.2798490527908946,1.5292085812484597
1788651070.594264,1190,Move held cable to port offset then insert: port-via-0.75,during,0.003104,1,0.727959,-0.028287 0.028287 -0.0545819 0.0246806 0.0599019,8.84769 4.10537 -4.09175 0.00687213 -0.00643767,17.05812772596255,212.56658931449056,0.08099980421783048,-0.27841526608972306,1.5317534255981444,0.020611533895134926,-0.022456586360931396,0.0021476028487086296,2.8241384029388428,0.018689818680286407,-1.8000174760818481,0.08786081445161534,-0.27854621107296745,1.5268323780746247,0.08749763201983968,-0.2785455342043399,1.5299154397088357
1788651071.004083,1195,Move held cable to port offset then insert: port-via-0.75,during,0.003103,1,0.727958,-0.0433651 0.0433651 -0.079864 0.0239222 0.0833548,8.81639 4.08902 -4.07551 0.00717867 -0.00688682,16.994973407592624,213.90468226373196,0.07420201369048673,-0.2767013941338515,1.532901530265808,0.02120068110525608,-0.023376869037747383,0.0030608545057475567,2.736236333847046,-0.025966696441173553,-1.9917078018188477,0.08103408860083675,-0.27682382993451726,1.5279412926436555,0.08068921861872655,-0.2768188272965584,1.5310255479293065
1788651071.401869,1200,Move held cable to port offset then insert: port-via-0.75,during,0.003104,1,0.727959,-0.0354261 0.0354261 -0.0667851 0.0238732 0.0710852,8.7837 4.07256 -4.0582 0.00743502 -0.007123,16.929018205031753,211.4792186357081,0.06776626177550871,-0.2746113870671248,1.5343984413146972,0.01985265500843525,-0.023262549191713333,0.002438113559037447,2.752718448638916,0.001830458058975637,-1.9275119304656982,0.0745576368778412,-0.2747222874749429,1.5293819999555596,0.074238075755833,-0.274715013184164,1.532469241095048
1788651071.803081,1205,Move held cable to port offset then insert: port-via-0.75,during,0.003103,1,0.727958,-0.0401533 0.0401533 -0.0747086 0.0236541 0.0784744,8.74929 4.05509 -4.04263 0.00763459 -0.00715017,16.86179346544668,204.86365850828588,0.0618146187853964,-0.2722234759858107,1.536150698661804,0.019171811640262604,-0.022848395630717278,0.002529952907934785,2.6363277435302734,-0.014365658164024353,-2.011626720428467,0.06855555291397183,-0.2723207877271103,1.5310671810237726,0.06826689675533913,-0.2723135534006413,1.534156476228504
1788651072.198969,1210,Move held cable to port offset then insert: port-via-0.75,during,0.003105,1,0.727801,0.0335639 -0.0335639 -0.0106761 -0.147949 -0.00879235,9.15475 4.31318 -3.94196 0.00690365 -0.0067036,17.4235033900477,193.5430256538093,0.05645350881339628,-0.26964244585542435,1.5380525636672973,0.01457889098674059,-0.03524569794535637,0.014895048923790455,1.253126859664917,1.2478184700012207,-0.5706179738044739,0.0631358329269984,-0.26973011136729436,1.5328917198234395,0.06288339003350367,-0.26971591643818915,1.535986611677457
1788651072.595042,1215,Move held cable to port offset then insert: port-via-0.75,during,0.003103,1,0.727959,-0.028612 0.028612 -0.0564736 0.0226815 0.0612289,8.67451 4.02126 -4.00825 0.0070664 -0.00650033,16.717583410441875,177.33150486648083,0.05176414318801481,-0.2670233879616713,1.5399823236465453,0.015908583998680115,-0.019716478884220123,0.0012196821626275778,2.5406124591827393,0.014932884834706783,-1.9610381126403809,0.0583880016684456,-0.26708914887230395,1.5347449926649008,0.05816921195999847,-0.26708915701619074,1.5378404327732338
1788651072.987529,1220,Move held cable to port offset then insert: port-via-0.75,during,0.003106,1,0.727914,-0.100904 0.100904 -0.111118 0.287199 0.108164,9.12068 4.31351 -3.86933 0.00672873 -0.00547973,17.315726043190807,156.09455356374383,0.04781378575088102,-0.2645000849297499,1.5418242263793944,0.016189105808734894,-0.013365216553211212,-0.008579823188483715,1.1143693923950195,-1.1729094982147217,-1.5236291885375977,0.05437681477370854,-0.2645505158015392,1.5365110473213828,0.054194895136309214,-0.264550737179005,1.5396115796799883
1788651073.391393,1225,Move held cable to port offset then insert: port-via-0.75,during,0.003105,1,0.727886,0.0278191 -0.0278191 -0.020564 -0.145043 0.00374847,8.92241 4.21525 -3.79653 0.00488407 -0.00453418,16.94360160268843,129.5677373688668,0.044643146474376505,-0.26224196296243424,1.5434587049484252,0.011802776716649532,-0.023867608979344368,0.007855076342821121,-0.007224713452160358,0.4253017008304596,-1.4108731746673584,0.0511522081749923,-0.2622815237060312,1.5380800971193578,0.051001564397873456,-0.2622857489086276,1.541181528548447
1788651073.806992,1230,Move held cable to port offset then insert: port-via-0.75,during,0.003104,1,0.727884,0.0277217 -0.0277217 -0.0204424 -0.147397 0.00372284,8.89026 4.2036 -3.78602 0.00371558 -0.00337903,16.88698099553585,98.25238788779825,0.04228533573867399,-0.2604155872395491,1.5447764444351195,0.010449006222188473,-0.020611219108104706,0.007333511020988226,-0.040330465883016586,0.4408093988895416,-1.3798108100891113,0.04875052134560498,-0.2604423907495494,1.5393449740764005,0.04862461141390332,-0.2604532258331297,1.542446402524495
1788651074.217106,1235,Move held cable to port offset then insert: port-via-0.75,during,0.003106,1,0.727884,0.0277158 -0.0277158 -0.0202812 -0.148964 0.00355716,8.86044 4.19404 -3.77697 0.00232355 -0.00200501,16.835779503453523,61.986228720285,0.04076967902900297,-0.2591699991753554,1.5456773090362548,0.009036197327077389,-0.016547929495573044,0.006763356272131205,-0.0753641426563263,0.4572784900665283,-1.3580900430679321,0.047203279609827814,-0.25918926306539986,1.540206979494686,0.047095557882984265,-0.2592035081921819,1.543311075335605
1788651074.626014,1240,Move held cable to port offset then insert: port-via-0.75,during,0.003106,1,0.727884,0.0288062 -0.0288062 -0.0193209 -0.153246 0.00236494,8.83581 4.18726 -3.7714 0.000722363 -0.00045768,16.79564868437592,21.48761897344957,0.04013369746924955,-0.2586346898606276,1.546075587272644,0.007548052351921797,-0.012174590490758419,0.006436996627599001,-0.11842545121908188,0.4928267002105713,-1.306435465812683,0.046554152809297394,-0.25864920558980864,1.5405894569001848,0.04645362614632301,-0.2586660792593932,1.5436934780648417
1788651074.790934,1241,Move held cable to port offset then insert: port-via-0.75,reached,0.003104,1,0.727875,0.0174826 -0.0174826 -0.0391931 -0.162455 0.0164274,7.61823 3.68516 -3.11154 -0.00115176 -8.50261e-05,14.416171655226208,7.498529171803966,0.040110392053142374,-0.2585986290505385,1.5461049127578734,0.00807941984385252,-0.013291736133396626,0.00363802257925272,0.024695325642824173,0.02714080736041069,-1.3014031648635864,0.04652964111930413,-0.25861375454521496,1.5406182696151414,0.046429342500453843,-0.25862898704014525,1.5437201964870277
1788651075.033560,1245,Move held cable to port offset then insert: port-via-0.77,during,0.003103,1,0.727876,0.0156305 -0.0156305 -0.0424899 -0.178232 0.0192224,7.52674 3.64115 -3.07713 -1.98611e-05 1.3723e-06,14.245048537097318,7.418747301679105,0.04011054106475431,-0.25859967213182206,1.5461045551300048,0.00813058391213417,-0.01275565940886736,0.0025100570637732744,-0.7356734275817871,-0.3810838758945465,-1.2413853406906128,0.04652981894121319,-0.25861423483934154,1.5406181060945066,0.04642944936076293,-0.2586300104231646,1.5437197269202043
1788651075.443956,1250,Move held cable to port offset then insert: port-via-0.77,during,0.003104,1,0.727876,0.0159523 -0.0159524 -0.0421276 -0.180031 0.0189248,7.53053 3.64291 -3.07871 -4.50126e-06 -1.20485e-06,14.25215361908522,7.420527144684456,0.04011054106475431,-0.25859970193414444,1.5461044359207152,0.008095763623714447,-0.012729695998132229,0.0027580787427723408,-0.7935829758644104,-0.37879976630210876,-1.238645076751709,0.046530031527430765,-0.2586146478988398,1.5406176998573113,0.04642944661915511,-0.258630046544434,1.54371960052708
1788651075.851994,1255,Move held cable to port offset then insert: port-via-0.77,during,0.003103,1,0.727876,0.0148386 -0.0148386 -0.0435704 -0.178555 0.0201719,7.53032 3.6432 -3.07742 -9.29784e-06 -2.35895e-06,14.250951025990616,7.440698909456842,0.04011054106475431,-0.2585997913411116,1.5461041975021361,0.0081477677449584,-0.012653962709009647,0.002120292978361249,-0.7216057181358337,-0.42078036069869995,-1.2522622346878052,0.046529942124751505,-0.2586145460710183,1.5406179647190765,0.046429447711820004,-0.2586300961759491,1.5437193644978773
1788651076.261846,1260,Move held cable to port offset then insert: port-via-0.77,during,0.003103,1,0.727876,0.0147736 -0.0147736 -0.0433124 -0.175595 0.0200775,7.53164 3.64389 -3.07779 8.98785e-06 1.82935e-06,14.253329365409513,7.444908319041133,0.04011054106475431,-0.25859964232949967,1.5461044359207152,0.008168592117726803,-0.01270957663655281,0.0020796069875359535,-0.6300594806671143,-0.3892427384853363,-1.2544821500778198,0.04652991232391371,-0.25861451212835684,1.5406180530063245,0.04642944657047112,-0.2586299808077305,1.54371960032007
1788651076.673262,1265,Move held cable to port offset then insert: port-via-0.77,during,0.003103,1,0.727877,0.014192 -0.014192 -0.0442404 -0.177253 0.0207706,7.53245 3.64453 -3.07733 3.06488e-06 -3.64661e-07,14.254304739130134,7.444245946826413,0.04011054106475431,-0.2585997615387892,1.5461043167114257,0.008200572803616524,-0.012658044695854187,0.0019915273878723383,-0.7186084985733032,-0.4358757436275482,-1.2448699474334717,0.04652988947575781,-0.2586144647387168,1.5406180927500401,0.04642944221194101,-0.258630031840979,1.5437194686960507
1788651077.083415,1270,Move held cable to port offset then insert: port-via-0.77,during,0.003103,1,0.727876,0.0141401 -0.0141401 -0.0442053 -0.175811 0.0207468,7.53167 3.64421 -3.07694 3.33455e-06 -5.56484e-07,14.252819614450516,7.448913587140851,0.04011054106475431,-0.25859973173646683,1.5461043167114257,0.008209777995944023,-0.012669366784393787,0.0018495513359084725,-0.661880612373352,-0.42799049615859985,-1.247377872467041,0.04652988947575781,-0.2586144647387168,1.5406180927500401,0.04642944095197726,-0.25863001983695,1.5437194655836253
1788651077.499916,1275,Move held cable to port offset then insert: port-via-0.77,during,0.003103,1,0.727877,0.0139987 -0.0139987 -0.0443212 -0.176671 0.0208125,7.53054 3.64372 -3.07631 -3.32235e-06 -3.55968e-06,14.250567880944118,7.445846316288225,0.04011054106475431,-0.2585997913411116,1.5461043167114257,0.008229730650782585,-0.012674068100750446,0.0020936839282512665,-0.7544697523117065,-0.4422375559806824,-1.2274776697158813,0.04652991927657771,-0.25861449868138664,1.540618004462792,0.046429436309348815,-0.25863006211948286,1.5437194530626266
1788651077.920696,1280,Move held cable to port offset then insert: port-via-0.77,during,0.003103,1,0.727877,0.0142398 -0.0142398 -0.0440857 -0.176541 0.0205827,7.53225 3.64454 -3.07701 3.55844e-09 -1.79955e-06,14.253803148938271,7.44876444619149,0.04011054106475431,-0.2585997615387892,1.5461043167114257,0.008215941488742828,-0.012676862999796867,0.002066899323835969,-0.7174119353294373,-0.4303362965583801,-1.234541654586792,0.04652988947575781,-0.2586144647387168,1.5406180927500401,0.046429438170542826,-0.25863004237786485,1.5437194581217415
1788651078.336301,1285,Move held cable to port offset then insert: port-via-0.77,during,0.003103,1,0.727878,0.0139631 -0.0139631 -0.0444583 -0.17586 0.0209012,7.53133 3.64417 -3.07643 2.76333e-06 -1.64098e-06,14.251929157501763,7.450256927288137,0.04011054106475431,-0.2585997615387892,1.5461043167114257,0.008233824744820595,-0.012654541060328484,0.001959647983312607,-0.6869097948074341,-0.42917758226394653,-1.2407379150390625,0.04652988947575781,-0.2586144647387168,1.5406180927500401,0.04642943431593265,-0.25863005267626504,1.5437194480394127
1788651078.747676,1290,Move held cable to port offset then insert: port-via-0.77,during,0.003103,1,0.727877,0.0146369 -0.0146369 -0.0437693 -0.176363 0.0204151,7.53334 3.64492 -3.07812 2.33188e-07 -3.63795e-07,14.256382823927183,7.456761746900156,0.04011048146010954,-0.2585996125271773,1.5461044359207152,0.008209101855754852,-0.012662481516599655,0.001921974471770227,-0.617407500743866,-0.40570560097694397,-1.2610726356506348,0.04652991232391371,-0.25861451212835684,1.5406180530063245,0.046429377575425854,-0.25862990249271567,1.5437195748225845
1788651079.158915,1295,Move held cable to port offset then insert: port-via-0.77,during,0.003103,1,0.727877,0.0145641 -0.0145642 -0.0438021 -0.176242 0.0203975,7.53419 3.64545 -3.07809 2.17032e-07 -2.13741e-07,14.257729484270229,7.455889539094642,0.0401105708670767,-0.25859967213182206,1.5461044359207152,0.008220729418098927,-0.012682061642408371,0.00204614014364779,-0.6459997892379761,-0.40571218729019165,-1.249483346939087,0.04652988947575781,-0.2586144647387168,1.5406180927500401,0.04642947005869025,-0.2586299723548124,1.5437195831038186
1788651079.572270,1300,Move held cable to port offset then insert: port-via-0.77,during,0.003103,1,0.727877,0.0150697 -0.0150697 -0.0432127 -0.177284 0.0199321,7.5319 3.64411 -3.078 -3.60575e-06 4.17364e-07,14.254017561477667,7.456625832594,0.040110511262431925,-0.2585995827248549,1.5461045551300048,0.008192118257284164,-0.01269763894379139,0.0022409509401768446,-0.6552202105522156,-0.3881770670413971,-1.2488770484924316,0.04652992622924698,-0.258614485234406,1.540617955919263,0.046429403316001996,-0.25862991712326744,1.543719683834704
1788651079.982953,1305,Move held cable to port offset then insert: port-via-0.77,during,0.003103,1,0.727877,0.0140552 -0.0140551 -0.0446036 -0.176819 0.0210886,7.53366 3.64536 -3.07735 -1.80316e-06 -1.1096e-06,14.256377033467743,7.455925834248774,0.04011054106475431,-0.25859964232949967,1.5461043167114257,0.008246766403317451,-0.012663562782108784,0.0016501229256391525,-0.6144853234291077,-0.4346526861190796,-1.2553824186325073,0.04652988947575781,-0.2586144647387168,1.5406180927500401,0.04642944086535213,-0.25862990898917965,1.543719465081897
1788651080.389746,1310,Move held cable to port offset then insert: port-via-0.77,during,0.003103,1,0.727877,0.0143276 -0.0143276 -0.0441495 -0.174749 0.0206549,7.53356 3.64515 -3.07791 -9.00065e-08 -8.20111e-07,14.256621555640713,7.456676157773472,0.0401105708670767,-0.2585996125271773,1.5461044359207152,0.008238227106630802,-0.012655729427933693,0.0017979213735088706,-0.5712367296218872,-0.40349721908569336,-1.2614941596984863,0.04652988947575781,-0.2586144647387168,1.5406180927500401,0.04642946585282404,-0.2586299180031504,1.5437195720267431
1788651080.798113,1315,Move held cable to port offset then insert: port-via-0.77,during,0.003103,1,0.727877,0.0143813 -0.0143814 -0.0440726 -0.175205 0.0205769,7.533 3.64488 -3.07761 1.47498e-07 -1.39004e-06,14.255495655271943,7.45353912981227,0.04011054106475431,-0.25859967213182206,1.5461044359207152,0.008239515125751495,-0.012641468085348606,0.0018563085468485951,-0.6012616157531738,-0.40872687101364136,-1.2566298246383667,0.04652988947575781,-0.2586144647387168,1.5406180927500401,0.04642943608285981,-0.25862996964641016,1.5437195720113237
1788651081.206200,1320,Move held cable to port offset then insert: port-via-0.77,during,0.003103,1,0.727878,0.0145935 -0.0145935 -0.0439942 -0.177981 0.0204759,7.53227 3.64454 -3.07731 -9.2357e-06 -2.8745e-06,14.254142712086377,7.449812104692683,0.04011054106475431,-0.25859970193414444,1.5461043167114257,0.008217724040150642,-0.012623259797692299,0.0020331216510385275,-0.68533855676651,-0.4234596788883209,-1.2493867874145508,0.04652988947575781,-0.2586144647387168,1.5406180927500401,0.0464294360443353,-0.2586299855770573,1.5437194525237738
1788651081.623920,1325,Move held cable to port offset then insert: port-via-0.77,during,0.003103,1,0.727877,0.0147112 -0.0147112 -0.0437393 -0.177055 0.0203286,7.53413 3.64539 -3.07826 -4.52508e-06 -3.68184e-06,14.257786613065036,7.451993693830445,0.04011048146010954,-0.2585996125271773,1.5461043167114257,0.008221834897994995,-0.012658226303756237,0.0020204244647175074,-0.65300053358078,-0.41081753373146057,-1.2513068914413452,0.04652991232391371,-0.25861451212835684,1.5406180530063245,0.04642937883546658,-0.25862990830336363,1.5437194590256929
1788651082.040381,1330,Move held cable to port offset then insert: port-via-0.77,during,0.003103,1,0.727878,0.0146728 -0.0146728 -0.0436995 -0.176157 0.0203047,7.53364 3.64522 -3.0778 -1.75845e-06 -4.72553e-07,14.256658162479596,7.453630849369802,0.04011048146010954,-0.25859964232949967,1.5461044359207152,0.008227399550378323,-0.012674171477556229,0.0020847718697041273,-0.6332141160964966,-0.39849600195884705,-1.2490284442901611,0.04652991232391371,-0.25861451212835684,1.5406180530063245,0.04642937440129073,-0.2586299266246932,1.543719566340444
1788651082.438726,1335,Move held cable to port offset then insert: port-via-0.77,during,0.003103,1,0.727877,0.0146584 -0.0146584 -0.0437949 -0.176852 0.0203392,7.53467 3.64574 -3.07818 -4.3031e-06 -2.12e-07,14.258594736501607,7.450844047823921,0.0401105708670767,-0.25859964232949967,1.5461043167114257,0.008231096900999546,-0.01267483364790678,0.0020865509286522865,-0.6641262173652649,-0.4096555709838867,-1.2448937892913818,0.04652988947575781,-0.2586144647387168,1.5406180927500401,0.046429466368388204,-0.25862993024051084,1.5437194539603434
1788651082.837915,1340,Move held cable to port offset then insert: port-via-0.77,during,0.003103,1,0.727877,0.0150857 -0.0150857 -0.0434044 -0.177089 0.0200121,7.53408 3.64521 -3.07875 1.1368e-06 -1.21389e-07,14.258042878444044,7.445996616734192,0.040110511262431925,-0.25859964232949967,1.5461044359207152,0.008208333514630795,-0.012689533643424511,0.002103666542097926,-0.6114967465400696,-0.3847137987613678,-1.2573366165161133,0.04652999477382233,-0.2586146274032758,1.5406178366881182,0.046429404670063366,-0.25862996083090006,1.5437195680109532
1788651083.236733,1345,Move held cable to port offset then insert: port-via-0.77,during,0.003103,1,0.727877,0.0151378 -0.0151377 -0.0433788 -0.178049 0.0200193,7.53294 3.64475 -3.07808 -7.14414e-06 -8.9903e-07,14.255777057531873,7.454424045747146,0.040110511262431925,-0.2585996125271773,1.5461045551300048,0.008203304372727871,-0.01265382394194603,0.0021208622492849827,-0.6426204442977905,-0.3968210220336914,-1.2576487064361572,0.04652991927657771,-0.25861449868138664,1.540618004462792,0.0464294065991329,-0.25862991925948353,1.543719692181879
1788651083.635864,1350,Move held cable to port offset then insert: port-via-0.77,during,0.003103,1,0.727876,0.0146078 -0.0146078 -0.0438851 -0.176296 0.0204392,7.53563 3.64613 -3.07881 4.32105e-06 -5.28949e-07,14.260574422446098,7.45492615213152,0.04011048146010954,-0.2585996125271773,1.5461044359207152,0.008229067549109459,-0.012641607783734798,0.001919738482683897,-0.6102924942970276,-0.40482062101364136,-1.2576056718826294,0.04652993517208315,-0.258614559517997,1.5406180132626168,0.04642937577418846,-0.2586299048531353,1.5437195700800364
1788651084.039505,1355,Move held cable to port offset then insert: port-via-0.77,during,0.003103,1,0.727877,0.0152172 -0.0152172 -0.0433922 -0.178315 0.0199391,7.53549 3.64594 -3.07928 -9.26358e-06 -1.63396e-06,14.260717799090344,7.45660859788768,0.040110511262431925,-0.2585995231202101,1.5461044359207152,0.008198358118534088,-0.012675994075834751,0.002160463947802782,-0.6409032344818115,-0.39168086647987366,-1.2570128440856934,0.046529942124751505,-0.2586145460710183,1.5406179647190765,0.04642940692029373,-0.2586298402349928,1.543719573955495
1788651084.441035,1360,Move held cable to port offset then insert: port-via-0.77,during,0.003103,1,0.727877,0.0146216 -0.0146216 -0.0440511 -0.176796 0.0205184,7.53381 3.64531 -3.07799 -1.57138e-06 -1.35238e-06,14.257118287827325,7.452600771095604,0.04011048146010954,-0.2585996125271773,1.5461044359207152,0.008226520381867886,-0.01261149626225233,0.001882481505163014,-0.6048012375831604,-0.40829023718833923,-1.263857126235962,0.04652991232391371,-0.25861451212835684,1.5406180530063245,0.046429374804076454,-0.25862991036115335,1.543719567579617
1788651084.599460,1361,Move held cable to port offset then insert: port-via-0.77,reached,0.003105,1,0.727878,0.01466 -0.01466 -0.0437611 -0.176422 0.0204023,7.53283 3.64463 -3.07745 3.63748e-05 -3.52382e-05,14.25498875780977,7.474363060668111,0.04010303087951261,-0.25857907872705216,1.5461148071289061,0.008210291154682636,-0.01255063433200121,0.0020746849477291107,-0.6212051510810852,-0.41010257601737976,-1.256730079650879,0.0465220939699823,-0.25859401090269707,1.5406264995172416,0.04642180540104449,-0.25860970847127895,1.5437296282214958
1788651084.843172,1365,Move held cable to port offset then insert: port-via-0.79,during,0.003105,1,0.727876,0.0143178 -0.0143178 -0.0442073 -0.175557 0.0206848,7.53792 3.64737 -3.07926 4.03297e-06 -1.91159e-06,14.264558537788162,7.446117129875347,0.040102762658611124,-0.25857860188989396,1.5461155223846434,0.008262055926024914,-0.012642684392631054,0.001933106454089284,-0.6067878603935242,-0.41398245096206665,-1.252655029296875,0.04652205624238007,-0.2585939923012691,1.5406268667569687,0.0464215335102722,-0.2586092259431886,1.5437303336820236
1788651085.258956,1370,Move held cable to port offset then insert: port-via-0.79,during,0.003105,1,0.727877,0.0148438 -0.0148439 -0.0433528 -0.176441 0.020099,7.5359 3.64622 -3.07889 4.05709e-06 1.33703e-06,14.261021286155142,7.45161641901359,0.0401028222632559,-0.2585786912968611,1.5461152839660643,0.008232484571635723,-0.01268787868320942,0.002314238343387842,-0.6506553888320923,-0.3918275237083435,-1.2417011260986328,0.04652199665198303,-0.2585939244147722,1.540627043332845,0.04642159165162925,-0.2586093434053202,1.5437300917473216
1788651085.659726,1375,Move held cable to port offset then insert: port-via-0.79,during,0.003105,1,0.727877,0.0155124 -0.0155124 -0.0430513 -0.17887 0.0197261,7.53302 3.64465 -3.07837 -4.11351e-06 3.78085e-07,14.25604911782645,7.44506735028699,0.04010285206557829,-0.25857866149453873,1.5461152839660643,0.008183304220438004,-0.0126405144110322,0.002224143361672759,-0.6302650570869446,-0.3908909857273102,-1.2650753259658813,0.04652198771198293,-0.2585938501360555,1.540626986000622,0.0464216243548137,-0.2586093242537308,1.543730099569097
1788651086.062711,1380,Move held cable to port offset then insert: port-via-0.79,during,0.003105,1,0.727877,0.0148659 -0.0148659 -0.0435846 -0.177002 0.0201645,7.53537 3.64591 -3.07892 8.37604e-06 8.83037e-07,14.260209759563793,7.445837504812516,0.04010285206557829,-0.2585787210991835,1.5461152839660643,0.00822074618190527,-0.012649862095713615,0.002196928486227989,-0.640221357345581,-0.3986018896102905,-1.2509549856185913,0.04652204233891072,-0.25859401919161495,1.540626963837114,0.04642162680995439,-0.2586093629839425,1.5437301058049446
1788651086.477997,1385,Move held cable to port offset then insert: port-via-0.79,during,0.003105,1,0.727877,0.0148366 -0.0148366 -0.0436994 -0.176836 0.0202581,7.5352 3.64583 -3.07881 4.07404e-06 -1.28765e-07,14.259842545466881,7.447642816463485,0.04010285206557829,-0.2585787210991835,1.5461152839660643,0.008228166960179806,-0.012641136534512043,0.002103783655911684,-0.6212273240089417,-0.40045490860939026,-1.2566871643066406,0.04652204233891072,-0.25859401919161495,1.540626963837114,0.04642162427300367,-0.2586093709230611,1.5437300991861131
1788651086.883513,1390,Move held cable to port offset then insert: port-via-0.79,during,0.003105,1,0.727877,0.014834 -0.014834 -0.0437018 -0.176364 0.0202341,7.53503 3.64581 -3.0786 -1.78347e-06 -1.38674e-06,14.259437870216402,7.446092746336944,0.04010285206557829,-0.2585787210991835,1.5461152839660643,0.008231326937675476,-0.012639448046684265,0.002046929206699133,-0.5996794104576111,-0.3981950581073761,-1.258866548538208,0.046522049290642686,-0.25859400574644725,1.5406269152970395,0.04642162327747827,-0.2586093674295654,1.5437300965039045
1788651087.291123,1395,Move held cable to port offset then insert: port-via-0.79,during,0.003105,1,0.727877,0.0147713 -0.0147713 -0.0436835 -0.176277 0.0202453,7.53589 3.64621 -3.07899 3.97203e-06 6.74571e-07,14.261094209971418,7.450385924079455,0.0401028222632559,-0.2585786912968611,1.5461152839660643,0.008226275444030762,-0.012644931674003601,0.0021231628488749266,-0.6079697012901306,-0.3943297564983368,-1.2542240619659424,0.04652197380853962,-0.25859387702635084,1.5406270830807223,0.04642159381143943,-0.25860935854875955,1.5437300976636816
1788651087.712777,1400,Move held cable to port offset then insert: port-via-0.79,during,0.003105,1,0.727876,0.0150311 -0.0150311 -0.0434229 -0.17658 0.0199581,7.53776 3.64712 -3.07972 6.26873e-06 6.20404e-07,14.264604066643983,7.451683165854774,0.0401028222632559,-0.2585786912968611,1.5461152839660643,0.008234045468270779,-0.012704815715551376,0.0023605534806847572,-0.6337839961051941,-0.3814852237701416,-1.2447209358215332,0.04652204233891072,-0.25859401919161495,1.540626963837114,0.04642159672303424,-0.25860933099797917,1.5437301050229417
1788651088.134694,1405,Move held cable to port offset then insert: port-via-0.79,during,0.003105,1,0.727878,0.0148122 -0.0148122 -0.0438231 -0.178503 0.0203952,7.5327 3.64469 -3.07766 -6.8164e-06 -2.66005e-06,14.255059658788923,7.443841666681692,0.040102881867900675,-0.2585787210991835,1.5461151647567748,0.008226275444030762,-0.012597213499248028,0.0020611851941794157,-0.6682782769203186,-0.4245821535587311,-1.2570970058441162,0.04652202644716777,-0.2585939583580342,1.5406269550449085,0.046421651842678394,-0.25860934932847013,1.543729973784763
1788651088.548938,1410,Move held cable to port offset then insert: port-via-0.79,during,0.003105,1,0.727877,0.0150534 -0.0150534 -0.0435399 -0.178925 0.0200794,7.53713 3.64684 -3.07943 -3.93743e-06 -2.76228e-07,14.263406914083134,7.45327571046073,0.04010285206557829,-0.2585787210991835,1.5461151647567748,0.008217373862862587,-0.012667193077504635,0.0023882798850536346,-0.6881943345069885,-0.4003585875034332,-1.2453516721725464,0.04652199665198303,-0.2585939244147722,1.540627043332845,0.04642162087888821,-0.25860935757673853,1.543729970813773
1788651088.972511,1415,Move held cable to port offset then insert: port-via-0.79,during,0.003105,1,0.727877,0.0150742 -0.0150742 -0.0434513 -0.178556 0.0200868,7.53609 3.64633 -3.07903 -1.4457e-06 8.13997e-07,14.261445397818306,7.453262009657919,0.0401028222632559,-0.2585786912968611,1.5461151647567748,0.008214049972593784,-0.012638332322239876,0.002253094920888543,-0.6632174253463745,-0.40415433049201965,-1.253446102142334,0.04652197380853962,-0.25859387702635084,1.5406270830807223,0.04642159480519334,-0.25860932950102333,1.5437299807137186
1788651089.391802,1420,Move held cable to port offset then insert: port-via-0.79,during,0.003105,1,0.727878,0.0148271 -0.0148271 -0.0436731 -0.17723 0.0202441,7.53469 3.64566 -3.0784 1.16225e-06 -5.02535e-07,14.258749719291359,7.442155247670598,0.040102762658611124,-0.2585786912968611,1.5461152839660643,0.008220335468649864,-0.012610524892807007,0.00209749024361372,-0.6374937295913696,-0.40808871388435364,-1.2556538581848145,0.046521987711982904,-0.2585938501360555,1.540626986000622,0.046421534520876495,-0.25860934100205124,1.5437300982701987
1788651089.801965,1425,Move held cable to port offset then insert: port-via-0.79,during,0.003105,1,0.727877,0.0146531 -0.0146531 -0.0440389 -0.177763 0.0204929,7.53233 3.6445 -3.07759 -5.47095e-07 -1.09552e-06,14.254408094791756,7.452106327051297,0.04010285206557829,-0.2585786912968611,1.5461151647567748,0.00821920670568943,-0.01257618609815836,0.0020241159945726395,-0.6413745284080505,-0.41840660572052,-1.2602776288986206,0.04652198076025868,-0.2585938635812083,1.5406270345406705,0.04642162482536866,-0.25860932731353903,1.5437299812627516
1788651090.209442,1430,Move held cable to port offset then insert: port-via-0.79,during,0.003105,1,0.727877,0.014823 -0.014823 -0.0436658 -0.177304 0.0202648,7.53355 3.6451 -3.0779 -2.37389e-06 -2.4183e-07,14.256556742460162,7.447811827296391,0.0401028222632559,-0.2585787210991835,1.5461151647567748,0.00822938047349453,-0.01261315867304802,0.0021108249202370644,-0.6432031989097595,-0.41032224893569946,-1.254265546798706,0.04652198076025868,-0.2585938635812083,1.5406270345406705,0.04642159455867359,-0.2586093541420492,1.5437299799943518
1788651090.619810,1435,Move held cable to port offset then insert: port-via-0.79,during,0.003105,1,0.727877,0.014749 -0.0147491 -0.0437032 -0.176975 0.0203304,7.53293 3.64478 -3.07778 2.63001e-06 7.40317e-08,14.255493007078194,7.4457903049187735,0.0401028222632559,-0.2585786912968611,1.5461151647567748,0.008232593536376953,-0.012626097537577152,0.0020893842447549105,-0.6322322487831116,-0.40787070989608765,-1.253961205482483,0.0465220036037064,-0.2585939109696213,1.5406269947927858,0.046421592307036234,-0.25860934312954986,1.5437299742707706
1788651091.039351,1440,Move held cable to port offset then insert: port-via-0.79,during,0.003105,1,0.727877,0.0156223 -0.0156223 -0.0428994 -0.177751 0.0195086,7.5359 3.64603 -3.07969 1.10874e-06 2.18847e-06,14.261630494467909,7.455994394142181,0.0401028222632559,-0.2585787210991835,1.5461152839660643,0.008190378546714783,-0.012684541754424572,0.0023428297135978937,-0.6045123338699341,-0.3700876235961914,-1.2599515914916992,0.04652197380853962,-0.25859387702635084,1.5406270830807223,0.04642159161044075,-0.25860940922210507,1.5437300921013004
1788651091.451469,1445,Move held cable to port offset then insert: port-via-0.79,during,0.003105,1,0.727876,0.0150623 -0.0150622 -0.043545 -0.178055 0.0200712,7.53546 3.64599 -3.07891 5.88991e-06 1.28383e-06,14.260374567227359,7.454427490010858,0.0401028222632559,-0.25857866149453873,1.5461151647567748,0.0082093495875597,-0.012626047246158123,0.002205268247053027,-0.6425705552101135,-0.39975640177726746,-1.2569377422332764,0.04652197380853962,-0.25859387702635084,1.5406270830807223,0.04642159168608759,-0.2586093087951785,1.543729972567537
1788651091.862369,1450,Move held cable to port offset then insert: port-via-0.79,during,0.003105,1,0.727877,0.0150157 -0.0150157 -0.0436016 -0.17717 0.0201381,7.53566 3.64611 -3.07889 1.35409e-06 9.1926e-07,14.260656722809244,7.451846699230373,0.04010279246093351,-0.2585786912968611,1.5461152839660643,0.008220644667744637,-0.012619688175618649,0.0020262980833649635,-0.591650664806366,-0.39788979291915894,-1.265325665473938,0.046521973808539646,-0.25859387702635084,1.5406270830807225,0.04642156160571306,-0.2586093353885428,1.5437300909989913
1788651092.274669,1455,Move held cable to port offset then insert: port-via-0.79,during,0.003105,1,0.727878,0.0147783 -0.0147783 -0.0438354 -0.178602 0.0203436,7.5339 3.64525 -3.07818 -6.42535e-07 -1.38055e-06,14.257338401180391,7.444441371364519,0.0401028222632559,-0.2585786912968611,1.5461151647567748,0.008231530897319317,-0.012612471356987953,0.0021888739429414272,-0.7016198635101318,-0.4250512719154358,-1.2463173866271973,0.046522049290642686,-0.25859400574644725,1.5406269152970395,0.04642159007326179,-0.25860931699876955,1.5437299680174759
1788651092.686942,1460,Move held cable to port offset then insert: port-via-0.79,during,0.003105,1,0.727876,0.0148727 -0.0148727 -0.0438091 -0.179395 0.0203803,7.53565 3.64608 -3.07902 -9.66857e-07 -2.3862e-07,14.260753883395125,7.44989529135637,0.0401028222632559,-0.2585787210991835,1.5461152839660643,0.008206269703805447,-0.012586209923028946,0.002107362262904644,-0.6743052005767822,-0.4216749370098114,-1.2599461078643799,0.04652204233891072,-0.25859401919161495,1.540626963837114,0.04642159332246748,-0.25860934807786035,1.5437300958508426
1788651093.097347,1465,Move held cable to port offset then insert: port-via-0.79,during,0.003105,1,0.727877,0.0147861 -0.0147861 -0.0439772 -0.178055 0.020406,7.53156 3.64415 -3.07718 -4.93809e-06 -1.58262e-06,14.252895200217722,7.448562760720961,0.04010285206557829,-0.2585787210991835,1.5461152839660643,0.008225936442613602,-0.012593936175107956,0.0020103685092180967,-0.6427134275436401,-0.419151246547699,-1.2603205442428589,0.046522049290642686,-0.25859400574644725,1.5406269152970395,0.04642162415277563,-0.25860935938569385,1.5437300987193796
1788651093.500997,1470,Move held cable to port offset then insert: port-via-0.79,during,0.003105,1,0.727877,0.0147182 -0.0147181 -0.0437305 -0.176924 0.0203887,7.53326 3.64497 -3.07789 -2.93862e-06 -8.77324e-07,14.256124974540228,7.444668335374445,0.04010285206557829,-0.25857866149453873,1.5461151647567748,0.008230083622038364,-0.012602429836988449,0.0019876144360750914,-0.616190493106842,-0.4109668433666229,-1.260042428970337,0.046522049290642686,-0.25859400574644725,1.5406269152970395,0.04642162284877459,-0.2586093056024606,1.5437299761303511
1788651093.901478,1475,Move held cable to port offset then insert: port-via-0.79,during,0.003105,1,0.727877,0.0148628 -0.0148628 -0.0438946 -0.178261 0.0203439,7.53544 3.64598 -3.07885 -3.44364e-06 -1.71792e-06,14.260267889290958,7.444256851798855,0.04010285206557829,-0.2585787509015059,1.5461151647567748,0.00821668654680252,-0.012593192979693413,0.002000500215217471,-0.6419318914413452,-0.41931477189064026,-1.2610688209533691,0.046522049290642714,-0.25859400574644725,1.5406269152970395,0.04642162394885019,-0.2586093888284579,1.5437299789652374
1788651094.320387,1480,Move held cable to port offset then insert: port-via-0.79,during,0.003105,1,0.727877,0.0148965 -0.0148965 -0.0435699 -0.17769 0.0202131,7.53257 3.64459 -3.07769 1.45745e-06 3.50445e-07,14.254852910722661,7.446539816795848,0.04010285206557829,-0.2585787509015059,1.5461152839660643,0.008225087076425552,-0.0126310670748353,0.0021497721318155527,-0.6547672748565674,-0.4108153283596039,-1.252761721611023,0.046522049290642686,-0.25859400574644725,1.5406269152970395,0.0464216254910026,-0.2586094020491318,1.5437301024298185
1788651094.484416,1481,Move held cable to port offset then insert: port-via-0.79,reached,0.003102,1,0.727878,0.0147427 -0.0147428 -0.0437674 -0.175981 0.0203215,7.53328 3.64459 -3.07773 0.000114019 -0.000101184,14.255818755460496,10.080266403325368,0.04008506007911283,-0.2585542235901808,1.546118025779724,0.008356504142284393,-0.012960942462086678,0.001732600387185812,-0.5838226675987244,-0.401935875415802,-1.2607470750808716,0.04650487413292578,-0.25856907196938095,1.5406319686699794,0.046403782341863944,-0.2585853391268581,1.5437327147213633
1788651094.735735,1485,Move held cable to port offset then insert: port-via-0.81,during,0.003103,1,0.727877,0.0163742 -0.0163742 -0.0421165 -0.171257 0.0188994,7.55604 3.65439 -3.08769 0.000367581 -0.000510584,14.299002716434188,24.73343377932906,0.03994892307044584,-0.2585017118981337,1.546033625602722,0.009395981207489967,-0.015371984802186489,0.000761894159950316,-0.1791425198316574,-0.23355095088481903,-1.3399534225463867,0.0463704784427659,-0.2585181190183757,1.5405493331062061,0.04626864491588245,-0.2585341383104832,1.543650981613444
1788651095.156692,1490,Move held cable to port offset then insert: port-via-0.81,during,0.003102,1,0.727879,0.0141738 -0.0141738 -0.0441703 -0.168097 0.0205722,7.54759 3.64877 -3.07903 0.00121861 -0.00111491,14.277720093145035,47.103747660759836,0.03940336175681669,-0.25830278139619584,1.5456919717788695,0.01107316929847002,-0.019026800990104675,-0.0009631416178308427,-0.2967100739479065,-0.3264223039150238,-1.252360224723816,0.045833768243453865,-0.25832425004486664,1.5402193760230964,0.0457270317058677,-0.25833978781878986,1.5433198931638772
1788651095.561679,1495,Move held cable to port offset then insert: port-via-0.81,during,0.003103,1,0.727879,0.0125999 -0.0126 -0.0457413 -0.162786 0.022123,7.55422 3.65034 -3.0786 0.00190066 -0.00172202,14.28678885451518,67.65828672517091,0.038491410691753214,-0.2579805288842177,1.5451375293731688,0.012546083889901638,-0.022193938493728638,-0.002931067952886224,-0.09502260386943817,-0.3278746008872986,-1.2732939720153809,0.04493703103526139,-0.25801029110942925,1.5396822360988354,0.04482157437978394,-0.25802468085952324,1.5427829580021202
1788651095.955871,1500,Move held cable to port offset then insert: port-via-0.81,during,0.003104,1,0.727878,0.0135904 -0.0135904 -0.0444391 -0.163171 0.0210056,7.55236 3.64739 -3.0771 0.00249748 -0.00226739,14.281624870141968,86.74060750752687,0.037251157243266886,-0.25756308775453324,1.5444191741943358,0.013660348020493984,-0.02530033327639103,-0.0036594560369849205,-0.09967226535081863,-0.29332026839256287,-1.2565090656280518,0.04371630824008971,-0.25760255506564655,1.5389859417725997,0.04358966652358624,-0.257616363070133,1.5420873530391868
1788651096.356865,1505,Move held cable to port offset then insert: port-via-0.81,during,0.003106,1,0.727879,0.013611 -0.013611 -0.0442069 -0.161219 0.0208648,7.54695 3.64316 -3.07325 0.00305207 -0.00276606,14.269183875527233,104.09085113927722,0.03572006293059904,-0.2570773397019362,1.54359543800354,0.014639444649219513,-0.02804749272763729,-0.004807885270565748,-0.0313907116651535,-0.2823471426963806,-1.2601985931396484,0.0422071962212662,-0.2571284564869068,1.538186961261459,0.0420680898880427,-0.2571409103022974,1.5412899140756906
1788651096.755921,1510,Move held cable to port offset then insert: port-via-0.81,during,0.003105,1,0.727879,0.0123468 -0.0123468 -0.0447784 -0.14939 0.0210413,7.55481 3.64545 -3.07666 0.0033883 -0.00324808,14.283556467620656,119.89728086255491,0.03393383093597013,-0.25655070286302323,1.542724494934082,0.015152347274124622,-0.03053256683051586,-0.006533435080200434,0.5617160201072693,-0.11537142843008041,-1.3133128881454468,0.04044457557247519,-0.2566149817308252,1.53734582958114,0.040291866854643095,-0.25662503789122715,1.5404470442505338
1788651097.146255,1515,Move held cable to port offset then insert: port-via-0.81,during,0.003104,1,0.72788,0.011339 -0.011339 -0.046421 -0.157762 0.0230971,7.53408 3.63452 -3.06337 0.0039728 -0.00363389,14.239572955761105,134.1019054763019,0.03192694254638273,-0.25601101260690445,1.5418634462356566,0.016006436198949814,-0.032529111951589584,-0.007050777785480022,0.05456317588686943,-0.3427267074584961,-1.2862428426742554,0.038460634537774624,-0.2560886050126553,1.5365141001639835,0.038294700781087064,-0.2560955769560966,1.5396136835835645
1788651097.535609,1520,Move held cable to port offset then insert: port-via-0.81,during,0.003105,1,0.727881,0.0116963 -0.0116964 -0.045596 -0.156469 0.0225394,7.52146 3.62689 -3.05792 0.00436052 -0.00399677,14.214623690582812,146.5118113104254,0.029731405456081217,-0.25547716360597367,1.5410682010650634,0.016325876116752625,-0.034489117562770844,-0.0076718637719750404,0.0915152058005333,-0.3282977044582367,-1.2889195680618286,0.03628616845898344,-0.2555675661799135,1.5357447248563512,0.03610810833779348,-0.2555711716466713,1.538844296637667
1788651097.923506,1525,Move held cable to port offset then insert: port-via-0.81,during,0.003104,1,0.72788,0.0110452 -0.0110453 -0.046114 -0.156468 0.023186,7.51127 3.62076 -3.0528 0.0046815 -0.00430754,14.193818756844848,157.03821676783264,0.02737842269660551,-0.2549670372536635,1.5403866815567016,0.016457080841064453,-0.036218781024217606,-0.008509990759193897,0.1706150323152542,-0.3410450518131256,-1.2887883186340332,0.033952160692534566,-0.25506793616374146,1.5350869723794827,0.03376275849158979,-0.25506887461829925,1.5381851335414187
1788651098.312395,1530,Move held cable to port offset then insert: port-via-0.81,during,0.003104,1,0.72788,0.0108451 -0.0108451 -0.0464643 -0.161387 0.0238243,7.50097 3.61494 -3.0472 0.00495074 -0.00456815,14.172621517442167,165.69944847747684,0.024898392636791056,-0.2544927630951857,1.5398576307296752,0.016517171636223793,-0.03771204501390457,-0.009039266034960747,0.09496232122182846,-0.40530046820640564,-1.2742915153503418,0.03148556645987738,-0.2546029972407155,1.5345761705881984,0.03128863705519265,-0.2546003856765132,1.5376735698997934
1788651098.702476,1535,Move held cable to port offset then insert: port-via-0.81,during,0.003104,1,0.727881,0.00978649 -0.00978646 -0.0478084 -0.163115 0.0251091,7.48822 3.60808 -3.04087 0.00513797 -0.00477024,14.147082331124693,172.30443613044918,0.022321743447795694,-0.2540606294205641,1.5395126390457152,0.016377530992031097,-0.03871631622314453,-0.00951780192553997,0.07028097659349442,-0.4569014608860016,-1.275840401649475,0.02891869181447107,-0.2541773561609485,1.5342427591847463,0.0287158870801704,-0.2541716998907508,1.537340193738058
1788651099.090178,1540,Move held cable to port offset then insert: port-via-0.81,during,0.003104,1,0.727882,0.00928997 -0.00928998 -0.0479947 -0.163342 0.0255339,7.47551 3.60138 -3.03476 0.00525419 -0.00490936,14.121812355704606,176.6663038097322,0.01968060203315336,-0.25367325883416886,1.539369111061096,0.016090383753180504,-0.03927749767899513,-0.009518641047179699,0.030640343204140663,-0.4759809672832489,-1.281632661819458,0.026281505706389763,-0.2537933670179606,1.5341042746176186,0.026076441229649642,-0.25378534711397516,1.5372017151015074
1788651099.478491,1545,Move held cable to port offset then insert: port-via-0.81,during,0.003104,1,0.727882,0.00878676 -0.00878674 -0.0483851 -0.166287 0.0261616,7.46269 3.59486 -3.02888 0.00530831 -0.00498355,14.09672025917098,178.64563063159585,0.017008346993938273,-0.2533291910222029,1.5394347953796386,0.015632230788469315,-0.03957994654774666,-0.00962040014564991,-0.06103278324007988,-0.5260235071182251,-1.2777215242385864,0.023607902418798732,-0.2534494632102316,1.5341679121749223,0.023403619527860783,-0.2534397544834733,1.537265649696787
1788651099.868402,1550,Move held cable to port offset then insert: port-via-0.81,during,0.003105,1,0.727882,0.00832627 -0.00832628 -0.0487426 -0.171144 0.0266859,7.45078 3.58904 -3.02339 0.00527831 -0.00498756,14.073476354591548,178.32602086290717,0.014341009337917154,-0.25302487950830216,1.5397031354904174,0.015072568319737911,-0.039538878947496414,-0.009165863506495953,-0.22094036638736725,-0.5834682583808899,-1.255366325378418,0.02093329248842357,-0.2531424328825691,1.53442682470381,0.020733493426985557,-0.2531315251486502,1.5375255905577125
1788651100.260688,1555,Move held cable to port offset then insert: port-via-0.81,during,0.003105,1,0.727882,0.00790067 -0.0079007 -0.0491141 -0.173444 0.0272559,7.43923 3.5837 -3.01833 0.00517248 -0.0049091,14.05134945223108,175.25776305794716,0.01171655722381193,-0.2527556751301741,1.5401581573486327,0.014437462203204632,-0.039077773690223694,-0.008935035206377506,-0.27954864501953125,-0.6044204235076904,-1.2539196014404297,0.01829739597710736,-0.25286684804866877,1.534867567753007,0.0181041794026232,-0.2528563218331652,1.537966107805971
1788651100.709687,1560,Move held cable to port offset then insert: port-via-0.81,during,0.003106,1,0.72789,0.031483 -0.0314831 -0.0121097 -0.149586 -0.00558734,8.69573 4.10831 -3.68854 0.00525848 -0.0047402,16.50258052535355,170.87166690826416,0.009174121100917643,-0.2525101039936995,1.5407730388641356,0.013360615819692612,-0.040756870061159134,0.0014499903190881014,-0.1419818252325058,0.7582843899726868,-0.6053645610809326,0.01573922318280907,-0.2526129505286648,1.5354624958536751,0.01555554829847406,-0.25260411472460287,1.5385627273566072
1788651101.097389,1565,Move held cable to port offset then insert: port-via-0.81,during,0.003105,1,0.727881,0.00710323 -0.00710323 -0.0497879 -0.180853 0.0283639,7.41924 3.57586 -3.00912 0.00469337 -0.00449783,14.013417892623693,160.83578024990857,0.006760252196803873,-0.25230363350419754,1.5415067720413207,0.013022244907915592,-0.037065114825963974,-0.007712567690759897,-0.5067840814590454,-0.6638960242271423,-1.2179936170578003,0.013305446172522689,-0.25239394300365114,1.536170957094269,0.013133072881009223,-0.2523873289124068,1.5392713571668164
1788651101.479675,1570,Move held cable to port offset then insert: port-via-0.81,during,0.003104,1,0.727889,0.0312391 -0.0312391 -0.0119923 -0.151146 -0.00512804,8.6672 4.09629 -3.67864 0.00464296 -0.00415787,16.450923043768853,150.83903617598116,0.004512799460902994,-0.25210792165307755,1.5423194217681884,0.011951112188398838,-0.037769392132759094,0.0029698743019253016,-0.18166737258434296,0.744034469127655,-0.6191459894180298,0.011036768411453596,-0.25218595997752535,1.5369589158511736,0.01087699403903525,-0.2521829058175609,1.540059259649601
1788651101.866146,1575,Move held cable to port offset then insert: port-via-0.81,during,0.003105,1,0.727889,0.0304327 -0.0304327 -0.012351 -0.147678 -0.00482462,8.65558 4.09239 -3.67439 0.00422896 -0.00375054,16.430338493315503,136.09366983175278,0.0024807281088979893,-0.2519416544964766,1.5431582975387572,0.011190230958163738,-0.03576235845685005,0.003424241906031966,-0.14987044036388397,0.7390773296356201,-0.6114267706871033,0.008982260448092472,-0.25200546609982977,1.5377692691773306,0.008835368429147011,-0.2520063838123905,1.540871097378851
1788651102.253048,1580,Move held cable to port offset then insert: port-via-0.81,during,0.003108,1,0.727888,0.0299077 -0.0299078 -0.0127206 -0.147077 -0.00435045,8.64445 4.08884 -3.6713 0.00367611 -0.00322394,16.411498764529824,118.45459554716945,0.0007063872409017735,-0.2517987523606276,1.5439695167541503,0.010486520826816559,-0.03325950354337692,0.004534820094704628,-0.14304564893245697,0.7308652997016907,-0.6172083020210266,0.007185540746634106,-0.25184864693475345,1.5385516061250955,0.007051674144657991,-0.251853621988417,1.5416562395358913
1788651102.638971,1585,Move held cable to port offset then insert: port-via-0.81,during,0.003104,1,0.72788,0.00461568 -0.00461566 -0.0505189 -0.176148 0.0295985,7.39101 3.56913 -3.00442 0.00247524 -0.00264538,13.969681848073378,96.48706823121756,-0.0007646851944772548,-0.25168931823282,1.5446963357925414,0.00989584717899561,-0.02726418524980545,-0.003438196610659361,-0.843021035194397,-0.6435664296150208,-1.2327016592025757,0.005694828430274718,-0.2517252253748998,1.5392571297286428,0.005571639479228258,-0.251733952470806,1.542358403913778
1788651103.026389,1590,Move held cable to port offset then insert: port-via-0.81,during,0.003102,1,0.727879,0.00329732 -0.00329731 -0.0519006 -0.17634 0.0307735,7.3824 3.56776 -3.00252 0.00173562 -0.00194955,13.956361225806177,72.71425388660282,-0.0018907659458963222,-0.2516035769513106,1.5452901172637938,0.009131205268204212,-0.023830382153391838,-0.002315240679308772,-0.9133132100105286,-0.6488741040229797,-1.2250629663467407,0.004553880241364772,-0.25162764535213683,1.5398329651359968,0.004438599148867493,-0.2516408173324549,1.5429332806749008
1788651103.413877,1595,Move held cable to port offset then insert: port-via-0.81,during,0.003100,1,0.727878,0.00208262 -0.00208261 -0.0526186 -0.171946 0.0315335,7.37171 3.56555 -3.00102 0.000926747 -0.00116266,13.940362357418053,45.95953494217247,-0.002628492634281332,-0.2515529130032515,1.5456999588012694,0.00826181285083294,-0.019800152629613876,-0.0011468359734863043,-0.9642218351364136,-0.6274752616882324,-1.24678373336792,0.0038043662244031384,-0.2515691975898096,1.5402322913634143,0.003696056876961692,-0.2515848759281938,1.543330152921706
1788651103.801895,1600,Move held cable to port offset then insert: port-via-0.81,during,0.003101,1,0.727878,0.00177932 -0.00177934 -0.0524212 -0.168495 0.0314547,7.35788 3.56136 -3.0001 3.64214e-05 -0.00030517,13.919676718280243,16.428640412312234,-0.0029355459618417568,-0.2515410218766188,1.5458848524093627,0.00751453498378396,-0.015389212407171726,0.000605661713052541,-1.021722435951233,-0.6023479104042053,-1.273193120956421,0.0034943214004548306,-0.2515527613562456,1.540410154037919,0.003386862280609632,-0.25157039144570115,1.5435093062616858
1788651103.958992,1601,Move held cable to port offset then insert: port-via-0.81,reached,0.003106,1,0.727884,0.0299422 -0.0299422 -0.0125816 -0.15237 -0.00368072,8.59563 4.0765 -3.66321 0.000311235 -5.731e-05,16.335713575113914,8.67447385576088,-0.002946781437381918,-0.25149733167199845,1.5459016609191893,0.006942732725292444,-0.017740463837981224,0.01024068333208561,-0.13859590888023376,0.7239229083061218,-0.6847258806228638,0.003480387290866166,-0.2515130071478019,1.5404230418941591,0.0033759488491461537,-0.25152849185520676,1.5435269948748052
1788651104.197927,1605,Move held cable to port offset then insert: port-via-0.83,during,0.003105,1,0.727884,0.0306703 -0.0306703 -0.0120196 -0.1551 -0.00407222,8.59753 4.0775 -3.66493 0.000242841 2.76495e-05,16.340234641975258,8.750635371776298,-0.0029469900536386318,-0.2514969442418074,1.5459013032913207,0.0069027547724545,-0.017822671681642532,0.010285533033311367,-0.13979637622833252,0.7264212369918823,-0.7026988863945007,0.003480271378508454,-0.2515121815706779,1.5404231432232045,0.0033757540073002775,-0.25152816088703944,1.543526674664257
1788651104.595630,1610,Move held cable to port offset then insert: port-via-0.83,during,0.003105,1,0.727885,0.0298049 -0.0298049 -0.0125161 -0.151529 -0.00369378,8.59385 4.07603 -3.66247 0.000253482 2.62485e-05,16.332630937944487,8.748932357993908,-0.0029470198559610195,-0.25149688463716263,1.5459013032913207,0.006929626222699881,-0.017892880365252495,0.010220495983958244,-0.08781266957521439,0.7277465462684631,-0.6925088167190552,0.0034802815179726942,-0.25151224428364544,1.5404231255694774,0.0033757103286104623,-0.2515280885913499,1.5435266375502321
1788651104.993479,1615,Move held cable to port offset then insert: port-via-0.83,during,0.003105,1,0.727884,0.030388 -0.030388 -0.0121668 -0.1543 -0.00390673,8.59784 4.07769 -3.66504 0.000245096 2.62725e-05,16.3408411029759,8.758756319526583,-0.0029470198559610195,-0.251496914439485,1.5459013032913207,0.0068855988793075085,-0.017858654260635376,0.010246198624372482,-0.11450345814228058,0.7283281683921814,-0.7045310735702515,0.003480271378508454,-0.2515121815706779,1.5404231432232045,0.0033757209123303124,-0.2515281519535193,1.5435266661716218
1788651105.392836,1620,Move held cable to port offset then insert: port-via-0.83,during,0.003105,1,0.727884,0.0304625 -0.0304625 -0.0121832 -0.15432 -0.00399056,8.5972 4.07744 -3.66464 0.000250309 2.66728e-05,16.339556156983235,8.761152506689541,-0.002947049658283407,-0.25149685483484024,1.5459013032913207,0.006881962064653635,-0.017865527421236038,0.010242140851914883,-0.10459958016872406,0.7284387350082397,-0.7055425047874451,0.0034802815179726942,-0.25151224428364544,1.5404231255694774,0.0033756896248243106,-0.25152808614761746,1.5435266621355885
1788651105.791050,1625,Move held cable to port offset then insert: port-via-0.83,during,0.003105,1,0.727885,0.0298427 -0.0298427 -0.0122904 -0.151117 -0.00381311,8.59848 4.07827 -3.66443 0.000253992 2.50427e-05,16.341467226933673,8.761691058170982,-0.002947049658283407,-0.2514969442418074,1.5459011840820311,0.0069079031236469746,-0.017910568043589592,0.010183880105614662,-0.06350396573543549,0.7289823293685913,-0.6943991780281067,0.0034802815179726942,-0.25151224428364544,1.5404231255694774,0.0033756756376507532,-0.2515281567620731,1.5435265054371867
1788651106.190126,1630,Move held cable to port offset then insert: port-via-0.83,during,0.003105,1,0.727884,0.0305744 -0.0305744 -0.0118986 -0.154405 -0.00408496,8.59764 4.07765 -3.66481 0.000247851 2.57e-05,16.340375746862264,8.760410295217298,-0.0029470198559610195,-0.2514969442418074,1.5459013032913207,0.006874826271086931,-0.017871234565973282,0.010226733982563019,-0.10239595174789429,0.7287964820861816,-0.7071412205696106,0.003480271378508454,-0.2515121815706779,1.5404231432232045,0.0033757176676054764,-0.2515281975232429,1.5435266577396578
1788651106.587972,1635,Move held cable to port offset then insert: port-via-0.83,during,0.003105,1,0.727885,0.0304642 -0.0304642 -0.0120756 -0.154244 -0.00400053,8.59676 4.0773 -3.66432 0.000249241 2.70149e-05,16.338652301612456,8.761546555557288,-0.002947049658283407,-0.2514969442418074,1.5459013032913207,0.006883775815367699,-0.017884694039821625,0.010218102484941483,-0.08981908112764359,0.7291389107704163,-0.7079828977584839,0.003480271378508454,-0.2515121815706779,1.5404231432232045,0.0033756895252660523,-0.25152818662778753,1.5435266620161647
1788651106.986501,1640,Move held cable to port offset then insert: port-via-0.83,during,0.003105,1,0.727884,0.0303647 -0.0303646 -0.0121923 -0.154812 -0.00377739,8.59734 4.07757 -3.66461 0.000243766 2.72074e-05,16.339788566581774,8.761821652646177,-0.0029470198559610195,-0.2514969442418074,1.5459013032913207,0.0068661728873848915,-0.017811909317970276,0.010192441754043102,-0.0969964861869812,0.7268193960189819,-0.7182983756065369,0.003480271378508454,-0.2515121815706779,1.5404231432232045,0.003375722646475024,-0.25152819392082126,1.5435266709490412
1788651107.386674,1645,Move held cable to port offset then insert: port-via-0.83,during,0.003105,1,0.727884,0.030345 -0.030345 -0.0120511 -0.153087 -0.00406659,8.59879 4.07821 -3.6653 0.000256399 2.56752e-05,16.342575336389928,8.763489881763235,-0.002947049658283407,-0.2514969442418074,1.5459014225006102,0.006893334444612265,-0.017930375412106514,0.010226359590888023,-0.09129878878593445,0.7292440533638,-0.6975823640823364,0.003480271378508454,-0.2515121815706779,1.5404231432232045,0.003375683036239755,-0.2515281648130454,1.5435267636608847
1788651107.785497,1650,Move held cable to port offset then insert: port-via-0.83,during,0.003105,1,0.727884,0.0304406 -0.0304406 -0.0121477 -0.154673 -0.00385448,8.59927 4.07848 -3.66545 0.000242968 2.65668e-05,16.343466880060078,8.76250314025674,-0.0029470198559610195,-0.25149688463716263,1.5459013032913207,0.00686946976929903,-0.01780913583934307,0.010189258493483067,-0.0928189679980278,0.7267167568206787,-0.718285322189331,0.0034802815179726942,-0.25151224428364544,1.5404231255694774,0.003375721014234905,-0.25152812173286826,1.5435266664374514
1788651108.184323,1655,Move held cable to port offset then insert: port-via-0.83,during,0.003105,1,0.727884,0.0303699 -0.0303699 -0.0121214 -0.153594 -0.00401744,8.59709 4.07742 -3.66456 0.000251404 2.56689e-05,16.339341432176298,8.761275174794719,-0.0029470198559610195,-0.2514969740441298,1.5459013032913207,0.0068915970623493195,-0.01790294423699379,0.010231570340692997,-0.09605758637189865,0.7285474538803101,-0.7006204128265381,0.003480271378508454,-0.2515121815706779,1.5404231432232045,0.003375713455421781,-0.25152820265573983,1.5435266461997605
1788651108.582479,1660,Move held cable to port offset then insert: port-via-0.83,during,0.003105,1,0.727885,0.0303209 -0.0303209 -0.0119369 -0.152896 -0.00407,8.59681 4.07727 -3.66446 0.000259693 2.55599e-05,16.33882366144462,8.762312873848714,-0.002947049658283407,-0.2514969740441298,1.5459014225006102,0.006896565668284893,-0.017925681546330452,0.010219309478998184,-0.09479266405105591,0.7284441590309143,-0.6964927315711975,0.003480271378508454,-0.2515121815706779,1.5404231432232045,0.003375676698912887,-0.25152820697925565,1.543526746949861
1788651108.980484,1665,Move held cable to port offset then insert: port-via-0.83,during,0.003105,1,0.727885,0.0303208 -0.0303208 -0.0120946 -0.153432 -0.00396616,8.59701 4.07743 -3.66442 0.000256925 2.55999e-05,16.339148996985386,8.760882800677791,-0.002947049658283407,-0.251496914439485,1.5459013032913207,0.006886381655931473,-0.017869776114821434,0.010213888250291348,-0.08903267234563828,0.7287004590034485,-0.7041374444961548,0.003480271378508454,-0.2515121815706779,1.5404231432232045,0.0033756853725016977,-0.2515281591800668,1.54352665098999
1788651109.379696,1670,Move held cable to port offset then insert: port-via-0.83,during,0.003105,1,0.727885,0.0303302 -0.0303302 -0.0121226 -0.153381 -0.00399543,8.59699 4.07738 -3.66453 0.000257074 2.46165e-05,16.33918487914889,8.762764080893248,-0.002947049658283407,-0.25149688463716263,1.5459013032913207,0.0068870470859110355,-0.017896743491292,0.010217689909040928,-0.09050454944372177,0.7293630242347717,-0.7009381055831909,0.003480271378508454,-0.2515121815706779,1.5404231432232045,0.0033756808248860794,-0.25152811607397185,1.5435266387065631
1788651109.777210,1675,Move held cable to port offset then insert: port-via-0.83,during,0.003105,1,0.727885,0.0305715 -0.0305715 -0.0119909 -0.154379 -0.00409314,8.59911 4.07839 -3.66543 0.000249015 2.70607e-05,16.343209969223608,8.767288065864705,-0.002947049658283407,-0.251496914439485,1.5459013032913207,0.006877359934151173,-0.017874840646982193,0.010223337449133396,-0.09237466007471085,0.72971111536026,-0.7075119018554688,0.003480271378508454,-0.2515121815706779,1.5404231432232045,0.0033756868166512927,-0.2515281529379481,1.543526654753054
1788651110.176561,1680,Move held cable to port offset then insert: port-via-0.83,during,0.003105,1,0.727885,0.0302941 -0.0302941 -0.0122171 -0.154679 -0.00368058,8.599 4.07836 -3.66539 0.00025183 2.64394e-05,16.343022858032782,8.76755887514446,-0.002947049658283407,-0.25149685483484024,1.5459013032913207,0.00686819339171052,-0.01777738705277443,0.010177402757108212,-0.09284213930368423,0.7255150675773621,-0.7215869426727295,0.003480261239057758,-0.2515121188577103,1.5404231608769396,0.003375691825937756,-0.25152810818489174,1.5435266682862374
1788651110.573463,1685,Move held cable to port offset then insert: port-via-0.83,during,0.003105,1,0.727884,0.0303999 -0.0303999 -0.0119515 -0.153473 -0.00408059,8.59859 4.07816 -3.66521 0.000254296 2.53827e-05,16.34224106223337,8.767676286632195,-0.002947049658283407,-0.25149685483484024,1.5459013032913207,0.0068872650153934956,-0.017904216423630714,0.010225697420537472,-0.0878821536898613,0.7294886112213135,-0.7003177404403687,0.003480271378508454,-0.2515121815706779,1.5404231432232045,0.003375681312235524,-0.25152808319229014,1.5435266399636722
1788651110.964293,1690,Move held cable to port offset then insert: port-via-0.83,during,0.003105,1,0.727884,0.0305554 -0.0305555 -0.0120383 -0.154545 -0.00405031,8.59793 4.07785 -3.6649 0.000253463 2.53763e-05,16.34095943842476,8.765995810739696,-0.002947049658283407,-0.25149685483484024,1.5459013032913207,0.006883964873850346,-0.017875762656331062,0.010220501571893692,-0.09145013988018036,0.7290709018707275,-0.709155797958374,0.003480271378508454,-0.2515121815706779,1.5404231432232045,0.003375687286848556,-0.25152810056454533,1.543526656100139
1788651111.361957,1695,Move held cable to port offset then insert: port-via-0.83,during,0.003105,1,0.727884,0.0304346 -0.0304346 -0.012248 -0.154933 -0.00380949,8.59793 4.07791 -3.66482 0.000247939 2.67406e-05,16.340931198459657,8.769442476448603,-0.002947049658283407,-0.25149688463716263,1.5459013032913207,0.006876686587929726,-0.017820769920945168,0.010191092267632484,-0.08970236778259277,0.7279632091522217,-0.7190674543380737,0.003480271378508454,-0.2515121815706779,1.5404231432232045,0.003375687929344854,-0.2515281420207665,1.5435266579642222
1788651111.759546,1700,Move held cable to port offset then insert: port-via-0.83,during,0.003105,1,0.727885,0.0304134 -0.0304134 -0.0120712 -0.153658 -0.0040475,8.59722 4.07749 -3.6647 0.00025442 2.48798e-05,16.339686743909624,8.768559917109087,-0.002947049658283407,-0.25149685483484024,1.5459013032913207,0.006898483727127314,-0.017908237874507904,0.010224162600934505,-0.09914302825927734,0.7284344434738159,-0.6992642879486084,0.003480271378508454,-0.2515121815706779,1.5404231432232045,0.0033756808945003634,-0.25152807884805506,1.5435266387942939
1788651112.159762,1705,Move held cable to port offset then insert: port-via-0.83,during,0.003105,1,0.727885,0.0304925 -0.0304925 -0.0118576 -0.153744 -0.00410565,8.59781 4.07776 -3.66493 0.000252722 2.60946e-05,16.340777740895646,8.767911306815222,-0.002947049658283407,-0.25149688463716263,1.5459013032913207,0.00688500190153718,-0.01787334866821766,0.010222082026302814,-0.0973011776804924,0.7281984686851501,-0.703262448310852,0.003480271378508454,-0.2515121815706779,1.5404231432232045,0.0033756838779171947,-0.2515281293607942,1.5435266470102982
1788651112.559199,1710,Move held cable to port offset then insert: port-via-0.83,during,0.003105,1,0.727884,0.0303928 -0.0303928 -0.0122961 -0.155167 -0.00369887,8.59902 4.07837 -3.66541 0.000249303 2.59608e-05,16.343074927601265,8.766833905130625,-0.002947049658283407,-0.2514969442418074,1.5459013032913207,0.006873988080769777,-0.017798341810703278,0.010181824676692486,-0.09645684063434601,0.7260081171989441,-0.7212876081466675,0.003480271378508454,-0.2515121815706779,1.5404231432232045,0.0033756912784257886,-0.25152820420528665,1.543526666915474
1788651112.956549,1715,Move held cable to port offset then insert: port-via-0.83,during,0.003105,1,0.727885,0.0305816 -0.0305816 -0.011803 -0.153089 -0.00431336,8.59728 4.07751 -3.66465 0.000254293 2.49199e-05,16.33971669730454,8.765191777027212,-0.002947049658283407,-0.2514969442418074,1.5459014225006102,0.006898225750774145,-0.0179182980209589,0.01022916380316019,-0.09786561876535416,0.7277778387069702,-0.6969913840293884,0.003480271378508454,-0.2515121815706779,1.5404231432232045,0.003375675416680976,-0.2515281631079684,1.5435267433508386
1788651113.352206,1720,Move held cable to port offset then insert: port-via-0.83,during,0.003105,1,0.727885,0.0304131 -0.0304131 -0.0121264 -0.15406 -0.00395603,8.59835 4.07806 -3.66508 0.000250776 2.59672e-05,16.34176987246974,8.769144958350807,-0.002947049658283407,-0.251496914439485,1.5459013032913207,0.006888457573950291,-0.017860934138298035,0.010216569527983665,-0.09304226189851761,0.7277976274490356,-0.7074160575866699,0.003480271378508454,-0.2515121815706779,1.5404231432232045,0.0033756850424845886,-0.2515281639265227,1.5435266501737452
1788651113.514054,1721,Move held cable to port offset then insert: port-via-0.83,reached,0.003106,1,0.727885,0.0304194 -0.0304194 -0.0121856 -0.154754 -0.00382942,8.59634 4.07687 -3.66392 0.000319334 -4.17875e-05,16.337492621860292,8.7553026790265,-0.0029522054600564784,-0.25145909529237503,1.545908098220825,0.006854468956589699,-0.017696278169751167,0.010159162804484367,-0.0877380520105362,0.7280880808830261,-0.7189421057701111,0.003474828426671711,-0.2514749713920244,1.5404293597348668,0.0033704576381807794,-0.25149091995348205,1.5435332621017044
1788651113.753893,1725,Move held cable to port offset then insert: port-via-0.85,during,0.003105,1,0.727886,0.0302779 -0.030278 -0.0122148 -0.153039 -0.00394612,8.59706 4.07754 -3.66418 0.000260587 2.49532e-05,16.339064274376142,8.7652325181989,-0.0029523842739908046,-0.2514586482575392,1.5459077405929564,0.006897056940943003,-0.017868485301733017,0.010195230133831501,-0.08603659272193909,0.7275582551956177,-0.7044806480407715,0.003474722746562048,-0.2514742085314599,1.5404294434794774,0.003370269842900727,-0.2514904606443751,1.5435328803979669
1788651114.152612,1730,Move held cable to port offset then insert: port-via-0.85,during,0.003105,1,0.727885,0.0300964 -0.0300964 -0.0121479 -0.152116 -0.00392602,8.59787 4.07791 -3.66455 0.000260319 2.52581e-05,16.34061665434092,8.765646677115,-0.002952354471668417,-0.2514586482575392,1.545907859802246,0.006899997591972351,-0.017887799069285393,0.01019301638007164,-0.07473472505807877,0.7284984588623047,-0.6982558369636536,0.003474722746562048,-0.2514742085314599,1.5404294434794774,0.003370295801856685,-0.25149045247794705,1.5435329892656053
1788651114.550055,1735,Move held cable to port offset then insert: port-via-0.85,during,0.003105,1,0.727884,0.0300715 -0.0300715 -0.0121899 -0.151881 -0.003945,8.59889 4.0783 -3.66529 0.000259699 2.44516e-05,16.34276004208914,8.76870141539257,-0.002952354471668417,-0.25145861845521683,1.545907859802246,0.006908992305397987,-0.017908062785863876,0.010210635140538216,-0.08818066865205765,0.7273913025856018,-0.6921424865722656,0.003474722746562048,-0.2514742085314599,1.5404294434794774,0.003370292475204658,-0.251490410885203,1.5435329802511655
1788651114.950134,1740,Move held cable to port offset then insert: port-via-0.85,during,0.003105,1,0.727884,0.0302289 -0.0302289 -0.0120833 -0.152735 -0.00397891,8.5965 4.07722 -3.66412 0.000255912 2.62189e-05,16.338124118141423,8.765984923345968,-0.002952354471668417,-0.25145861845521683,1.5459077405929564,0.0069055939093232155,-0.017900511622428894,0.01020718365907669,-0.08771201968193054,0.7280717492103577,-0.6982479095458984,0.003474722746562048,-0.2514742085314599,1.5404294434794774,0.003370294237129378,-0.25149041398492467,1.5435328657741554
1788651115.350031,1745,Move held cable to port offset then insert: port-via-0.85,during,0.003105,1,0.727884,0.0302119 -0.0302119 -0.0121709 -0.15301 -0.00390076,8.59563 4.07685 -3.66365 0.000257021 2.54744e-05,16.33641764404274,8.76515707699582,-0.002952354471668417,-0.2514586482575392,1.5459077405929564,0.006907580886036158,-0.017896272242069244,0.010210528038442135,-0.08851414173841476,0.726851761341095,-0.7012320160865784,0.003474722746562048,-0.2514742085314599,1.5404294434794774,0.003370295596880046,-0.2514904566540669,1.5435328695665338
1788651115.749454,1750,Move held cable to port offset then insert: port-via-0.85,during,0.003105,1,0.727885,0.030521 -0.030521 -0.0120804 -0.154679 -0.00395807,8.59731 4.07767 -3.66435 0.000251957 2.66607e-05,16.33961906593322,8.76855333824642,-0.0029523842739908046,-0.25145858865289444,1.5459077405929564,0.006887378636747599,-0.01786229945719242,0.010208885185420513,-0.08466203510761261,0.7291970252990723,-0.7130096554756165,0.0034747328780973252,-0.2514742712442648,1.5404294258206206,0.003370272849949893,-0.25149040866489214,1.5435328885058854
1788651116.149212,1755,Move held cable to port offset then insert: port-via-0.85,during,0.003105,1,0.727885,0.0303874 -0.0303874 -0.0119889 -0.153462 -0.00402427,8.59618 4.07712 -3.66393 0.000255376 2.622e-05,16.337511801855726,8.767015938530676,-0.0029523842739908046,-0.25145861845521683,1.5459077405929564,0.006888614036142826,-0.017880640923976898,0.010194585658609867,-0.07875286787748337,0.7286272644996643,-0.7069364786148071,0.0034747328780973252,-0.2514742712442648,1.5404294258206206,0.0033702695265650133,-0.2514904433397364,1.543532879723224
1788651116.547505,1760,Move held cable to port offset then insert: port-via-0.85,during,0.003105,1,0.727884,0.0303483 -0.0303483 -0.0121144 -0.15347 -0.00398188,8.59885 4.07833 -3.66522 0.000255533 2.49432e-05,16.342680312198354,8.769072624039836,-0.002952354471668417,-0.25145852904824967,1.5459077405929564,0.006890127435326576,-0.017891619354486465,0.01020257268100977,-0.08206310123205185,0.7294246554374695,-0.7039141654968262,0.003474722746562048,-0.2514742085314599,1.5404294434794774,0.0033702998201284914,-0.2514903421778769,1.5435328808735724
1788651116.946169,1765,Move held cable to port offset then insert: port-via-0.85,during,0.003105,1,0.727885,0.0301058 -0.0301058 -0.0122883 -0.152079 -0.00391624,8.59608 4.07696 -3.66403 0.000261422 2.48872e-05,16.337362257396308,8.766399173880927,-0.002952354471668417,-0.251458707862184,1.545907859802246,0.0069127269089221954,-0.017901163548231125,0.010215988382697105,-0.09773807972669601,0.7261160016059875,-0.694159984588623,0.0034747306961447066,-0.25147420337802223,1.5404293793989765,0.003370292053491454,-0.2514905058779516,1.543532979203221
1788651117.341415,1770,Move held cable to port offset then insert: port-via-0.85,during,0.003105,1,0.727884,0.0301467 -0.0301467 -0.0121532 -0.15252 -0.0039106,8.59775 4.07785 -3.66458 0.000261634 2.59387e-05,16.34046248566665,8.76488531625364,-0.002952354471668417,-0.25145861845521683,1.545907859802246,0.006901964079588652,-0.017904814332723618,0.010201825760304928,-0.07070935517549515,0.7302621603012085,-0.6994604468345642,0.003474722746562048,-0.2514742085314599,1.5404294434794774,0.003370295343131024,-0.2514904230876161,1.5435329880498516
1788651117.735435,1775,Move held cable to port offset then insert: port-via-0.85,during,0.003105,1,0.727885,0.0302631 -0.0302631 -0.0120969 -0.15291 -0.00398708,8.59818 4.07803 -3.66476 0.000260517 2.48473e-05,16.341258264916178,8.767324731801637,-0.002952354471668417,-0.25145861845521683,1.5459077405929564,0.0068978359922766685,-0.01789061725139618,0.010197081603109837,-0.08323006331920624,0.7280886173248291,-0.7011282444000244,0.003474722746562048,-0.2514742085314599,1.5404294434794774,0.0033702984269231425,-0.25149042406230987,1.5435328770636485
1788651118.131591,1780,Move held cable to port offset then insert: port-via-0.85,during,0.003105,1,0.727885,0.0303387 -0.0303387 -0.0120938 -0.153424 -0.00398358,8.59781 4.0779 -3.66456 0.000261064 2.56614e-05,16.340556052526154,8.768616801942699,-0.002952354471668417,-0.25145858865289444,1.5459077405929564,0.006893941201269627,-0.017878912389278412,0.010196542367339134,-0.08059238642454147,0.7290478348731995,-0.7046668529510498,0.003474722746562048,-0.2514742085314599,1.5404294434794774,0.003370298922014418,-0.25149039870611495,1.5435328784412912
1788651118.529104,1785,Move held cable to port offset then insert: port-via-0.85,during,0.003105,1,0.727884,0.0303914 -0.0303914 -0.0121036 -0.153122 -0.00407657,8.59858 4.07822 -3.66502 0.000258273 2.47295e-05,16.34210300405357,8.768547415034845,-0.002952354471668417,-0.25145855885057206,1.5459077405929564,0.006900023203343153,-0.01789688691496849,0.010209611617028713,-0.08171551674604416,0.7282137870788574,-0.7016856670379639,0.003474722746562048,-0.2514742085314599,1.5404294434794774,0.003370295477170657,-0.25149035663465324,1.5435328691057135
1788651118.923963,1790,Move held cable to port offset then insert: port-via-0.85,during,0.003105,1,0.727885,0.0302697 -0.0302697 -0.0122648 -0.15298 -0.00397702,8.59779 4.07791 -3.66451 0.000258344 2.47741e-05,16.340502138884403,8.768206752021797,-0.002952354471668417,-0.2514586482575392,1.5459077405929564,0.006897876504808664,-0.017888100817799568,0.010199722833931446,-0.07262897491455078,0.7294262051582336,-0.7025592923164368,0.003474722746562048,-0.2514742085314599,1.5404294434794774,0.003370297799763728,-0.2514904659287714,1.5435328755555493
1788651119.319125,1795,Move held cable to port offset then insert: port-via-0.85,during,0.003105,1,0.727884,0.0301655 -0.0301656 -0.0121851 -0.152154 -0.00397221,8.59698 4.07751 -3.66419 0.000266718 2.37882e-05,16.33896838979672,8.76888931542635,-0.002952354471668417,-0.25145861845521683,1.5459077405929564,0.006907817907631397,-0.017903605476021767,0.010198654606938362,-0.07904873043298721,0.7280239462852478,-0.6971606612205505,0.003474722746562048,-0.2514742085314599,1.5404294434794774,0.0033702944125423157,-0.2514904255548299,1.543532866396088
1788651119.713534,1800,Move held cable to port offset then insert: port-via-0.85,during,0.003105,1,0.727884,0.0304669 -0.0304668 -0.0121423 -0.154209 -0.00397902,8.59987 4.07886 -3.66544 0.000254797 2.58849e-05,16.34444696063474,8.769891698728316,-0.002952354471668417,-0.2514586482575392,1.5459077405929564,0.006883577909320593,-0.017854752019047737,0.010199085809290409,-0.08554603904485703,0.7280223965644836,-0.7112017273902893,0.003474722746562048,-0.2514742085314599,1.5404294434794774,0.003370303634109062,-0.2514904676163757,1.5435328911111164
1788651120.115445,1805,Move held cable to port offset then insert: port-via-0.85,during,0.003105,1,0.727884,0.0303073 -0.0303073 -0.0121889 -0.153139 -0.00397766,8.59817 4.07806 -3.66477 0.000256639 2.57026e-05,16.34128432930993,8.769196173991077,-0.002952354471668417,-0.25145858865289444,1.5459077405929564,0.006896051112562418,-0.017879465594887733,0.010194119065999985,-0.07657229900360107,0.7292574048042297,-0.7039624452590942,0.003474722746562048,-0.2514742085314599,1.5404294434794774,0.003370299729492165,-0.25149040150267976,1.5435328806285205
1788651120.515655,1810,Move held cable to port offset then insert: port-via-0.85,during,0.003105,1,0.727885,0.0303949 -0.0303949 -0.0120395 -0.152979 -0.00410098,8.59823 4.07805 -3.66479 0.000259022 2.57784e-05,16.341354021660663,8.768937618471682,-0.002952354471668417,-0.25145861845521683,1.5459077405929564,0.006892386823892593,-0.01786293275654316,0.010197567753493786,-0.08886558562517166,0.7273442149162292,-0.7032327651977539,0.003474722746562048,-0.2514742085314599,1.5404294434794774,0.0033702979204469716,-0.25149043245114877,1.543532875827609
1788651120.915350,1815,Move held cable to port offset then insert: port-via-0.85,during,0.003105,1,0.727884,0.0303148 -0.0303148 -0.0121687 -0.153536 -0.00394017,8.59888 4.07837 -3.66514 0.000256079 2.54197e-05,16.342683480050255,8.768262935220264,-0.002952354471668417,-0.25145852904824967,1.5459077405929564,0.006893716752529144,-0.01789158768951893,0.010208805091679096,-0.07881869375705719,0.730105996131897,-0.7036955952644348,0.003474722746562048,-0.2514742085314599,1.5404294434794774,0.0033703010916469383,-0.2514903465039775,1.543532884316729
1788651121.312643,1820,Move held cable to port offset then insert: port-via-0.85,during,0.003105,1,0.727884,0.0302457 -0.0302457 -0.012341 -0.152956 -0.00393633,8.59733 4.07769 -3.66428 0.000257546 2.48448e-05,16.3395806389708,8.766458105877973,-0.002952354471668417,-0.25145858865289444,1.5459077405929564,0.006900288164615631,-0.017888475209474564,0.010189278051257133,-0.0750570222735405,0.7283684611320496,-0.7030929923057556,0.003474722746562048,-0.2514742085314599,1.5404294434794774,0.003370297397135697,-0.2514903996553787,1.5435328743942884
1788651121.710838,1825,Move held cable to port offset then insert: port-via-0.85,during,0.003105,1,0.727884,0.0300824 -0.0300824 -0.0123172 -0.152127 -0.0039014,8.59643 4.07721 -3.66404 0.000262071 2.44279e-05,16.33795992423802,8.765658462420106,-0.002952354471668417,-0.25145861845521683,1.545907859802246,0.006914675701409578,-0.017910925671458244,0.010208075866103172,-0.08586151897907257,0.7273585200309753,-0.6945579648017883,0.003474722746562048,-0.2514742085314599,1.5404294434794774,0.003370291914413792,-0.2514904051570989,1.5435329786814966
1788651122.108546,1830,Move held cable to port offset then insert: port-via-0.85,during,0.003105,1,0.727884,0.0300945 -0.0300945 -0.0121999 -0.152363 -0.00387446,8.59784 4.07793 -3.66455 0.000261309 2.57288e-05,16.34059689570131,8.768377527594566,-0.002952354471668417,-0.25145858865289444,1.545907859802246,0.006896446458995342,-0.01789110153913498,0.010185747407376766,-0.06553297489881516,0.7288753390312195,-0.7008408904075623,0.003474722746562048,-0.2514742085314599,1.5404294434794774,0.003370295283584095,-0.25149040469957185,1.5435329880442077
1788651122.508295,1835,Move held cable to port offset then insert: port-via-0.85,during,0.003105,1,0.727884,0.0300939 -0.0300939 -0.012389 -0.152051 -0.00390775,8.59899 4.07838 -3.66523 0.000264631 2.36947e-05,16.34288485624529,8.770493813091889,-0.002952354471668417,-0.25145861845521683,1.545907859802246,0.006915191654115915,-0.017894485965371132,0.010201916098594666,-0.09504908323287964,0.7257347106933594,-0.6956336498260498,0.003474722746562048,-0.2514742085314599,1.5404294434794774,0.0033702905448173845,-0.251490410290946,1.5435329751039426
1788651122.906424,1840,Move held cable to port offset then insert: port-via-0.85,during,0.003105,1,0.727883,0.0304976 -0.0304976 -0.0121367 -0.154282 -0.00402505,8.60027 4.07905 -3.66569 0.000254519 2.58945e-05,16.34529283941447,8.771527520264499,-0.002952354471668417,-0.25145858865289444,1.5459077405929564,0.006880153901875019,-0.01787208952009678,0.010202440433204174,-0.07289566099643707,0.7304637432098389,-0.7098402976989746,0.003474722746562048,-0.2514742085314599,1.5404294434794774,0.0033703032111014894,-0.2514904069062535,1.5435328899701153
1788651123.065463,1841,Move held cable to port offset then insert: port-via-0.85,reached,0.003104,1,0.727884,0.0300308 -0.0300309 -0.0121489 -0.151062 -0.00404835,8.6003 4.07869 -3.66479 0.000414167 -0.00012389,16.344323819168494,11.587735631153919,-0.0029673450398294277,-0.2514194582035994,1.5459110784530639,0.006854469887912273,-0.01830265484750271,0.009767945855855942,-0.06060703843832016,0.7284455299377441,-0.6921941637992859,0.003460342876266398,-0.25143531142527853,1.540433871630134,0.0033552491463627286,-0.25145191786562976,1.5435360674672751
1788651123.305093,1845,Move held cable to port offset then insert: port-via-0.87,during,0.003104,1,0.727886,0.0300344 -0.0300344 -0.0122958 -0.151499 -0.0039204,8.60085 4.07787 -3.66383 0.000790743 -0.000469052,16.343808165052906,27.426529753254727,-0.0030918889450876064,-0.251411739402101,1.5458754348754882,0.007472185883671045,-0.020548969507217407,0.00856515672057867,-0.08318676799535751,0.72398442029953,-0.6897788047790527,0.0033367202054796208,-0.2514280302201447,1.540399011128999,0.003231054470444422,-0.2514450385622863,1.5435013654187415
1788651123.701938,1850,Move held cable to port offset then insert: port-via-0.87,during,0.003105,1,0.727878,0.00355469 -0.00355471 -0.0507789 -0.174162 0.0301712,7.37333 3.56679 -3.00166 0.000921776 -0.00114542,13.943849666626193,50.70818346971646,-0.00358607105492037,-0.25141066651849503,1.5457384634017943,0.008618105202913284,-0.020720573142170906,-0.0023957190569490194,-0.9704821705818176,-0.6307274103164673,-1.2387586832046509,0.0028452178119455773,-0.2514285649851363,1.540263925080764,0.00273777924147741,-0.25144514633887505,1.5433668275473083
1788651124.104863,1855,Move held cable to port offset then insert: port-via-0.87,during,0.003107,1,0.727887,0.0285539 -0.0285539 -0.013496 -0.145251 -0.00321844,8.61567 4.08112 -3.66373 0.00214402 -0.00170859,16.364369633607566,74.40117517113686,-0.00441535047768038,-0.25140217285661454,1.5455234098434447,0.009232861921191216,-0.02706042490899563,0.005324800964444876,-0.10475021600723267,0.7138757705688477,-0.6380481123924255,0.002020420646441562,-0.2514251074350709,1.5400543820293653,0.0019112107337409916,-0.25144198456422323,1.5431590988821655
1788651124.508487,1860,Move held cable to port offset then insert: port-via-0.87,during,0.003108,1,0.727888,0.0287475 -0.0287475 -0.0132512 -0.14526 -0.00343243,8.61919 4.08087 -3.66362 0.00268945 -0.00223643,16.36860505095683,94.48348267190158,-0.005548613588794882,-0.2514059577515578,1.5452479171752929,0.009826564230024815,-0.029919689521193504,0.0039986358024179935,-0.14089293777942657,0.7118956446647644,-0.6223652362823486,0.0008939408155446971,-0.2514340797847947,1.5397854063910859,0.0007808136711731145,-0.2514509330845536,1.5428913824660762
1788651124.914634,1865,Move held cable to port offset then insert: port-via-0.87,during,0.003103,1,0.727881,0.00501141 -0.00501143 -0.0500301 -0.178315 0.0293458,7.38324 3.56616 -2.99889 0.00261188 -0.00274725,13.953642559470609,110.96752816438675,-0.006958978693470175,-0.2514231238892531,1.5449340391159057,0.010474476963281631,-0.02959503047168255,-0.006383162457495928,-0.8086527585983276,-0.6375033855438232,-1.200364351272583,-0.0005082424344245717,-0.2514557058405868,1.5394845224471398,-0.0006267655275066387,-0.251472894909171,1.5425850973707955
1788651125.309905,1870,Move held cable to port offset then insert: port-via-0.87,during,0.002948,1,0.727824,0.195059 -0.195059 0.0725158 -0.461149 -0.0992845,10.4612 3.99994 -2.77745 0.00186815 -0.0023119,17.24277601321228,148.33001670241356,-0.007490234892353231,-0.2514077756932234,1.5445379066467284,0.0006127170636318624,-0.03561907261610031,-0.0036067264154553413,0.555593729019165,0.9165013432502747,-2.036388397216797,-0.002065000053765864,-0.2514363726031972,1.5392479358338853,-0.001204281921425107,-0.25144172638824314,1.5420675684809835
1788651125.712580,1875,Move held cable to port offset then insert: port-via-0.87,during,0.003424,1,0.727806,0.0372107 -0.0372107 -0.102824 -0.464388 0.0674995,6.6807 2.47469 -2.17928 0.00175522 -0.00267209,11.339099519304,147.27444180846214,-0.007520454447254354,-0.2514810298016524,1.543794994354248,-0.0015661953948438168,-0.02209690771996975,0.002053728559985757,-0.013926812447607517,0.22629928588867188,-1.5185188055038452,-0.003980599354333814,-0.2515031522680875,1.5388766918365258,-0.0013444601550381885,-0.2515267080425268,1.5410615101204592
1788651126.112979,1880,Move held cable to port offset then insert: port-via-0.87,during,0.004643,1,0.727825,0.0306271 -0.0306271 -0.106685 -0.467071 0.0810893,9.558 3.52761 -3.29147 0.00126656 -0.00316391,16.381509482394904,174.59546821564436,-0.007601427357181723,-0.2515189979603743,1.5429602909088134,-0.008102492429316044,-0.02546188421547413,-0.007270462810993195,1.1745784282684326,0.9715859889984131,-2.1411590576171875,-0.006016127926067122,-0.2515304097333083,1.5386097576959206,-0.0015648629673189933,-0.2515657411578844,1.5399313251618834
1788651126.499629,1885,Move held cable to port offset then insert: port-via-0.87,during,0.006759,1,0.727675,0.196514 -0.196514 0.103271 -0.217677 -0.166044,9.84861 3.31338 -3.19315 0.00527235 -0.00286948,16.363279659766704,196.40999235212803,-0.007608460705265219,-0.2515366707375502,1.542805676460266,-0.004261413123458624,-0.025527073070406914,-0.006771396845579147,0.5666432976722717,3.793517589569092,-3.576277017593384,-0.008236104938994238,-0.2515399357748843,1.53851888846776,-0.0015887283014733742,-0.2515875802284702,1.5397434618913595
1788651126.884712,1890,Move held cable to port offset then insert: port-via-0.87,during,0.009175,1,0.727875,-0.0242423 0.0242423 -0.140084 0.0051465 0.0709957,10.205 3.28228 -2.97297 0.00479847 -0.00353019,16.468547806842253,205.47061589360237,-0.007594811241611654,-0.2516071532299971,1.5428460884094237,0.0050455424934625626,-0.02362643927335739,0.0015089026419445872,1.3927905559539795,2.166649341583252,-4.924736499786377,-0.01062814160779152,-0.2515782440313064,1.53835142253805,-0.0015682070840416394,-0.2516780821269799,1.5397978201346356
1788651127.275346,1895,Move held cable to port offset then insert: port-via-0.87,during,0.011646,1,0.72785,-0.00328166 0.00328168 -0.096248 0.0948892 0.038619,10.3071 3.24953 -2.90985 0.00543402 -0.00345501,16.475370237603784,225.41241545975208,-0.007586019556507284,-0.25165790658502335,1.5428752946853637,0.021427012979984283,-0.004539543762803078,-9.362878699903376e-06,0.3523344099521637,0.3357998728752136,-7.906929016113281,-0.013101019826342208,-0.25159974602631313,1.5383158357209366,-0.001555133476207185,-0.25174190123926526,1.5398358397934384
1788651127.667632,1900,Move held cable to port offset then insert: port-via-0.87,during,0.014246,1,0.727759,-0.0403529 0.0403529 -0.340025 -0.49713 0.178548,10.9506 3.20145 -2.38985 -0.00330399 -0.00515821,16.550356153631583,231.1344392746687,-0.007575946371540243,-0.25171849470643753,1.5429414558410643,0.019477028399705887,-0.04769480600953102,0.00982370600104332,3.3037450313568115,-0.4118841886520386,-7.933254241943359,-0.015692147707977944,-0.2516222907601114,1.5382657374212323,-0.0015425270806796324,-0.251811900979957,1.5399073076930192
1788651128.123532,1905,Move held cable to port offset then insert: port-via-0.87,during,0.016896,1,0.72749,0.156942 -0.156942 -0.387252 -1.31574 0.141195,10.7083 2.97921 -1.90179 0.000601343 -0.00372088,15.593626428802963,225.54299436789006,-0.007568555395588095,-0.25177803974656815,1.5430035638809203,0.03483301401138306,-0.06523405760526657,0.037880394607782364,7.910468578338623,-1.7649426460266113,-14.435235977172852,-0.01833480852608324,-0.2516408477161226,1.5382732042400369,-0.0015270849242150983,-0.2518826853336185,1.5399858475423307
1788651128.517412,1910,Move held cable to port offset then insert: port-via-0.87,during,0.018310,1,0.72458,2.14274 -3.97663 3.09471 -2.63615 -2.80818,-0.315632 -2.38069 12.0211 0.00528883 0.00279488,14.725539211416617,681.4671640396118,-0.0075652473378030605,-0.2518313859036421,1.5429977226257323,0.011038113385438919,-0.003470076946541667,-0.007589856628328562,2.865429401397705,0.20448154211044312,-1.8138495683670044,-0.019748794662738767,-0.2518910192943885,1.5381766984989904,-0.0015274023853044782,-0.25193417461795253,1.5399726952100965
1788651128.914687,1915,Move held cable to port offset then insert: port-via-0.87,during,0.018272,1,0.727912,-1.85766 12.1275 -1.71171 7.67152 1.50108,7.76397 2.60313 5.59259 -0.0220834 0.00831927,15.990091316401958,635.4246206283569,-0.0075607471871225185,-0.251882109456346,1.5429482507705687,-0.021614937111735344,0.09480427205562592,0.03051132522523403,1.536089301109314,-0.08018332719802856,3.1321749687194824,-0.019730000959650357,-0.2519002670486358,1.5381947378043521,-0.0015371465333710007,-0.2519833982737932,1.5398949077182515
1788651129.312095,1920,Move held cable to port offset then insert: port-via-0.87,during,0.019653,1,0.729218,0.631961 -3.14555 -2.26928 -0.785844 1.99042,-3.54171 -4.14381 8.21843 0.0378237 -0.016456,15.958223890513182,705.8673729896545,-0.0061558657097665614,-0.2517955337098097,1.5436487245559691,0.023339590057730675,-0.14470811188220978,0.0786205604672432,-0.3084324300289154,-0.2943442463874817,-0.15532192587852478,-0.019694355447472653,-0.25172955426844124,1.5381811346033911,-0.0001791425753506744,-0.2518614491901819,1.5405036706964093
1788651129.714577,1925,Move held cable to port offset then insert: port-via-0.87,during,0.019666,1,0.728541,-0.512486 0.718933 -1.59708 -0.0136885 1.27469,1.74871 -0.66067 6.71002 -0.00348568 0.0036436,9.12653562729247,673.5014575719833,-0.00614528588531893,-0.25183031302003617,1.5436542081832885,0.03753422945737839,-0.018521098420023918,0.020727017894387245,6.859050273895264,-0.3922554850578308,-2.8504629135131836,-0.01970013373023692,-0.2517993873891015,1.5381898004811883,-0.00017079859255482964,-0.25189365579792267,1.5405048562917654
1788651130.115137,1930,Move held cable to port offset then insert: port-via-0.87,during,0.019829,1,0.725394,0.204332 -2.30327 0.48503 -3.2085 -1.25375,10.9715 2.99073 2.8714 0.00300171 0.00164601,16.838321912684478,617.7542350292206,-0.00602747730492037,-0.25201371651201004,1.5448485660552977,0.12121161818504333,-0.02053266577422619,0.0776953399181366,3.6922767162323,-2.8147754669189453,-0.856328547000885,-0.019372015299453538,-0.2519042494631022,1.5384666737461272,0.00012722470094066966,-0.2520543653954746,1.5420673938307008
1788651130.512811,1935,Move held cable to port offset then insert: port-via-0.87,during,0.019609,1,0.727951,-0.341847 0.378681 -0.302446 -1.42956 0.25318,2.07573 0.799528 -0.845675 0.00591918 -0.00803237,3.7348843896761537,457.763365983963,-0.005753415148243124,-0.25082210045366043,1.5451008129119872,-0.01129193790256977,-0.010249760001897812,-0.02095702290534973,1.6153874397277832,-5.900832653045654,-3.2202250957489014,-0.019022225517619243,-0.25044937709320353,1.5388442719703017,0.0003071738931113271,-0.2508376870133054,1.5421198825896687
1788651130.901659,1940,Move held cable to port offset then insert: port-via-0.87,during,0.019549,1,0.728166,-0.7134 0.693738 -1.65047 0.255959 1.50406,2.29997 1.10209 -0.587783 0.00702216 -0.00685023,4.00371122173965,455.83414125442505,-0.005766587774738485,-0.25084215741662735,1.5451777029037475,-0.09440218657255173,-0.0811692327260971,-0.0635097324848175,-3.4200377464294434,-0.31846487522125244,0.5653079152107239,-0.018964607184669455,-0.2504917691831627,1.538879853329375,0.0002966768676539479,-0.25085619131131415,1.5422022108466817
1788651131.298337,1945,Move held cable to port offset then insert: port-via-0.87,during,0.019550,1,0.727466,-0.166939 0.176694 -1.38804 -1.32348 0.847082,4.10071 1.79267 -1.63184 0.00499311 -0.00823063,7.538438647519797,463.83943128585815,-0.005783902924045736,-0.25086811523942704,1.5453103828430175,0.06832845509052277,-0.152261421084404,-0.016014346852898598,-16.977014541625977,-4.354238033294678,0.17089590430259705,-0.018943211787763065,-0.25051494458982965,1.5389208984593326,0.00029664100527443827,-0.25085902439508423,1.5423703435684997
1788651131.693425,1950,Move held cable to port offset then insert: port-via-0.87,during,0.019597,1,0.727703,-0.727468 0.737628 -2.26794 0.901943 1.75578,1.73214 0.504007 -1.31739 0.011005 -0.00719648,3.5717441174201667,472.2806327342987,-0.005732076685413534,-0.25087437372712845,1.545404200553894,0.04785303771495819,-0.16088594496250153,-0.02393946424126625,-4.089766025543213,-1.1525242328643799,1.4200130701065063,-0.018909983619911808,-0.2505396130033455,1.5389538628915869,0.0003618935435515591,-0.25088958928207317,1.5424921182420555
1788651132.087910,1955,Move held cable to port offset then insert: port-via-0.87,during,0.019597,1,0.727738,-0.0354138 0.056301 -2.35101 0.865921 1.66327,4.19206 1.4441 -1.74362 0.00546116 -0.00486027,7.390102431178093,478.786404132843,-0.005729603092655355,-0.2508931789925551,1.5454587984085082,0.06210944429039955,-0.16878312826156616,-0.002670774469152093,1.1822550296783447,-0.7225580811500549,-2.852895736694336,-0.018887152154822576,-0.25058524911514785,1.53896791645288,0.000373898678241902,-0.250896111164533,1.5425667082317382
1788651132.485898,1960,Move held cable to port offset then insert: port-via-0.87,during,0.019630,1,0.727308,-0.250625 0.235531 -2.24976 -0.854974 1.84116,3.43144 1.00569 -1.97603 -0.00663702 0.00216131,6.421948999166489,508.93438172340393,-0.005720602791294271,-0.2509231303265547,1.545503144264221,0.044420089572668076,-0.09578187763690948,0.007537247147411108,-9.062261581420898,-4.656432151794434,-1.880472183227539,-0.01889578325777888,-0.25058982618893705,1.538965553619928,0.0003878962046136823,-0.25094365285041,1.542621695514277
1788651132.643228,1961,Move held cable to port offset then insert: port-via-0.87,reached,0.019609,1,0.72788,0.0876813 -0.130447 -0.164923 -1.237 0.192269,10.6243 3.76141 -4.47841 -0.00144837 -0.000964748,18.866509040701203,51.828543961048126,-0.0057203941750375575,-0.2508645985653853,1.5455032634735106,-0.00224226713180542,-0.016408566385507584,0.00700400909408927,0.5254166126251221,-0.22497786581516266,-0.20532701909542084,-0.01887658143413036,-0.2505051877628494,1.5389798052333066,0.00038745251933438793,-0.25088009282947293,1.5426204008785578
1788651132.883343,1965,Move held cable to port offset then insert: port-via-0.89,during,0.019620,1,0.727712,0.20448 -0.198289 0.601468 -1.21597 -0.512836,10.8867 3.78127 -3.62868 0.000427487 6.6745e-06,18.297121287902883,114.50731432437897,-0.005728261988147909,-0.25086519461183304,1.5454937267303466,0.004023110028356314,-0.025880269706249237,0.0038265888579189777,-0.7849048972129822,-0.16093508899211884,-0.08128529042005539,-0.018898681050697266,-0.2505431800454358,1.5389683608650608,0.00037798489093038637,-0.25087907370701656,1.5426074688627929
1788651133.275713,1970,Move held cable to port offset then insert: port-via-0.89,during,0.019746,1,0.725613,0.458871 -0.4852 1.68989 -0.78228 -1.57438,8.02393 2.46509 1.05809 0.00387295 -0.00013902,11.551122524164384,363.89939165115356,-0.005720632593616659,-0.25091624599008316,1.545445327758789,0.046460043638944626,-0.027170704677700996,-0.07719199359416962,-0.051649585366249084,-2.672632932662964,0.47314146161079407,-0.019020270370189343,-0.2507273441481426,1.5388799306127008,0.0003806791639648704,-0.2509488355067477,1.5425488021131666
1788651133.672804,1975,Move held cable to port offset then insert: port-via-0.89,during,0.019805,1,0.724298,1.57672 -2.72722 1.92893 -1.59045 -1.84346,2.34991 -0.863257 8.00056 0.00104352 0.00035465,11.215128026582533,690.041020154953,-0.005683856527790243,-0.2509508166840529,1.545462017059326,-0.0007793984259478748,0.013345823623239994,0.006406322121620178,-3.513335943222046,-0.6157429814338684,2.5550737380981445,-0.01903284690747392,-0.2508110687986807,1.5388455958417655,0.00041874428934104545,-0.25098465975658124,1.5425682226698205
1788651134.069439,1980,Move held cable to port offset then insert: port-via-0.89,during,0.019807,1,0.725103,1.51744 -2.09224 2.68386 -2.45176 -2.27896,5.56617 0.929242 6.58784 0.0133101 0.000281928,13.096843418577919,654.2319944500923,-0.005677329819187338,-0.25092521648912186,1.5455305624008178,-0.007698051631450653,-0.04772369563579559,0.0038102862890809774,10.816756248474121,-0.4127677381038666,-1.6704853773117065,-0.019007567551286852,-0.2507923757935826,1.5388721134820713,0.0004339847504124892,-0.25096607811046817,1.5426553071747817
1788651134.465886,1985,Move held cable to port offset then insert: port-via-0.89,during,0.019797,1,0.726012,-0.267449 0.6219 -0.245203 -1.55921 0.579418,6.36976 1.98755 5.21532 0.00528838 -5.99959e-05,13.577975797536055,563.9034320116043,-0.005684959213718588,-0.25091919641999955,1.545594458580017,-0.00853380560874939,-0.020182155072689056,0.009212580509483814,0.7922617793083191,-0.4835679829120636,-1.3724946975708008,-0.018982400580423664,-0.25074164810706123,1.5388943742712922,0.00043631155673047595,-0.25096207595260134,1.5427404905430415
1788651134.856319,1990,Move held cable to port offset then insert: port-via-0.89,during,0.019779,1,0.726663,-1.3058 1.09078 -1.72187 -0.76472 2.37809,7.20378 3.05404 3.79788 -0.00165521 0.0027596,14.060122983646579,491.9406907558441,-0.005679982225879843,-0.25092622976808304,1.5456360626220702,0.0178896002471447,0.08026950061321259,0.04123217612504959,-1.2978010177612305,-0.19569754600524902,-0.6198131442070007,-0.01893464907479478,-0.2507228710240268,1.5388999298292858,0.00045307827008178765,-0.2509626753618894,1.5428074289011526
1788651135.244534,1995,Move held cable to port offset then insert: port-via-0.89,during,0.019770,1,0.726156,0.30721 -0.392944 2.40187 -0.0800292 -2.16386,6.01068 2.39668 3.46103 -0.00140286 -0.000917005,11.87071018863935,455.87407302856445,-0.005663501541599447,-0.250937912278459,1.5457689809799193,0.022027676925063133,0.017951028421521187,0.008187413215637207,2.3814542293548584,-0.7469576597213745,0.20059223473072052,-0.018885210208456682,-0.2506760999070623,1.53899034066351,0.00047954961509741583,-0.25097111688144963,1.5429620702232167
1788651135.633273,2000,Move held cable to port offset then insert: port-via-0.89,during,0.019752,1,0.726739,0.0317938 -0.0945899 3.32349 0.777959 -3.03449,6.67253 2.84475 2.77028 0.00143236 -0.000943115,12.289935935055837,439.6250150203705,-0.005652295868381674,-0.2509241436055159,1.545853977203369,0.02546382136642933,0.013309040106832981,0.005274244584143162,6.135374069213867,-0.697874128818512,-2.118497610092163,-0.018828992881119402,-0.25065371149369353,1.5390389995585676,0.0005037360188209416,-0.250954942840727,1.5430756232182905
1788651136.032790,2005,Move held cable to port offset then insert: port-via-0.89,during,0.019785,1,0.727287,-0.212363 0.188112 1.44573 0.653499 -1.32727,7.12991 2.66884 0.795697 -0.0016975 -0.00134024,10.597484163474292,420.32492566108704,-0.005572574655994589,-0.2509213123848891,1.5459687757492064,0.0085009029135108,-0.001740042818710208,0.008294101804494858,8.926579475402832,-0.1943727731704712,-2.3437232971191406,-0.018750324428772308,-0.25061166249812694,1.539096306482031,0.0005969219625101448,-0.2509466711477826,1.543220395050877
1788651136.425548,2010,Move held cable to port offset then insert: port-via-0.89,during,0.019783,1,0.727328,-0.0117386 -0.0235164 1.66648 0.372945 -1.55354,6.64986 2.5433 0.72995 -0.000945282 -0.000777705,9.924832816352136,413.30895495414734,-0.005563753168567831,-0.25092575293092484,1.546052222251892,-0.006693216972053051,0.03528954088687897,0.024461930617690086,-0.641279399394989,-0.2612782418727875,-0.266112357378006,-0.01871032436081327,-0.2506141443142292,1.539127185485108,0.0006176414035428133,-0.25095808409427023,1.543330780741349
1788651136.820410,2015,Move held cable to port offset then insert: port-via-0.89,during,0.019764,1,0.72761,-0.224721 0.20895 1.56992 1.25222 -1.46092,7.32791 2.79414 0.74631 0.00361541 -0.000646811,10.872620241367258,406.67769622802734,-0.005566643993839437,-0.25092527609376664,1.5461412715911864,0.008275567553937435,0.018304990604519844,0.015770211815834045,11.367112159729004,-2.2894833087921143,-2.7726986408233643,-0.018665801402873536,-0.25060365343427204,1.5391690305747316,0.0006262541712223207,-0.250960335345845,1.5434461442803593
1788651137.226198,2020,Move held cable to port offset then insert: port-via-0.89,during,0.019771,1,0.72738,-0.43966 0.407098 1.25793 0.857225 -1.15726,7.03925 2.73854 0.656033 0.000316089 -0.00119461,10.435338457929902,402.2449584007263,-0.005563395540699179,-0.2509444985917067,1.546234016418457,0.008536760695278645,0.022495221346616745,0.010633687488734722,4.697479724884033,-0.2164226472377777,-1.6169893741607666,-0.018634703287520607,-0.2506196996221577,1.5391912870637474,0.0006425212830270003,-0.25098307748578685,1.543569051859317
1788651137.636155,2025,Move held cable to port offset then insert: port-via-0.89,during,0.019769,1,0.727407,-0.480561 0.451123 1.07056 1.07181 -0.97936,7.48041 2.93153 0.522894 0.00137075 -0.00113597,10.937341020442545,391.9149100780487,-0.005561339180454428,-0.25095552545099015,1.546323184967041,0.011297016404569149,0.011380315758287907,0.017153676599264145,-1.3684659004211426,-0.3982140123844147,-1.7125895023345947,-0.018598037559736852,-0.25062639850791685,1.5392226313544812,0.0006569072134248932,-0.2509960012515812,1.543687145978308
