timestamp_s,frame,label,event,tip_err_m,in_gripper,finger_pos,finger_vel,finger_effort,finger_effort_l1,arm_effort_l1,head_pos_x,head_pos_y,head_pos_z,head_lin_vel_x,head_lin_vel_y,head_lin_vel_z,head_ang_vel_x,head_ang_vel_y,head_ang_vel_z,gripper_tip_x,gripper_tip_y,gripper_tip_z,cable_tip_x,cable_tip_y,cable_tip_z
1788653303.751712,5,Grasp and lift E_part006_44: squeeze-hold,during,0.003119,1,0.728069,0.0479061 -0.0479059 -0.0680859 -0.60399 0.0793154,9.4186 4.24768 -4.38225 -0.000171247 4.45633e-05,18.04875020315012,20.442613787949085,0.5924531227648423,-0.34765827655732773,1.1309286355925723,0.0,0.0,0.0,0.0,0.0,0.0,0.5860594845324509,-0.3476608535488724,1.1254823925560802,0.5861128932130708,-0.3476393777043162,1.128600967689244
1788653304.162337,10,Grasp and lift E_part006_44: squeeze-hold,during,0.003119,1,0.728061,0.00574653 -0.00574657 -0.114507 -0.573486 0.123465,9.31169 4.19807 -4.37599 1.63879e-05 -7.05983e-06,17.885776125632674,21.104404538869858,0.5924546724856065,-0.3476575613015904,1.1309304237319155,-0.004678795579820871,0.009275143966078758,-0.008809122256934643,-0.3241760730743408,-0.2913037836551666,-0.08459191769361496,0.586061278002014,-0.34765930892660046,1.1254846483971073,0.5861141853761941,-0.34763865540573624,1.1286034527742057
1788653304.584384,15,Grasp and lift E_part006_44: squeeze-hold,during,0.003119,1,0.728062,0.00664695 -0.00664684 -0.113956 -0.57602 0.122919,9.31138 4.19712 -4.3761 -4.57741e-06 8.7988e-07,17.88459846723873,21.109813787043095,0.5924546724856065,-0.3476574420923009,1.130930304522626,-0.004684496205300093,0.009317927993834019,-0.008790996856987476,-0.33850881457328796,-0.2897164225578308,-0.08793455362319946,0.5860613337522075,-0.34765945116257657,1.1254847002800799,0.5861142391234295,-0.3476386882318321,1.1286031858904848
1788653304.989277,20,Grasp and lift E_part006_44: squeeze-hold,during,0.003119,1,0.728062,0.0064265 -0.00642648 -0.113988 -0.574772 0.122974,9.3091 4.19702 -4.37487 -8.82393e-06 -1.98407e-06,17.881005604753454,21.072989784181118,0.5924546724856065,-0.3476576209062352,1.130930542941205,-0.004672599025070667,0.009211963973939419,-0.008798560127615929,-0.31706419587135315,-0.2898072600364685,-0.08271650969982147,0.5860610981307617,-0.3476596773564007,1.125484590863078,0.5861141914199905,-0.34763870642535744,1.1286035555853036
1788653305.397803,25,Grasp and lift E_part006_44: squeeze-hold,during,0.003119,1,0.728061,0.00585242 -0.00585245 -0.114427 -0.574712 0.123494,9.31414 4.19892 -4.37579 2.1794e-06 3.24265e-07,17.888863683015074,21.094578877091408,0.5924547320902512,-0.3476576209062352,1.130930542941205,-0.004673276096582413,0.00919551495462656,-0.008750961162149906,-0.3116268217563629,-0.29051271080970764,-0.0816478356719017,0.5860610765823167,-0.3476596737152184,1.1254846549589013,0.5861142544675539,-0.3476387028301938,1.1286035462334247
1788653305.805984,30,Grasp and lift E_part006_44: squeeze-hold,during,0.003119,1,0.728062,0.00617693 -0.00617698 -0.11383 -0.573009 0.122848,9.31472 4.19987 -4.37631 5.09577e-06 3.85712e-07,17.890902755503163,21.09158591926098,0.5924546724856065,-0.3476575613015904,1.130930542941205,-0.0046790167689323425,0.00929040927439928,-0.008789913728833199,-0.3275032043457031,-0.29273244738578796,-0.08485129475593567,0.5860611886388923,-0.34765976075939525,1.1254847385852602,0.5861141888412408,-0.3476386135988144,1.128603562882064
1788653306.221709,35,Grasp and lift E_part006_44: squeeze-hold,during,0.003120,1,0.728062,0.00664614 -0.00664617 -0.11427 -0.576667 0.123138,9.31171 4.19802 -4.37623 -6.95254e-06 4.39236e-06,17.88597335432678,21.109046787023544,0.5924546724856065,-0.34765753149926804,1.1309304237319155,-0.0046937307342886925,0.009313762187957764,-0.008830943144857883,-0.3226279020309448,-0.29312068223953247,-0.08502068370580673,0.5860612147749522,-0.34765920785260085,1.1254844646506805,0.5861141852278133,-0.3476386208509516,1.128603453217128
1788653306.629503,40,Grasp and lift E_part006_44: squeeze-hold,during,0.003119,1,0.728064,0.00711676 -0.00711684 -0.113576 -0.576376 0.12257,9.3079 4.19613 -4.37621 -5.66539e-06 1.96551e-06,17.88025093229021,21.087535940110683,0.5924546724856065,-0.34765750169694565,1.1309304237319155,-0.0046933600679039955,0.00934320967644453,-0.008855079300701618,-0.3318728804588318,-0.29230746626853943,-0.08682559430599213,0.5860612638784394,-0.3476595126448885,1.1254846591095948,0.5861141868207937,-0.3476385923980379,1.128603448865643
1788653307.032794,45,Grasp and lift E_part006_44: squeeze-hold,during,0.003119,1,0.728062,0.00713296 -0.00713295 -0.113555 -0.57686 0.122585,9.31099 4.19739 -4.37712 -3.9663e-06 1.54534e-06,17.885498790149995,21.09358661621809,0.5924546724856065,-0.34765750169694565,1.1309304237319155,-0.004692537244409323,0.009356350637972355,-0.008840334601700306,-0.33430215716362,-0.29158449172973633,-0.08718576282262802,0.586061216784428,-0.34765953494077945,1.1254846336006568,0.5861141910132027,-0.34763859136259545,1.1286034374507126
1788653307.438718,50,Grasp and lift E_part006_44: squeeze-hold,during,0.003119,1,0.728062,0.00558732 -0.00558731 -0.115527 -0.576567 0.124437,9.31252 4.19684 -4.37633 -2.59449e-07 -5.75328e-06,17.885694317629827,21.15653183311224,0.5924547320902512,-0.34765753149926804,1.1309304237319155,-0.004692406859248877,0.009299266152083874,-0.008798438124358654,-0.33356764912605286,-0.2883981466293335,-0.08659510314464569,0.5860612393470432,-0.3476596127567969,1.1254848228924834,0.5861142343222225,-0.34763862954929675,1.1286034817847548
1788653307.845480,55,Grasp and lift E_part006_44: squeeze-hold,during,0.003119,1,0.728063,0.00708108 -0.00708114 -0.113883 -0.57739 0.122792,9.30828 4.19604 -4.37603 -5.72477e-06 1.53507e-06,17.880365478984004,21.106039851903915,0.5924546724856065,-0.3476575911039128,1.1309304237319155,-0.004700181074440479,0.009366740472614765,-0.008814872242510319,-0.333710253238678,-0.28993380069732666,-0.08582055568695068,0.5860611528058786,-0.3476595694552253,1.125484546709821,0.5861141951997859,-0.3476386778255574,1.1286034260672322
1788653308.253078,60,Grasp and lift E_part006_44: squeeze-hold,during,0.003119,1,0.728062,0.00701505 -0.00701503 -0.113679 -0.576904 0.122656,9.31396 4.19873 -4.37839 4.5284e-06 2.2625e-06,17.89108478620301,21.098468206822872,0.5924546724856065,-0.34765753149926804,1.1309304237319155,-0.004695058334618807,0.009349767118692398,-0.008815805427730083,-0.33362075686454773,-0.28876224160194397,-0.08723603934049606,0.5860612861401088,-0.34765949147890735,1.1254845790833556,0.5861141890300652,-0.34763862904934395,1.1286034427902356
1788653308.662037,65,Grasp and lift E_part006_44: squeeze-hold,during,0.003119,1,0.728062,0.00639069 -0.00639065 -0.114755 -0.577235 0.123658,9.30936 4.1959 -4.37579 -2.944e-06 7.80403e-07,17.881044297525477,21.11847161501646,0.5924546724856065,-0.34765747189462326,1.1309304237319155,-0.004697353113442659,0.009348740801215172,-0.008817690424621105,-0.33353668451309204,-0.2934599220752716,-0.08762559294700623,0.5860612674721115,-0.3476591001169722,1.1254844394446877,0.5861142404128157,-0.3476387168052072,1.1286033015966388
1788653309.068892,70,Grasp and lift E_part006_44: squeeze-hold,during,0.003119,1,0.728063,0.00725104 -0.00725111 -0.113662 -0.577874 0.122606,9.30726 4.19572 -4.37641 -6.53384e-07 4.03249e-06,17.87939969395859,21.079158760607243,0.5924546724856065,-0.34765750169694565,1.1309304237319155,-0.004690317437052727,0.009312459267675877,-0.008802811615169048,-0.3303464949131012,-0.2897731363773346,-0.08675307780504227,0.5860611910494884,-0.34765899240312653,1.125484396837524,0.5861142460062334,-0.34763876717629416,1.128603286191299
1788653309.474608,75,Grasp and lift E_part006_44: squeeze-hold,during,0.003119,1,0.728062,0.00576638 -0.00576644 -0.114175 -0.573287 0.123221,9.31531 4.19968 -4.3757 1.12046e-05 -2.55129e-06,17.890708850994997,21.10793375223875,0.5924546724856065,-0.3476576209062352,1.130930542941205,-0.004666811786592007,0.009183215908706188,-0.008744393475353718,-0.3142358362674713,-0.2876083254814148,-0.08133988827466965,0.5860612152230689,-0.34765976733005005,1.125484699578087,0.5861141938637406,-0.34763870723553336,1.128603548920097
1788653309.885028,80,Grasp and lift E_part006_44: squeeze-hold,during,0.003120,1,0.728061,0.0062438 -0.00624374 -0.114071 -0.574075 0.12297,9.31232 4.19878 -4.37622 -7.3303e-07 1.7271e-06,17.887318210255785,21.088876321911812,0.5924546724856065,-0.34765753149926804,1.1309304237319155,-0.004678773693740368,0.009253176860511303,-0.008808237500488758,-0.323146790266037,-0.2911094129085541,-0.08492004871368408,0.5860613027009256,-0.34765909353464586,1.1254844475735262,0.586114188447732,-0.3476386197867408,1.128603444452219
1788653309.967137,80,Grasp and lift E_part006_44: squeeze-hold,reached,0.003118,1,0.727967,0.00925089 -0.00925089 -0.0322827 -0.183774 0.0359721,9.88306 4.52999 -4.31251 0.000958253 0.000561784,18.72707688686205,21.832029312849045,0.5924560433924363,-0.3476627171033635,1.1309335231734439,-0.002167110564187169,0.004174381028860807,-0.0023513110354542732,0.880378007888794,-0.29529324173927307,0.19581511616706848,0.5860602834773498,-0.347660113420074,1.1254918852960216,0.5861145929388639,-0.34764762921059544,1.12860915088056
1788653310.297554,85,Grasp and lift E_part006_44: lift,during,0.003116,1,0.728022,0.152771 -0.152771 0.0660772 -0.569211 -0.0513408,9.82369 4.65977 -4.22841 0.000245144 -0.000258072,18.71237770107109,24.058768537361175,0.5924515730440781,-0.3477565944225227,1.1311223506880923,-0.004382697865366936,0.003013625042513013,0.001635003718547523,5.372262954711914,0.4323030710220337,0.057266753166913986,0.5860577161343021,-0.34775259115278845,1.125673335286463,0.5861133831917482,-0.34773554445360344,1.1287891480929073
1788653310.707156,90,Grasp and lift E_part006_44: lift,during,0.003116,1,0.728022,0.153359 -0.153359 0.0665523 -0.570094 -0.0517674,9.8296 4.66127 -4.22882 0.000532301 -0.000544445,18.720765638165176,39.46593417972326,0.5924485332071946,-0.3479905128363918,1.1316471099806948,-0.004726156126707792,0.0039404770359396935,-0.00035664375172927976,5.368130207061768,0.46295666694641113,0.050816357135772705,0.5860546354768791,-0.34798779208296676,1.126198624219785,0.5861103162715018,-0.34796947576945136,1.1293139808429364
1788653311.117574,95,Grasp and lift E_part006_44: lift,during,0.003119,1,0.727901,0.262557 -0.262557 0.247302 -0.182181 -0.251749,7.86413 3.64625 -3.56938 0.00281726 -0.000412457,15.082983356027398,52.51817746832967,0.5924426323473618,-0.34836736323208806,1.132498741261661,-0.003402424743399024,0.005465308669954538,0.00833609327673912,1.4879945516586304,-0.877128541469574,-0.2558976709842682,0.586048474374017,-0.3483609189981948,1.1270486517041731,0.5861036463696481,-0.3483550674937693,1.1301676398814728
1788653311.529913,100,Grasp and lift E_part006_44: lift,during,0.003120,1,0.727935,0.215981 -0.215981 0.203388 -0.0986641 -0.208142,7.66063 3.55323 -3.47728 0.000966782 -0.00106324,14.693171149352565,66.35654040332884,0.5924318439066575,-0.3488739133057117,1.133665323369205,-0.0064191087149083614,0.00439114635810256,-0.0032085170969367027,1.387417197227478,0.1448393613100052,-0.9232810735702515,0.5860375646666166,-0.3488668710760795,1.12821399215597,0.5860931296161525,-0.3488620743367875,1.1313334809564957
1788653311.934194,105,Grasp and lift E_part006_44: lift,during,0.003119,1,0.727933,0.218825 -0.218825 0.206627 -0.0985345 -0.211441,7.66928 3.55627 -3.47963 0.00118941 -0.00122424,14.707592143910006,79.50108170509338,0.5924174791872666,-0.3494934737858295,1.1351358891651033,-0.006624516099691391,0.005317310802638531,-0.004123094491660595,1.388936161994934,0.09373991191387177,-0.9056907296180725,0.5860231191475046,-0.3494887310814923,1.1296852592690987,0.5860787688859468,-0.349481736332485,1.1328040353953135
1788653312.344959,110,Grasp and lift E_part006_44: lift,during,0.003120,1,0.727933,0.213951 -0.213951 0.201431 -0.0965137 -0.206245,7.67776 3.55949 -3.48174 0.00136322 -0.00141246,14.721759814303368,92.10947673767805,0.592400134235637,-0.35021001090658155,1.1369019747897982,-0.007079185452312231,0.006009954493492842,-0.006265860982239246,1.3873226642608643,0.1655072569847107,-0.9334806203842163,0.5860058375326749,-0.3502049506910129,1.1314511259141902,0.5860614174229664,-0.3501983810857717,1.1345701381806896
1788653312.744681,115,Grasp and lift E_part006_44: lift,during,0.003116,1,0.728022,0.153543 -0.153543 0.0669075 -0.567418 -0.0521921,9.82757 4.65484 -4.22227 0.00147379 -0.00156198,18.707725278218277,105.69065239652991,0.5923789149820969,-0.3510048388446614,1.1389549971744417,-0.006387493573129177,0.007804321590811014,-0.007520932704210281,5.403074741363525,0.4517781138420105,0.027361655607819557,0.5859852566560847,-0.3510029701273683,1.1335060308632174,0.5860407420975517,-0.35098417907922574,1.1366217449987746
1788653313.145890,120,Grasp and lift E_part006_44: lift,during,0.003116,1,0.728021,0.153521 -0.153521 0.066694 -0.568177 -0.0521387,9.82755 4.65398 -4.22215 0.00157188 -0.00165818,18.70690866583027,116.76274496875703,0.5923572784960435,-0.351859301229839,1.1412882805988191,-0.006655417382717133,0.008337597362697124,-0.008876967243850231,5.4092912673950195,0.4675036370754242,0.043117769062519073,0.5859634391978878,-0.3518579702325891,1.1358391096734417,0.5860191080497501,-0.3518386902364454,1.1389550213684232
1788653313.557105,125,Grasp and lift E_part006_44: lift,during,0.003119,1,0.727903,0.261177 -0.261177 0.246646 -0.176288 -0.251011,7.86256 3.63968 -3.5642 0.00368498 -0.00135319,15.071475176140666,125.64262356981635,0.5923357016146348,-0.3527533112968251,1.143893718831241,-0.0052846637554466724,0.009671658277511597,-0.00023523248091805726,1.418763518333435,-0.8364859819412231,-0.29232385754585266,0.5859414992284102,-0.3527515634213329,1.1384438401388204,0.5859968086895988,-0.35274145048540045,1.141562362174351
1788653313.957919,130,Grasp and lift E_part006_44: lift,during,0.003118,1,0.727982,0.174351 -0.174351 0.147056 -0.0994897 -0.148637,7.87109 3.64193 -3.57343 0.00305902 -0.00146029,15.090966554591432,135.5007157754153,0.5923163301050828,-0.3536656199897572,1.146762727871537,-0.008389639668166637,0.04470646381378174,-0.01445340272039175,2.33024263381958,0.8122833967208862,5.440313339233398,0.5859181114955565,-0.35366426749894264,1.1413108486504178,0.5859784829454572,-0.3536426781942186,1.1444286123836507
1788653314.374836,135,Grasp and lift E_part006_44: lift,during,0.003119,1,0.728041,0.0579838 -0.0579838 -0.0912411 -0.556659 0.0699611,9.94096 4.72605 -4.1952 0.00136164 -0.001765,18.865329284686595,146.20447131618857,0.5922884351313279,-0.3545838593448445,1.1498846999555825,0.03282325714826584,0.014352783560752869,-0.021762214601039886,2.195024013519287,-0.10401012003421783,0.03700391948223114,0.5858933939548532,-0.3545832465760476,1.1444327798794032,0.5859502677215334,-0.35456059701717435,1.1475514574038792
1788653314.792281,140,Grasp and lift E_part006_44: lift,during,0.003118,1,0.72799,0.209548 -0.209548 0.123184 -0.493714 -0.118259,8.05626 3.7391 -3.62019 0.00205399 -0.00166172,15.419267844292335,153.0892296694219,0.592269838482158,-0.35547375669134107,1.153245209828019,-0.01211997028440237,0.01674339920282364,-0.013497679494321346,3.07646107673645,0.3936096429824829,-0.48175960779190063,0.5858707460157005,-0.35547673267703045,1.1477946091379363,0.5859317542640304,-0.3554494946146143,1.150911751482322
1788653315.214133,145,Grasp and lift E_part006_44: lift,during,0.003119,1,0.727989,0.212893 -0.212893 0.126771 -0.494018 -0.121711,8.05763 3.74021 -3.6208 0.00165062 -0.00168294,15.421981326304376,160.8359237201512,0.5922473079264329,-0.35633143772733655,1.1568381778150796,-0.01231884490698576,0.016962038353085518,-0.014439057558774948,3.0846240520477295,0.3947666883468628,-0.48446354269981384,0.5858483142447121,-0.3563343594068781,1.1513865482227728,0.5859092732984972,-0.3563071742513369,1.154504584792642
1788653315.635741,150,Grasp and lift E_part006_44: lift,during,0.003118,1,0.72799,0.211947 -0.211947 0.125367 -0.49555 -0.120356,8.05513 3.73844 -3.62057 0.00181833 -0.0015332,15.417493669549003,167.64801915362477,0.5922263270914719,-0.3571313618625447,1.1606451264768838,-0.012523172423243523,0.016911983489990234,-0.015142028219997883,3.103034019470215,0.39427679777145386,-0.47994452714920044,0.5858273217583699,-0.35713487600749916,1.1551942106117263,0.5858883348185273,-0.35710715394932924,1.1583114178445604
1788653316.058149,155,Grasp and lift E_part006_44: lift,during,0.003118,1,0.727988,0.218008 -0.218008 0.132201 -0.494861 -0.126897,8.05517 3.73912 -3.6203 0.00145648 -0.00146744,15.417519045295194,173.84102446585894,0.5922072536051438,-0.3578572272266194,1.1646517525613307,-0.01266120932996273,0.016917111352086067,-0.015853965654969215,3.09550142288208,0.397484689950943,-0.4866285026073456,0.5858084907063762,-0.3578607169550569,1.1592008324835055,0.5858693284723704,-0.35783303335682604,1.162317861449138
1788653316.477205,160,Grasp and lift E_part006_44: lift,during,0.003118,1,0.727966,0.155868 -0.155868 0.128687 -0.0689989 -0.130844,7.84966 3.62918 -3.57036 0.00234072 -0.000989745,15.05252527934499,178.876163713634,0.5921900278628037,-0.35849329819333997,1.1688398133218287,-0.00972430594265461,0.03732209652662277,-0.02218371257185936,2.4153010845184326,1.044413447380066,4.496433734893799,0.585791946857423,-0.3584955644209773,1.1633883394554847,0.5858523568554135,-0.3584722110739452,1.166505202092731
1788653316.894501,165,Grasp and lift E_part006_44: lift,during,0.003118,1,0.728036,0.150228 -0.150227 0.0305715 -0.623113 -0.0326301,9.96966 4.7422 -4.20379 0.000305744 -0.00123015,18.91718435715302,185.01515487208962,0.5921761399805711,-0.35902622332227674,1.1731896410882472,-0.014121314510703087,0.013217857107520103,-0.016704270616173744,3.3549606800079346,0.4957801401615143,-0.39567574858665466,0.5857772894186057,-0.35902811965803577,1.1677384686241339,0.5858382762089587,-0.3590018092282672,1.170855585643309
1788653317.307335,170,Grasp and lift E_part006_44: lift,during,0.003119,1,0.728028,0.132188 -0.132188 -0.022005 -0.704999 0.00863317,9.94818 4.73172 -4.19543 0.000109704 -0.000991129,18.87643080433918,188.61313662678003,0.5921624905169175,-0.35944354524267164,1.1776795397698878,0.014059524051845074,0.024366598576307297,-0.017216194421052933,2.1838371753692627,-0.2639201879501343,0.9094877243041992,0.5857666231175247,-0.3594412555928544,1.1722271670168463,0.5858246756091936,-0.3594176652549034,1.1753453674375152
1788653317.725698,175,Grasp and lift E_part006_44: lift,during,0.003118,1,0.728008,0.216881 -0.216881 0.147419 -0.442918 -0.13737,8.02576 3.72651 -3.6128 0.0010043 -0.000726842,15.366792906599585,189.89654383063316,0.5921581393778489,-0.35972547521245923,1.1822835217416285,-0.012127296067774296,0.014058329164981842,-0.017274215817451477,3.0243496894836426,0.4357116222381592,-0.5389339327812195,0.585760313581353,-0.35972539436838247,1.1768315309953645,0.5858203252872665,-0.35970051835644223,1.1799493371379397
1788653318.144187,180,Grasp and lift E_part006_44: lift,during,0.003118,1,0.728007,0.221128 -0.221128 0.152396 -0.443518 -0.141913,8.02687 3.72793 -3.61387 0.000650293 -0.000514697,15.369831400923431,191.71989971771836,0.5921546823084519,-0.3598771392310902,1.1869791756570338,-0.012097951956093311,0.013608465902507305,-0.01738227717578411,2.9984889030456543,0.4362090528011322,-0.5433576703071594,0.5857565964250895,-0.3598777214345374,1.1815275307701179,0.5858168891941433,-0.3598518953419216,1.184644937185534
1788653318.561455,185,Grasp and lift E_part006_44: lift,during,0.003118,1,0.728029,0.147963 -0.147963 0.0429152 -0.587898 -0.0389917,9.94163 4.73164 -4.19848 -0.000365619 -0.000357178,18.87248030374758,194.13547268509865,0.5921538478434251,-0.35989323248517957,1.1917395602166652,-0.013296952471137047,0.008412938565015793,-0.019477279856801033,3.6282808780670166,0.6921650767326355,-0.6561616063117981,0.5857560163592288,-0.35989217173408206,1.1862877065588708,0.5858160654568286,-0.3598681741669132,1.1894052906186143
1788653318.970352,190,Grasp and lift E_part006_44: lift,during,0.003118,1,0.728007,0.224944 -0.224945 0.157529 -0.439951 -0.146844,8.02761 3.73005 -3.61389 0.000355033 -1.45008e-05,15.371918901575555,192.53985504806042,0.5921587354242966,-0.35976156582487073,1.196533677279949,-0.012014814652502537,0.012599512003362179,-0.017227331176400185,2.936065196990967,0.4425032138824463,-0.5554139018058777,0.5857608170873365,-0.3597608284160812,1.1910818243345764,0.5858210226213894,-0.35973601280647305,1.1941992241262827
1788653319.377130,195,Grasp and lift E_part006_44: lift,during,0.003118,1,0.728008,0.219928 -0.219928 0.150995 -0.443082 -0.140608,8.02454 3.729 -3.61523 8.86893e-05 0.000213634,15.369071253502625,191.49313082918525,0.5921663648188279,-0.3594934939349934,1.2013345929980277,-0.01211162842810154,0.012149840593338013,-0.016904069110751152,3.000821113586426,0.43668416142463684,-0.5420923829078674,0.5857685279515863,-0.35949201992008495,1.1958828099462941,0.5858286489524633,-0.3594677220038196,1.1990001505677368
1788653319.779693,200,Grasp and lift E_part006_44: lift,during,0.003118,1,0.728028,0.147794 -0.147794 0.0427265 -0.587354 -0.0388052,9.94305 4.73491 -4.20092 -0.00101233 0.000367315,18.88026253436692,190.85436771064997,0.592176676422374,-0.359092891117458,1.206112262904644,-0.013218461535871029,0.006872072815895081,-0.01864900067448616,3.6318044662475586,0.6975518465042114,-0.6543788909912109,0.5857791833875724,-0.3590904473302238,1.2006608305254498,0.5858389199389121,-0.3590669476685151,1.2037779326475164
1788653320.185293,205,Grasp and lift E_part006_44: lift,during,0.003118,1,0.72801,0.211625 -0.211625 0.141827 -0.442067 -0.131772,8.02398 3.73064 -3.61677 -0.000408642 0.000654728,15.372457049932564,186.1818766966462,0.5921922332346604,-0.3585577010120198,1.2108325931429862,-0.012048573233187199,0.01101946085691452,-0.015835752710700035,3.0105857849121094,0.4343055784702301,-0.5363456010818481,0.5857945137587918,-0.3585556030769316,1.2053808611402321,0.5858545653475262,-0.3585316941235172,1.2084980230648585
1788653320.589096,210,Grasp and lift E_part006_44: lift,during,0.003117,1,0.728008,0.220594 -0.220594 0.152145 -0.441929 -0.141537,8.0221 3.73042 -3.61625 -0.000560998 0.000862032,15.370199112861883,181.93813491240144,0.592210114628093,-0.35790792097700086,1.2154668542742728,-0.011776966042816639,0.010639476589858532,-0.015303350985050201,2.976489543914795,0.4383617639541626,-0.5448206663131714,0.5858124857962729,-0.3579056679924603,1.2100157910766463,0.5858725024386673,-0.35788167506649393,1.2131321356736338
1788653320.983574,215,Grasp and lift E_part006_44: lift,during,0.003117,1,0.728027,0.147956 -0.147956 0.0429771 -0.587658 -0.0388577,9.94472 4.73786 -4.20472 -0.00162642 0.000957598,18.889886420976836,178.1810867637396,0.5922296649515794,-0.3571568130458638,1.2199830982089042,-0.012842555530369282,0.0054007661528885365,-0.01677100732922554,3.620596170425415,0.6963295340538025,-0.6519250273704529,0.5858323700121748,-0.3571530888176157,1.2145321874097037,0.5858919930566391,-0.35713040970145804,1.2176485434609843
1788653321.377133,220,Grasp and lift E_part006_44: lift,during,0.003117,1,0.728009,0.21855 -0.21855 0.149954 -0.441115 -0.139471,8.02391 3.73294 -3.61772 -0.000867193 0.00119585,15.376629125210457,170.34616495668888,0.5922533279955552,-0.3563114999736592,1.2243467542529105,-0.011469285935163498,0.009682302363216877,-0.013710512779653072,2.968644618988037,0.438791424036026,-0.5419341921806335,0.5858561092709813,-0.35630748295990733,1.2188954934612037,0.5859157486051021,-0.35628471985622134,1.2220119526873463
1788653321.776055,225,Grasp and lift E_part006_44: lift,during,0.003117,1,0.728028,0.14811 -0.14811 0.0431714 -0.587883 -0.0389105,9.94281 4.73807 -4.20571 -0.00193429 0.00118942,18.88971514313016,164.58937261253595,0.5922770506441758,-0.3554034530128285,1.2285306426882743,-0.012457103468477726,0.004649334121495485,-0.015131205320358276,3.6140072345733643,0.6935893297195435,-0.6511054635047913,0.5858798823631507,-0.3553978479575487,1.2230793596815015,0.585939418760136,-0.3553765515509046,1.2261959850111628
1788653322.176119,230,Grasp and lift E_part006_44: lift,during,0.003117,1,0.72801,0.215895 -0.215895 0.147282 -0.440206 -0.136781,8.02475 3.73451 -3.61933 -0.00113364 0.00137106,15.381102918763645,154.42313912510872,0.5923034555018113,-0.3544404803718373,1.2324986431002616,-0.011037526652216911,0.008965084329247475,-0.011827577836811543,2.9533510208129883,0.4382835030555725,-0.5419226288795471,0.5859061781001735,-0.3544348442884046,1.2270470081055305,0.5859659085393476,-0.35441325467677426,1.2301637586672234
1788653322.576143,235,Grasp and lift E_part006_44: lift,during,0.003117,1,0.728008,0.224203 -0.224203 0.156754 -0.44047 -0.145828,8.02524 3.73512 -3.6192 -0.0011382 0.00142631,15.382121162256226,144.77125100046396,0.5923295027315781,-0.35345554341924634,1.236222979724407,-0.010625850409269333,0.008602473884820938,-0.010781691409647465,2.9075236320495605,0.44233113527297974,-0.5494179129600525,0.5859324551779014,-0.3534493287547482,1.2307718205301696,0.5859919786106739,-0.3534278212150669,1.2338880391358913
1788653322.976143,240,Grasp and lift E_part006_44: lift,during,0.003117,1,0.728028,0.147622 -0.147622 0.0425323 -0.587705 -0.0383763,9.94601 4.74143 -4.20655 -0.00211861 0.00131903,18.897427682764828,135.66679134219885,0.5923542982638047,-0.3524733184779927,1.2396737310290336,-0.01171872764825821,0.0035902471281588078,-0.011878450401127338,3.6220526695251465,0.7035537362098694,-0.6458286643028259,0.5859574314419445,-0.3524653511140504,1.2342229162183396,0.5860166987685915,-0.3524454120972057,1.2373389972267055
1788653323.373599,245,Grasp and lift E_part006_44: lift,during,0.003117,1,0.728029,0.14759 -0.14759 0.042299 -0.588517 -0.0381485,9.95233 4.74488 -4.20959 -0.00224858 0.00126851,18.910314971813932,123.75109854713082,0.5923790937960313,-0.3515128790344044,1.2428197833895682,-0.011418333277106285,0.0032828885596245527,-0.010544001124799252,3.617382764816284,0.7014163136482239,-0.644119918346405,0.5859821374436861,-0.351504680411654,1.2373689217761445,0.5860415281263085,-0.3514847824355486,1.2404849600517902
1788653323.769538,250,Grasp and lift E_part006_44: lift,during,0.003117,1,0.728028,0.147883 -0.147883 0.0427173 -0.587854 -0.038622,9.95335 4.74509 -4.21107 -0.00216557 0.00118841,18.912868882296607,110.85103469341993,0.5924021607935593,-0.3506039678062245,1.245632764995098,-0.011093740351498127,0.0031230056192725897,-0.00918878335505724,3.61930513381958,0.6999566555023193,-0.6440531611442566,0.5860053266730779,-0.35059450280249566,1.2401818562026599,0.5860645848937049,-0.3505756264882857,1.2432979723835733
1788653324.168947,255,Grasp and lift E_part006_44: lift,during,0.003117,1,0.728029,0.147601 -0.147601 0.0424387 -0.587669 -0.0383153,9.95895 4.74805 -4.21212 -0.00199174 0.00108711,18.92219534108881,96.66476248763502,0.5924227243960069,-0.34977278103483167,1.2480846616625785,-0.010770153254270554,0.0028488270472735167,-0.007693951483815908,3.62092924118042,0.7058725357055664,-0.6409608721733093,0.5860258180928247,-0.34976273588761514,1.2426337675624308,0.586085185675536,-0.34974422285623497,1.2457497707759382
1788653324.569490,260,Grasp and lift E_part006_44: lift,during,0.003117,1,0.728029,0.146782 -0.146782 0.0413679 -0.588057 -0.0373324,9.90546 4.72181 -4.18975 -0.00104713 0.000968959,18.81904699577717,81.49365702271461,0.5924398905337022,-0.3490449488338947,1.2501475784182547,-0.010435664094984531,0.0026737789157778025,-0.006041858810931444,3.593876600265503,0.6919400095939636,-0.6400501728057861,0.5860430793114899,-0.3490337500867314,1.2446965732660364,0.5861024044751806,-0.34901615343396897,1.24781254751085
1788653324.968249,265,Grasp and lift E_part006_44: lift,during,0.003116,1,0.72803,0.146642 -0.146642 0.0412216 -0.587965 -0.0371819,9.90553 4.72169 -4.18915 -0.000826273 0.000760132,18.817961660737637,65.36602508276701,0.5924531227648423,-0.3484447598633289,1.251794931590557,-0.01003550086170435,0.002682019956409931,-0.004440362565219402,3.593607187271118,0.6854375004768372,-0.6391527056694031,0.5860563254297642,-0.34843346517458756,1.2463441064984397,0.5861156349024221,-0.3484155030390659,1.2494599113149572
1788653325.366599,270,Grasp and lift E_part006_44: lift,during,0.003117,1,0.728029,0.146573 -0.146573 0.0412266 -0.588275 -0.0370988,9.91104 4.72375 -4.19199 -0.000595578 0.000548326,18.827926607162226,48.09197306353599,0.5924618846476243,-0.34799483417313803,1.2529995414614676,-0.009677767753601074,0.0025121187791228294,-0.0028401280287653208,3.585361957550049,0.6984091401100159,-0.6354721188545227,0.5860649891429817,-0.3479828386996383,1.2475484154547256,0.5861243873138592,-0.3479653767364222,1.250664549414481
1788653325.766539,275,Grasp and lift E_part006_44: lift,during,0.003117,1,0.728029,0.146266 -0.146266 0.040819 -0.587802 -0.0367998,9.91112 4.72363 -4.19106 -0.000321375 0.000294665,18.826430286979303,29.792116184718907,0.5924653417170213,-0.34771528840369337,1.253735062777996,-0.009266047738492489,0.002559210639446974,-0.0011118113761767745,3.595348834991455,0.6925747990608215,-0.6363381743431091,0.5860681903925894,-0.34770303157139,1.2482839380094548,0.586127862656332,-0.34768561558855177,1.2514000238629213
1788653326.224153,280,Grasp and lift E_part006_44: lift,during,0.003118,1,0.728029,0.146093 -0.146093 0.0406521 -0.586493 -0.0367325,9.98077 4.7581 -4.21591 -0.000790388 -2.45647e-05,18.955589809525918,10.611329679843038,0.5924631363451646,-0.3476221263407262,1.2539752694964408,-0.008785123005509377,0.002502243500202894,0.0007765788468532264,3.61601185798645,0.6991639733314514,-0.6342661380767822,0.5860663717019263,-0.3476091932972329,1.2485231502162297,0.5861256905366765,-0.3475921924410126,1.2516401436664968
1788653326.304488,280,Grasp and lift E_part006_44: lift,reached,0.003116,1,0.728049,0.118484 -0.118484 0.0530709 -0.341535 -0.0316409,9.9156 4.75194 -4.08587 0.000816905 3.80307e-05,18.75425859884126,9.633220240008086,0.5924631959498093,-0.34761968255074516,1.2539749118685721,-0.009928951039910316,0.0018826060695573688,-0.004955651704221964,3.1806347370147705,1.3287988901138306,-0.5052788853645325,0.5860656933618497,-0.3476105395593599,1.248523631449499,0.5861260519260232,-0.3475915155281945,1.2516389451958259
1788653326.627739,285,Move held cable to port offset then insert: port-yaw--30,during,0.003117,1,0.728027,0.147751 -0.147751 0.0419349 -0.587556 -0.0383919,9.98035 4.7495 -4.21245 0.000325183 -0.00115801,18.943786369432928,68.82477110344917,0.5924844748079942,-0.3480329215411495,1.2549949857592582,-0.009837978519499302,0.005063006654381752,-0.007431423757225275,3.655639410018921,0.7068328261375427,-0.6430253982543945,0.5860790129168074,-0.3480098314039658,1.2495534971522158,0.5861433562318936,-0.34799277908906623,1.2526700057931244
1788653327.025081,290,Move held cable to port offset then insert: port-yaw--30,during,0.003119,1,0.728026,0.14842 -0.14842 0.0421698 -0.589377 -0.0386746,9.97286 4.73735 -4.19984 0.00161616 -0.00247325,18.91414648189675,145.35480985604227,0.5925627357065842,-0.34952718021245,1.2588245916366576,-0.011101564392447472,0.008259334601461887,-0.017545945942401886,3.677964687347412,0.6872022151947021,-0.6670783162117004,0.5861253723774043,-0.34946177236962883,1.2534196213538678,0.5862084290963168,-0.34944597518789206,1.256536989988152
1788653327.424598,295,Move held cable to port offset then insert: port-yaw--30,during,0.003121,1,0.728024,0.149409 -0.149409 0.042573 -0.591896 -0.039222,9.97509 4.7319 -4.19442 0.00213962 -0.00336641,18.906904686242342,215.11731829866767,0.5926981574595139,-0.35194492330205884,1.2653267431259154,-0.012193826958537102,0.011060942895710468,-0.026539292186498642,3.6946961879730225,0.6480079889297485,-0.7037049531936646,0.5862100054322329,-0.3518045026741302,1.259981463681195,0.5863235286879118,-0.35179162674265285,1.263100190578886
1788653327.824859,300,Move held cable to port offset then insert: port-yaw--30,during,0.003122,1,0.72802,0.149082 -0.149082 0.0423355 -0.589647 -0.0391275,9.96312 4.72166 -4.18309 0.00245063 -0.00363647,18.873950764071196,278.4031915329397,0.5929015285074876,-0.3550559281314656,1.2743877220153808,-0.01307979691773653,0.013128640130162239,-0.034101683646440506,3.6591813564300537,0.5791181921958923,-0.7479836344718933,0.5863512007267809,-0.35480970180524446,1.269121051718478,0.5865032834388311,-0.3547998643040231,1.2722397417051274
1788653328.220358,305,Move held cable to port offset then insert: port-yaw--30,during,0.003126,1,0.72802,0.148453 -0.148453 0.0413139 -0.591946 -0.0379803,9.78278 4.63561 -4.10032 0.00128562 -0.00344894,18.52344183495734,335.3369840718806,0.5931814915239976,-0.3585985897983357,1.2859187173843383,-0.01391306146979332,0.0146177364513278,-0.0399494506418705,3.5272021293640137,0.41934147477149963,-0.785927414894104,0.5865648512205692,-0.35821570015931986,1.2807398271384218,0.5867607421119967,-0.3582095486487007,1.283859700136298
1788653328.620820,310,Move held cable to port offset then insert: port-yaw--30,during,0.003127,1,0.728181,0.103253 -0.103253 -0.0260816 -0.543005 0.0086619,9.71732 4.76387 -3.50985 0.00180265 -0.00233681,17.99518541083671,384.9133729301393,0.5935364967882798,-0.3622802792991444,1.2998206663131713,-0.016882576048374176,0.014754234813153744,-0.03525364026427269,-0.6318509578704834,0.5206929445266724,0.9253258109092712,0.5868593673541647,-0.3617427366837234,1.2947373688876862,0.5870984254816576,-0.3617272228265275,1.2978553942087308
1788653329.008940,315,Move held cable to port offset then insert: port-yaw--30,during,0.003130,1,0.727836,0.0386122 -0.0386122 -0.0348498 -0.23749 0.00689038,8.89367 4.25026 -3.62835 -0.00068192 -0.000180884,16.773138967109844,424.41945922374725,0.5939514047205613,-0.3658498533944532,1.3159632730484008,-0.013239793479442596,-0.002459406154230237,-0.03230217844247818,4.010166168212891,-0.5921754240989685,-1.0718165636062622,0.5872308737538108,-0.3650950405016143,1.3109664834480417,0.5875055221634926,-0.3651170754830064,1.314084293897766
1788653329.402044,320,Move held cable to port offset then insert: port-yaw--30,during,0.003129,1,0.728022,0.00188898 -0.00188898 -0.0642124 -0.127406 0.0560418,9.08852 4.31541 -3.73188 -0.0021677 0.00211677,17.140095083974302,456.8380216807127,0.594407916694896,-0.36894700014394965,1.33416522026062,-0.013850555755198002,0.005945520009845495,-0.03308875113725662,-3.992619276046753,0.69681715965271,1.3407337665557861,0.5876568753755712,-0.36800019906306036,1.329245664367038,0.5879711951682749,-0.36798687893787596,1.3323586457910988
1788653329.796105,325,Move held cable to port offset then insert: port-yaw--30,during,0.003126,1,0.727743,0.0427201 -0.0427201 -0.00587258 -0.195158 -0.00361968,8.49732 3.88814 -3.8307 -0.00481554 0.00439474,16.225364139303565,480.3308201432228,0.5948509580195115,-0.37141147339147773,1.3541641283035277,-0.012869806960225105,-0.005968792364001274,-0.02893971838057041,0.6617583632469177,0.2489551156759262,0.05979327857494354,0.5881029975532057,-0.37019592018238373,1.3493051589584122,0.5884372745913337,-0.37022177594777195,1.3524130677874102
1788653330.172949,330,Move held cable to port offset then insert: port-yaw--30,during,0.003127,1,0.727984,0.000439942 -0.000439957 -0.0789585 -0.148851 0.061321,9.36953 4.49636 -3.73474 -0.00587589 0.00669731,17.613202529028058,495.4523428454995,0.595232427746074,-0.37292081200880256,1.3756381320953368,-0.008368377573788166,0.014835799112915993,-0.018861647695302963,-4.2919135093688965,0.7919103503227234,2.3337366580963135,0.5885183243664494,-0.3714746982921559,1.3708046353553631,0.5888664739846077,-0.371467540637327,1.3739119909993458
1788653330.565859,335,Move held cable to port offset then insert: port-yaw--30,during,0.003123,1,0.727738,0.0244414 -0.0244414 -0.0118118 -0.138968 0.00368225,8.42076 3.86892 -3.80069 -0.0093846 0.00864521,16.108397845178843,501.388076223433,0.5954953438341782,-0.3734203287343427,1.3981363821029662,-0.011069723404943943,-0.007715457119047642,-0.02394048497080803,0.6282747983932495,0.4112085998058319,-0.003283199854195118,0.5888507220013222,-0.3716844347652827,1.3933049952555905,0.5891928550555052,-0.371714087880197,1.396408867877875
1788653330.956016,340,Move held cable to port offset then insert: port-yaw--30,during,0.003123,1,0.727994,-0.000288688 0.000288695 -0.0896075 -0.193572 0.0683503,9.15714 4.40995 -3.64426 -0.00981654 0.0101743,17.231340072117746,498.4066485911608,0.5955905920565293,-0.37273824298185554,1.4211559343338012,-0.00628720223903656,0.01375084649771452,-0.013988125137984753,-4.774984359741211,1.4306954145431519,1.9524891376495361,0.5890413123700016,-0.3707708439211432,1.4162914884944082,0.5893741703720405,-0.3707688678651896,1.4193967893295385
1788653331.340112,345,Move held cable to port offset then insert: port-yaw--30,during,0.003119,1,0.727747,-0.0106549 0.0106549 -0.0532397 -0.141848 0.0435179,8.28488 3.81704 -3.74535 -0.0125845 0.011099,15.870950927957892,485.2403450086713,0.595468879371898,-0.37101516210836616,1.4440972852706908,-0.007002840284258127,-0.005564287304878235,-0.005236518103629351,0.7611206769943237,-1.0726830959320068,-0.27786657214164734,0.5890518989929392,-0.3687705824834348,1.4391767772334179,0.5893511678974613,-0.3688030108815117,1.4422815426345716
1788653331.722593,350,Move held cable to port offset then insert: port-yaw--30,during,0.003112,1,0.727741,-0.00342567 0.00342567 -0.0183152 -0.0396167 0.0130158,8.36197 3.86304 -3.78108 -0.0190537 0.0112205,16.036359820514917,462.13998932391405,0.5951179272234605,-0.36830636942190376,1.4663142013549804,-0.004488211590796709,-0.0008092980715446174,-0.023829320445656776,0.0455060750246048,0.1919247806072235,0.12786224484443665,0.5888586596276365,-0.3658350429296094,1.4613197501104214,0.589115039706853,-0.3658574166064936,1.4644208182383345
1788653332.104821,355,Move held cable to port offset then insert: port-yaw--30,during,0.003110,1,0.72797,0.168468 -0.168468 0.0821169 -0.331607 -0.101491,7.69547 3.66103 -3.32062 -0.010245 0.0118109,14.69917398225516,426.92248111590743,0.5945715314448045,-0.36489111268324104,1.4871361303329467,-0.009642460383474827,0.009504127316176891,-0.019365450367331505,0.3832188844680786,-0.3310452997684479,-1.3063839673995972,0.5884736988145634,-0.362214657579481,1.4820419079032205,0.5886839823743388,-0.36224759681938407,1.4851447695228615
1788653332.484100,360,Move held cable to port offset then insert: port-yaw--30,during,0.003108,1,0.728201,0.153257 -0.153257 0.00357011 -0.682192 -0.0179872,9.27384 4.58268 -3.40598 -0.0117092 0.0105072,17.284718059934676,375.27923584729433,0.5938770777285264,-0.3610942958797261,1.5058281469345092,-0.006443878170102835,0.015166276134550571,-0.01427166722714901,-2.797752857208252,1.9256700277328491,1.5402663946151733,0.5879333534373733,-0.35826499868712236,1.5006367345342384,0.588112568707748,-0.35826108080721575,1.5037400242949566
1788653332.870683,365,Move held cable to port offset then insert: port-yaw--30,during,0.003101,1,0.727937,0.300819 -0.300819 0.0241114 -1.12611 -0.122083,7.52947 3.57816 -3.20808 -0.0124452 0.0092322,14.337386287748814,308.4301679097116,0.5930979854166673,-0.3574098347629353,1.521702651977539,-0.10273725539445877,-0.023439228534698486,0.005294864997267723,5.433754920959473,1.1535358428955078,-7.161550521850586,0.5873242965905245,-0.3543892220010949,1.516424610281548,0.5874409683426016,-0.3544322097937581,1.519523469694614
1788653333.251066,370,Move held cable to port offset then insert: port-yaw--30,during,0.003111,1,0.727957,0.0609792 -0.0609792 -0.0527422 -0.444277 0.0313238,7.60276 3.60874 -3.23628 -0.00839403 0.00680698,14.462974939029664,229.55717073567212,0.5923790341913865,-0.35415670265806165,1.5341043519973754,-0.014143016189336777,-0.002346882363781333,-0.009725586511194706,3.1421351432800293,-1.081540584564209,0.3537750840187073,0.5867355759889772,-0.3510504605290863,1.5287354786088068,0.5868072568546938,-0.35107913602198804,1.5318458549381804
1788653333.634839,375,Move held cable to port offset then insert: port-yaw--30,during,0.003112,1,0.727959,0.0567701 -0.0567701 -0.0608709 -0.456991 0.0379856,7.56706 3.58822 -3.21697 -0.00551603 0.00401947,14.381785579025745,138.56594078522176,0.5918359166681931,-0.351860761543636,1.5423483896255492,-0.010770723223686218,-6.472385575762019e-05,-0.007448860909789801,3.6046741008758545,-1.2169790267944336,0.7050114870071411,0.5862814014177665,-0.34868474691468576,1.5369242464053967,0.5863264710084423,-0.3487117847481994,1.5400360570976455
1788653334.015635,380,Move held cable to port offset then insert: port-yaw--30,during,0.003112,1,0.727969,0.0578372 -0.0578372 -0.0617607 -0.445866 0.0378801,7.43806 3.51612 -3.16166 -0.00101784 0.000912428,14.117766886774916,35.427725756308064,0.5915749675333665,-0.35088306655538526,1.5458272743225097,-0.010692045092582703,-0.0004755912523251027,-0.00028983279480598867,3.496951103210449,-1.0768921375274658,0.7975820302963257,0.586059685017563,-0.34767463776348756,1.5403806250242857,0.5860927659744553,-0.3477031179831332,1.5434926820238728
1788653334.165124,381,Move held cable to port offset then insert: port-yaw--30,reached,0.003115,1,0.72797,0.0583229 -0.0583229 -0.0612185 -0.445403 0.0372063,7.44752 3.52021 -3.1652 -0.000170852 0.000172548,14.133272248363937,10.51333613123279,0.591544032722728,-0.350895345112209,1.5458697128295897,-0.010983149521052837,-0.0010744193568825722,0.002283352194353938,3.4282426834106445,-1.079066514968872,0.8190689086914062,0.5860300444833623,-0.34768551045059637,1.5404207742148972,0.5860630583605976,-0.34771286395831114,1.5435356901642538
1788653334.396527,385,Move held cable to port offset then insert: port-yaw--60,during,0.003115,1,0.727969,0.0583461 -0.0583462 -0.0611656 -0.446257 0.0373636,7.44151 3.52322 -3.16962 -0.00155332 0.00160156,14.13751613930799,27.172130996827036,0.591560483604686,-0.350928246876125,1.5455365228652953,-0.014182311482727528,-0.004304605536162853,0.0024091885425150394,3.518500804901123,-1.077327013015747,0.7979280948638916,0.5860450477726449,-0.34770338749586616,1.5400973739187356,0.5860822558568448,-0.3477337992237314,1.5432124202439716
1788653334.781468,390,Move held cable to port offset then insert: port-yaw--60,during,0.003111,1,0.727963,0.00979521 -0.00979528 -0.0954127 -0.384887 0.082686,7.40858 3.51704 -3.16619 -0.00346131 0.00359593,14.098861985141411,52.629780053626746,0.5915885573923753,-0.35112723698270765,1.5441829013824462,-0.006911837961524725,-0.06147128716111183,-0.011214306578040123,1.9922380447387695,-1.4692904949188232,-1.3262182474136353,0.5860693305005782,-0.34783825812245184,1.538788248455625,0.5861231705708712,-0.3478823160429132,1.541898834167727
1788653335.165815,395,Move held cable to port offset then insert: port-yaw--60,during,0.003110,1,0.727974,0.0413977 -0.0413977 -0.0800254 -0.448281 0.056832,7.42729 3.53392 -3.18139 -0.00527466 0.00542581,14.153305544983596,74.46835238975473,0.5915988689959214,-0.35150241841924634,1.542034273147583,-0.024644777178764343,-0.037882931530475616,0.0032330842223018408,2.7389602661132812,-1.900843620300293,-0.6381280422210693,0.5860790239163498,-0.34811049403987193,1.5367060177381093,0.5861585065557762,-0.34817185169717424,1.5398146538367032
1788653335.556957,400,Move held cable to port offset then insert: port-yaw--60,during,0.003111,1,0.727977,0.0625997 -0.0625997 -0.0666528 -0.489786 0.0425777,7.40356 3.52806 -3.17933 -0.00692901 0.00703523,14.12491756863892,92.11761408438906,0.5915718084871934,-0.35204830755842176,1.5393656539916991,-0.029271988198161125,-0.01823519356548786,0.005611250177025795,3.656127691268921,-1.140618085861206,0.6395143270492554,0.586059616658553,-0.3485213203968419,1.5341192140258346,0.5861706292886543,-0.3486026601974508,1.5372274992768464
1788653335.948454,405,Move held cable to port offset then insert: port-yaw--60,during,0.003112,1,0.727979,0.0548518 -0.0548518 -0.0747016 -0.488663 0.0510054,7.37231 3.51751 -3.17361 -0.00812423 0.00837311,14.079920728690922,105.97618088312447,0.5914928919375108,-0.3527605830634877,1.5364717292785643,-0.03324473276734352,-0.021257370710372925,0.007236061152070761,3.690870523452759,-1.320331335067749,0.4979618787765503,0.5860027366946728,-0.3490697061971821,1.5313158679592411,0.5861488406590325,-0.34917462286013684,1.534422599363569
1788653336.343471,410,Move held cable to port offset then insert: port-yaw--60,during,0.003110,1,0.727979,0.0557692 -0.0557692 -0.0725097 -0.487777 0.0497716,7.33478 3.50283 -3.1636 -0.00919689 0.00945112,14.01985321380198,116.15762507077307,0.5913581258356736,-0.3536140321697041,1.53364933013916,-0.03625044599175453,-0.02418176643550396,0.011957676149904728,3.5141913890838623,-1.6867927312850952,0.2737424075603485,0.5859111197353207,-0.3497387228524442,1.528586160822731,0.5860920453625924,-0.349867214103743,1.5316880349326296
1788653336.735602,415,Move held cable to port offset then insert: port-yaw--60,during,0.003112,1,0.727978,0.0578823 -0.0578822 -0.0699896 -0.491604 0.0480043,7.31694 3.4972 -3.1589 -0.0100396 0.0102847,13.993368196301162,122.51710702246055,0.5911756760180161,-0.35456454743993726,1.5311707305908202,-0.03842137008905411,-0.025698618963360786,0.013599502854049206,3.4744985103607178,-1.8351322412490845,0.15093334019184113,0.5857986460283591,-0.3504923341144668,1.5261864269542413,0.586010334762937,-0.3506414955030828,1.5292876901571417
1788653337.129281,420,Move held cable to port offset then insert: port-yaw--60,during,0.003111,1,0.727979,0.0567335 -0.0567335 -0.070072 -0.486166 0.0486964,7.29178 3.48651 -3.15075 -0.010626 0.0108632,13.950533411465585,125.50967416726053,0.5909642583429978,-0.35554787506711927,1.5292600440979003,-0.03994078189134598,-0.027705086395144463,0.020038390532135963,3.0977470874786377,-2.34142804145813,-0.0637546256184578,0.5856863534881339,-0.351273034109099,1.5243409605369662,0.5859229125142198,-0.3514387292694101,1.5274388683503735
1788653337.526632,425,Move held cable to port offset then insert: port-yaw--60,during,0.003113,1,0.727984,0.0539518 -0.0539517 -0.0689076 -0.495873 0.0493526,7.38847 3.53969 -3.18694 -0.0121521 0.0107381,14.137996774166822,125.63671435462311,0.5907441979944871,-0.3564817010368153,1.5280864286422728,-0.038938142359256744,-0.024777691811323166,0.01617486961185932,3.292171001434326,-1.956971526145935,0.2879670560359955,0.5855984098955576,-0.3520055299793462,1.523202572336104,0.5858514627407416,-0.3521820210924119,1.5263001413842996
1788653337.920335,430,Move held cable to port offset then insert: port-yaw--60,during,0.003113,1,0.727977,0.0647191 -0.0647191 -0.0600316 -0.490639 0.0399945,7.24896 3.46439 -3.13521 -0.0110104 0.0111947,13.870773114264011,123.00478143803775,0.590538561970012,-0.35727387656820264,1.5277293968200683,-0.04087207466363907,-0.027914173901081085,0.02668275497853756,2.5939574241638184,-2.9445176124572754,-0.33647844195365906,0.5855546952005946,-0.3526025900827368,1.522862860711558,0.5858119489299205,-0.35278565956900554,1.5259596608530652
1788653338.312355,435,Move held cable to port offset then insert: port-yaw--60,during,0.003113,1,0.727975,0.0707571 -0.0707571 -0.053134 -0.493497 0.0336577,7.23984 3.45879 -3.12816 -0.0108332 0.0109733,13.848600641824305,118.20278999488801,0.5903566485941575,-0.3578371404613301,1.5282168436050414,-0.04047289490699768,-0.026900004595518112,0.028443913906812668,2.369405746459961,-3.1263515949249268,-0.4072912335395813,0.5855633103263566,-0.35298649491629475,1.5233352445619075,0.5858149286229893,-0.35316736214899896,1.5264327813099627
1788653338.703838,440,Move held cable to port offset then insert: port-yaw--60,during,0.003112,1,0.727976,0.0719113 -0.0719113 -0.0513771 -0.494981 0.0321765,7.23042 3.4515 -3.1222 -0.0104237 0.0105047,13.825045818462968,111.45553914969787,0.5902013188898728,-0.3581011294330403,1.5294854688644408,-0.03960847482085228,-0.025443118065595627,0.031515028327703476,2.0116395950317383,-3.4475719928741455,-0.49071982502937317,0.5856206558177782,-0.3530883448070972,1.5245635987197423,0.5858567849135247,-0.35326196182715064,1.5276621725456785
1788653339.093934,445,Move held cable to port offset then insert: port-yaw--60,during,0.003108,1,0.727987,0.0786593 -0.0786592 -0.0532402 -0.532898 0.0332294,7.26224 3.46434 -3.12731 -0.00966498 0.00980448,13.87336059473455,103.48855563881807,0.5900650626719163,-0.35802659382474866,1.5314089107513427,-0.03996814414858818,-0.022242557257413864,0.026688361540436745,2.19035005569458,-3.0669217109680176,-0.2232915461063385,0.5857147121291516,-0.3528737158950327,1.5264285195615088,0.585924507680244,-0.35303422489634734,1.529525035782238
1788653339.491273,450,Move held cable to port offset then insert: port-yaw--60,during,0.003110,1,0.727975,0.0891394 -0.0891395 -0.0348407 -0.509143 0.0158919,7.23973 3.4496 -3.11505 -0.00888647 0.00886595,13.822136887349188,93.9753953992622,0.5899389392435715,-0.35761144747388807,1.5338152694702147,-0.03693562000989914,-0.018717236816883087,0.022715210914611816,2.2770161628723145,-3.0317628383636475,-0.2653768062591553,0.5858229591756969,-0.3523428568638418,1.5287536490213696,0.5860021543912486,-0.35248545973754003,1.531854937149184
1788653339.885993,455,Move held cable to port offset then insert: port-yaw--60,during,0.003110,1,0.727983,0.0830303 -0.0830302 -0.0455676 -0.526385 0.0260526,7.26985 3.45987 -3.12029 -0.00768709 0.00778197,13.865472300443798,84.05187422368908,0.5898072129786179,-0.3569072483981892,1.5364871072769164,-0.035097379237413406,-0.015215501189231873,0.021253643557429314,2.169916868209839,-3.0097856521606445,-0.03676023706793785,0.5859240123329688,-0.3515458673841837,1.5313389193998237,0.5860665392365427,-0.351668156778841,1.5344435302622257
1788653340.280844,460,Move held cable to port offset then insert: port-yaw--60,during,0.003111,1,0.72798,0.024533 -0.024533 -0.0813564 -0.454828 0.0765915,7.27851 3.46021 -3.11858 -0.00644586 0.00648948,13.87023538351059,72.96734786486195,0.5896673208773301,-0.35600349297178235,1.5391944694519042,-0.038054339587688446,-0.05945223569869995,0.0012957252329215407,1.0764602422714233,-2.529953718185425,-1.4471914768218994,0.5860015212634567,-0.3505720713847583,1.533957358452726,0.5861081240053434,-0.35067296235620593,1.5370650354805433
1788653340.674804,465,Move held cable to port offset then insert: port-yaw--60,during,0.003107,1,0.727977,0.0362336 -0.0362335 -0.0811789 -0.484737 0.0717391,7.27617 3.45522 -3.11244 -0.00528931 0.0051164,13.854237494524568,60.28898982690225,0.5895205742418931,-0.35502842058790174,1.5416995334625243,-0.041603587567806244,-0.060319188982248306,0.008341091684997082,1.6612493991851807,-3.5913727283477783,-2.5238516330718994,0.5860464073030444,-0.34954712743039673,1.5363871849325583,0.5861182030214279,-0.34962742725782714,1.539492710138787
1788653341.066708,470,Move held cable to port offset then insert: port-yaw--60,during,0.003107,1,0.727971,0.0626385 -0.0626385 -0.0682529 -0.522542 0.0463259,7.30823 3.46777 -3.11419 -0.00402876 0.00372411,13.897943715797737,46.05511006980669,0.5893813377916978,-0.35413423170698133,1.5437786626815795,-0.03876666724681854,-0.02961653284728527,0.02392706461250782,1.5952190160751343,-4.279311180114746,-2.061995267868042,0.5860617984767256,-0.34861905819409744,1.5384014945423132,0.5861043326820277,-0.3486824196555213,1.5415079995796854
1788653341.458871,475,Move held cable to port offset then insert: port-yaw--60,during,0.003109,1,0.727979,0.0118731 -0.0118732 -0.0777853 -0.375706 0.0748967,7.32384 3.46719 -3.12323 -0.00200348 0.00208876,13.918346906080842,30.063978468446294,0.5892716056406663,-0.3534730969871327,1.5452283668518065,-0.035640817135572433,-0.03840351104736328,-0.024497615173459053,-1.386342167854309,0.13991814851760864,-0.6137060523033142,0.5860574396594203,-0.3479403071817786,1.5398046872888607,0.5860790933877387,-0.34798995039976877,1.5429132217004327
1788653341.850038,480,Move held cable to port offset then insert: port-yaw--60,during,0.003107,1,0.72798,0.0281329 -0.0281329 -0.0722649 -0.407687 0.0601838,7.33414 3.46704 -3.11954 -0.000327536 0.000462296,13.921507310064044,12.703246356919408,0.5892125970423386,-0.3531816600765034,1.5458753156661986,-0.023622041568160057,-0.01562904566526413,-0.01156527828425169,0.2259426712989807,-2.004106044769287,-0.12997528910636902,0.5860454373615073,-0.3476424649723156,1.5404340859246575,0.5860576346917574,-0.34768519530437,1.5435403604994646
1788653342.007016,481,Move held cable to port offset then insert: port-yaw--60,reached,0.003109,1,0.727972,0.0258961 -0.025896 -0.109204 -0.558636 0.0932541,7.32192 3.46203 -3.11028 -0.000266833 -4.17306e-05,13.894529869707185,8.846919457660988,0.5891733771860764,-0.3532120584453389,1.5458790111541747,-0.05055029317736626,-0.06975472718477249,-0.00433551799505949,2.1202633380889893,-3.654926061630249,-4.768270492553711,0.5860095240696802,-0.3476666546378721,1.5404355534070908,0.5860223996487572,-0.3477133909840233,1.5435438613164276
1788653342.242094,485,Move held cable to port offset then insert: port-yaw--90,during,0.003101,1,0.727975,0.181973 -0.181973 -0.0442051 -0.74751 -0.0366421,7.26577 3.43354 -3.09559 -0.000986154 0.000672494,13.796563594834879,19.85763736878289,0.5891124016344712,-0.3533616661037251,1.5456593084335326,-0.06645415723323822,0.07342839986085892,0.0235537551343441,6.127776145935059,-3.155954360961914,-3.420952081680298,0.5859651369955529,-0.34779738587660314,1.540231365691327,0.5859760870334951,-0.347851266632324,1.543332087678031
1788653342.635260,490,Move held cable to port offset then insert: port-yaw--90,during,0.003113,1,0.727983,0.0413498 -0.0413498 -0.0683488 -0.469235 0.056851,7.33981 3.47427 -3.12439 -0.00114362 0.00125291,13.94086021836847,36.59332683379762,0.5888513928949998,-0.35393005599630323,1.5448169755935668,-0.02206198126077652,-0.018317997455596924,-0.007938717491924763,1.1229803562164307,-3.014286756515503,-0.10087433457374573,0.5857551167998585,-0.34831337514478883,1.5394075826897926,0.585767938868871,-0.3483772275602174,1.5425201657007601
1788653343.027587,495,Move held cable to port offset then insert: port-yaw--90,during,0.003108,1,0.727991,0.193322 -0.193322 0.0214189 -0.949627 -0.044512,7.24362 3.42495 -3.09516 -0.00323127 0.00218611,13.769152196822688,50.99812103342265,0.5883967882692979,-0.35484307994497266,1.5434514331817626,-0.0013182274997234344,0.014288906008005142,0.012587022967636585,2.6032485961914062,-4.561407089233398,2.612229108810425,0.585399623499983,-0.3491279279514491,1.5380988973800527,0.5854106190533379,-0.34921673185977264,1.5412055639305884
1788653343.419870,500,Move held cable to port offset then insert: port-yaw--90,during,0.003112,1,0.727996,0.098126 -0.098126 -0.030436 -0.552375 0.0111212,7.27075 3.44201 -3.1085 -0.00272648 0.00268887,13.82668867497705,63.290908500086516,0.5877904302179978,-0.35597562780034986,1.541723256111145,-0.02229837328195572,0.0038997409865260124,-0.014719482511281967,2.8352162837982178,-2.796600580215454,0.7366962432861328,0.5849200771996972,-0.35013711210884085,1.5364273832317776,0.5849325060857855,-0.3502599410287233,1.5395369069993334
1788653343.811482,505,Move held cable to port offset then insert: port-yaw--90,during,0.003110,1,0.727987,0.0591014 -0.0591015 -0.0606944 -0.498412 0.0408667,7.48629 3.55519 -3.1959 -0.0038319 0.00303519,14.244245931040496,73.50826148269698,0.5870554453432725,-0.35720899691236463,1.5397882509231566,-0.022420279681682587,0.004800223279744387,-0.010727301239967346,2.5009894371032715,-2.7959647178649902,0.8003160953521729,0.5843490767672612,-0.3512314920154759,1.5345647453677473,0.5843608344758355,-0.35138915084267974,1.537670376504356
1788653344.204458,510,Move held cable to port offset then insert: port-yaw--90,during,0.003113,1,0.728002,0.0822415 -0.0822415 -0.0144119 -0.48649 0.00755339,7.28206 3.45299 -3.11484 -0.00379438 0.00384553,13.85753086116165,81.2297613597475,0.5862391597330735,-0.3584240077937886,1.5378179597854613,-0.0037452231626957655,0.0005799609352834523,0.0009411410428583622,1.0970748662948608,-3.576697587966919,2.105441093444824,0.5837244555708125,-0.35230267161252204,1.532665383358986,0.583734857222283,-0.3524941730036713,1.5357728543231661
1788653344.598475,515,Move held cable to port offset then insert: port-yaw--90,during,0.003113,1,0.727984,0.0517323 -0.0517323 -0.0586627 -0.448966 0.0395073,7.39113 3.51377 -3.16199 -0.00522415 0.0040207,14.076141761615872,87.22335521550849,0.5853878265917466,-0.3595196305717274,1.535987501144409,-0.024412618950009346,0.004027876071631908,-0.006540840025991201,1.852218747138977,-3.106821060180664,0.5401147603988647,0.5830881442733282,-0.3532578672341319,1.5309007299608022,0.583098048407255,-0.35348268025886664,1.5340053117383674
1788653344.992681,520,Move held cable to port offset then insert: port-yaw--90,during,0.003112,1,0.727986,0.0535433 -0.0535433 -0.0578032 -0.452256 0.0383601,7.39041 3.51463 -3.16367 -0.00571484 0.00448118,14.078902532812208,91.11340051237494,0.5845562225878403,-0.36040452112806287,1.5344547080993651,-0.025395916774868965,0.00460254168137908,-0.008094606921076775,1.8355231285095215,-3.2369260787963867,0.4619216024875641,0.5824910859326061,-0.3540167842874381,1.5294253107962843,0.5824985586086443,-0.3542670376392817,1.5325274708464025
1788653345.384553,525,Move held cable to port offset then insert: port-yaw--90,during,0.003112,1,0.727985,0.0547281 -0.0547281 -0.0575719 -0.453745 0.0375826,7.38498 3.51265 -3.16329 -0.00613045 0.00485133,14.071903684642166,93.15178709290922,0.5838051444590256,-0.36101487269056287,1.5333576250076293,-0.02586374059319496,0.005343178752809763,-0.009130770340561867,1.7853866815567017,-3.36287522315979,0.40510332584381104,0.5819877831821283,-0.35452124851952094,1.5283684473551802,0.5819915351970841,-0.354788986684676,1.531469214845019
1788653345.778069,530,Move held cable to port offset then insert: port-yaw--90,during,0.003112,1,0.727986,0.0559472 -0.0559472 -0.0572357 -0.456143 0.0366305,7.39072 3.51556 -3.16739 -0.00642845 0.0051272,14.085230326279998,93.51535796932876,0.5831945544779465,-0.36130794872892347,1.5327988910675048,-0.025684935972094536,0.006113770883530378,-0.009901287965476513,1.7115446329116821,-3.4726505279541016,0.38764688372612,0.5816293132558995,-0.35473462245952125,1.5278299774638322,0.5816305748930779,-0.35500906232860063,1.5309294189416118
1788653346.168422,535,Move held cable to port offset then insert: port-yaw--90,during,0.003111,1,0.727984,0.0565424 -0.0565423 -0.0572168 -0.456549 0.0360873,7.40176 3.52059 -3.17335 -0.00663283 0.00528481,14.107620045542717,92.25513982679695,0.5827771431505845,-0.3612662552799031,1.53283465385437,-0.024900954216718674,0.007079531904309988,-0.011181540787220001,1.690109372138977,-3.584982395172119,0.40689703822135925,0.581463374947745,-0.354640196152578,1.5278629494736797,0.5814614797857174,-0.35491167195517004,1.5309624282443224
1788653346.560787,540,Move held cable to port offset then insert: port-yaw--90,during,0.003112,1,0.727986,0.0579635 -0.0579635 -0.0565757 -0.457378 0.0347943,7.40973 3.52412 -3.17616 -0.00669675 0.00531067,14.122014709748328,89.46406600135379,0.5825930840075181,-0.36089599122655835,1.5334711122512816,-0.02424527332186699,0.007545909378677607,-0.009756039828062057,1.497002363204956,-3.594158172607422,0.4272765517234802,0.5815220391542126,-0.3542458441288442,1.5284730296587188,0.5815180107914035,-0.35450358869668397,1.5315741843318298
1788653346.950145,545,Move held cable to port offset then insert: port-yaw--90,during,0.003113,1,0.727985,0.0585943 -0.0585944 -0.0569419 -0.458763 0.0343229,7.4304 3.53304 -3.18426 -0.00658866 0.00518428,14.159471816383302,85.11580308200791,0.5826608544886277,-0.3602271079028889,1.5346605825424193,-0.02315160259604454,0.00806703232228756,-0.008611137978732586,1.3143110275268555,-3.617739200592041,0.4738621115684509,0.581819258649297,-0.353578478044132,1.5296150816334937,0.581812481061488,-0.35381396175873003,1.5327192564190355
1788653347.344543,550,Move held cable to port offset then insert: port-yaw--90,during,0.003114,1,0.727985,0.0614316 -0.0614316 -0.0540616 -0.462014 0.0311113,7.46123 3.54731 -3.19476 -0.0063436 0.00490309,14.214538349304348,79.26770285353996,0.582973123222606,-0.3593123852218434,1.5363024520874022,-0.021084122359752655,0.008367571048438549,-0.007402003742754459,1.1837260723114014,-3.5260050296783447,0.6075592041015625,0.5823403066434386,-0.3526876143081885,1.5311937508018714,0.5823323536756178,-0.3528935575885437,1.5343012039125898
1788653347.743992,555,Move held cable to port offset then insert: port-yaw--90,during,0.003111,1,0.727984,0.0589951 -0.0589951 -0.0576728 -0.461494 0.0336291,7.48676 3.55724 -3.20429 -0.00592685 0.00448903,14.258706184104085,71.94808403786737,0.5834917432367966,-0.35822761048925367,1.5382496166229247,-0.0192177165299654,0.009035235270857811,-0.006923501845449209,1.0587072372436523,-3.5891923904418945,0.6887568235397339,0.5830453183806046,-0.3516436523192759,1.5330726699699508,0.583035092956874,-0.3518151608679788,1.5361786534576303
1788653348.139143,560,Move held cable to port offset then insert: port-yaw--90,during,0.003109,1,0.727987,0.0788302 -0.0788303 -0.0523354 -0.518383 0.026146,7.42652 3.52031 -3.17773 -0.00416458 0.00424967,14.132959828246385,63.055990043598285,0.5841480499804185,-0.35706871738088575,1.5403192090988158,-0.020258821547031403,0.011379148811101913,-0.012140401639044285,1.4668740034103394,-3.715632915496826,0.629306972026825,0.5838617436787821,-0.3505339397569076,1.535071282822884,0.5838488350329458,-0.3506703207001315,1.5381772664323394
1788653348.534845,565,Move held cable to port offset then insert: port-yaw--90,during,0.003112,1,0.727975,0.0587218 -0.0587218 -0.0698485 -0.462443 0.0401808,7.45581 3.53328 -3.18751 -0.00350616 0.00346776,14.183580816257745,52.64528722455725,0.5848537689745591,-0.3559453188384816,1.5423156070709227,-0.03977907449007034,0.004891458433121443,-0.009505090303719044,0.11334272474050522,-3.3728554248809814,-1.101698398590088,0.5846951131685942,-0.3494616634827219,1.5369922718800746,0.5846823703845978,-0.3495663305782327,1.5401029029889197
1788653348.927629,570,Move held cable to port offset then insert: port-yaw--90,during,0.003108,1,0.727991,0.0565204 -0.0565204 -0.0720118 -0.515023 0.0578666,7.42208 3.51009 -3.17531 -0.00269113 0.00261455,14.11278716661036,40.6202699423302,0.5854994660914109,-0.3549752234424397,1.544023995399475,-0.05194924771785736,-0.03486171364784241,-0.024039603769779205,0.2578614056110382,-4.030580043792725,-1.6457899808883667,0.5854390369434609,-0.348540392088878,1.5386461571457521,0.5854238352527095,-0.3486148906825154,1.5417530098832688
1788653349.324008,575,Move held cable to port offset then insert: port-yaw--90,during,0.003113,1,0.727985,0.0694909 -0.0694909 -0.061886 -0.511443 0.0336469,7.5244 3.55976 -3.20608 -0.00154104 0.00155548,14.293338483665138,27.06816021387931,0.585975528389232,-0.35427922000539747,1.545247082710266,-0.012156632728874683,0.013189909979701042,-0.009102946147322655,1.2945992946624756,-3.5577878952026367,0.9685143828392029,0.5859761393298939,-0.34787929129540407,1.53982203999933,0.5859626434320482,-0.3479334304753452,1.5429345695159888
1788653349.716391,580,Move held cable to port offset then insert: port-yaw--90,during,0.003109,1,0.727987,0.100114 -0.100114 -0.033256 -0.528259 0.00599023,7.47292 3.52584 -3.1925 -0.000296133 0.000404265,14.191955251910258,11.787563526188023,0.5861859923899339,-0.3539626001323506,1.545809392929077,-0.013082597404718399,0.01488270703703165,-0.007934103719890118,1.037260890007019,-3.837813138961792,0.41656437516212463,0.5862150359391904,-0.3475790233817636,1.5403696895401557,0.5861997135915007,-0.34762345805530015,1.5434787240312833
1788653349.873215,581,Move held cable to port offset then insert: port-yaw--90,reached,0.003107,1,0.728034,0.345674 -0.345674 0.20387 -0.616969 -0.241694,7.43977 3.44672 -3.42827 0.000849007 0.000425356,14.316033855924616,11.132482511689886,0.5861626869738267,-0.3539688884223744,1.5458281087875365,-0.024054592475295067,0.02124873735010624,0.0031181874219328165,0.8550342321395874,-3.1133434772491455,-0.22955858707427979,0.5862054801271027,-0.34758581295251223,1.5403889444144996,0.5861790175724837,-0.34763063374966824,1.5434950444783035
1788653350.110156,585,Move held cable to port offset then insert: port-yaw--120,during,0.003109,1,0.727988,0.0696831 -0.069683 -0.0641882 -0.531153 0.0357143,7.5505 3.57092 -3.21756 -0.00100406 0.00103039,14.3410179867642,31.091153413639404,0.5862799889147446,-0.3540691434348866,1.5456198501586913,-0.00950627215206623,0.015644686296582222,-0.014476199634373188,1.393799901008606,-3.6210403442382812,1.0381944179534912,0.5863277490680652,-0.3476792138061148,1.54018677355456,0.5863129832246657,-0.34772769073353194,1.543295669213167
1788653350.504554,590,Move held cable to port offset then insert: port-yaw--120,during,0.003111,1,0.727989,0.0715409 -0.0715409 -0.062563 -0.530522 0.0339021,7.54891 3.57516 -3.22129 -0.00226156 0.00233755,14.349961061263457,60.699548605363816,0.586677432686107,-0.3544329403842732,1.5447979021072387,-0.011410178616642952,0.017292333766818047,-0.020684728398919106,1.4059579372406006,-3.6131081581115723,1.0431137084960938,0.5867951607095931,-0.3480169995745748,1.5393947359922446,0.586776501266047,-0.34808064484274726,1.542505424228365
1788653350.894373,595,Move held cable to port offset then insert: port-yaw--120,during,0.003110,1,0.727988,0.0722902 -0.0722901 -0.0622467 -0.529453 0.0333913,7.54847 3.57885 -3.22631 -0.00339507 0.00350912,14.36053353571333,86.45385957881808,0.587273181110637,-0.3549810646976277,1.5434864807128905,-0.01268005184829235,0.019142158329486847,-0.028698043897747993,1.5767513513565063,-3.7005531787872314,1.077451467514038,0.5875091353074006,-0.3485257894591912,1.538135844442944,0.5874835405688399,-0.34861342893591646,1.5412446306376024
1788653351.283346,600,Move held cable to port offset then insert: port-yaw--120,during,0.003110,1,0.728056,0.366518 -0.366518 0.212847 -0.660144 -0.254704,7.41615 3.44995 -3.4354 -0.00322022 0.00487578,14.309585596667603,108.36396251153201,0.5879483229220078,-0.35562837113988843,1.5418365049362182,-0.03224068880081177,0.02882120944559574,-0.014994964934885502,0.6588562726974487,-3.1419219970703125,-0.31166258454322815,0.5883567467995859,-0.3491282300475802,1.5365483798875075,0.5883098671231292,-0.34924616662839025,1.5396562115111048
1788653351.679488,605,Move held cable to port offset then insert: port-yaw--120,during,0.003110,1,0.728058,0.365016 -0.365016 0.211206 -0.653339 -0.254124,7.42852 3.45858 -3.44463 -0.00403682 0.00572847,14.341500656679273,125.82191653829068,0.5886201268732713,-0.35628685345304456,1.5400103378295897,-0.03313390910625458,0.03034796006977558,-0.018126340582966805,0.5289725065231323,-3.1949002742767334,-0.3702055513858795,0.5892235450232319,-0.34974496257212995,1.5347934860240515,0.589167505471169,-0.349894598596192,1.5378993232462306
1788653352.072915,610,Move held cable to port offset then insert: port-yaw--120,during,0.003111,1,0.728059,0.363588 -0.363588 0.20784 -0.652022 -0.252485,7.43401 3.46269 -3.4515 -0.00471491 0.00642748,14.359346048440784,139.51721192523837,0.5891763574183152,-0.3568770586456105,1.5381816673278808,-0.0340004600584507,0.03201260417699814,-0.020843053236603737,0.43922680616378784,-3.231842041015625,-0.4152206778526306,0.5900043303400503,-0.3503039090452659,1.5330340773022653,0.5899379227737056,-0.35048454210596086,1.5361389538004082
1788653352.466695,615,Move held cable to port offset then insert: port-yaw--120,during,0.003110,1,0.728061,0.368835 -0.368835 0.211881 -0.653358 -0.25765,7.45537 3.47387 -3.46391 -0.00523029 0.0069619,14.405334648210555,149.65173757448792,0.5895409590304063,-0.3573342262710377,1.5365154790878295,-0.034216977655887604,0.03331970423460007,-0.02291933260858059,0.35145360231399536,-3.2496283054351807,-0.45009711384773254,0.5906142699085176,-0.3507475347340928,1.5314309868777964,0.5905380767219105,-0.35095500759785453,1.5345334968768731
1788653352.859865,620,Move held cable to port offset then insert: port-yaw--120,during,0.003110,1,0.728058,0.365142 -0.365142 0.207555 -0.646176 -0.254809,7.48494 3.48813 -3.47989 -0.00553364 0.0073419,14.465831976849586,156.14522166736424,0.5896656519472764,-0.35761484493864026,1.5351593542098998,-0.03487158939242363,0.03427649289369583,-0.022626185789704323,0.09777531027793884,-3.306722402572632,-0.44901031255722046,0.5909973662017244,-0.351038226847584,1.5301243791712906,0.5909125049134493,-0.35126504463029523,1.533224846060412
1788653353.257383,625,Move held cable to port offset then insert: port-yaw--120,during,0.003109,1,0.728057,0.374884 -0.374884 0.214832 -0.65309 -0.26363,7.51236 3.50033 -3.49426 -0.00568934 0.00753709,14.520178239326924,158.92332066223025,0.5895321375429795,-0.35769793381345716,1.534232382774353,-0.03514817729592323,0.03528722748160362,-0.02216067537665367,-0.07358478754758835,-3.267465829849243,-0.4730079174041748,0.5911270819462856,-0.3511562711854249,1.52922871494402,0.591035006122935,-0.35139472620129525,1.5323276812531392
1788653353.650990,630,Move held cable to port offset then insert: port-yaw--120,during,0.003110,1,0.728054,0.370008 -0.370008 0.209618 -0.647188 -0.259437,7.53439 3.5097 -3.50653 -0.00573067 0.00755828,14.563909975346178,158.45158223249018,0.5891531712114976,-0.3575832246745869,1.533816819190979,-0.03504100814461708,0.03578377515077591,-0.020583340898156166,-0.33388012647628784,-3.30721378326416,-0.44088855385780334,0.5910073368580846,-0.35110234887811387,1.5288227119727544,0.5909109015155185,-0.35134331777927974,1.5319218589877621
1788653354.042201,635,Move held cable to port offset then insert: port-yaw--120,during,0.003110,1,0.728052,0.378849 -0.378849 0.21678 -0.651831 -0.267686,7.5534 3.51703 -3.51573 -0.00559214 0.00743106,14.599181945435703,154.9073512982577,0.5885641581118272,-0.357289045950298,1.5339503335952758,-0.03460320085287094,0.036339275538921356,-0.018730537965893745,-0.5027306079864502,-3.2427120208740234,-0.4435160160064697,0.5906665922573349,-0.3508933542541559,1.528944273401925,0.590568075058536,-0.35112722143481745,1.5320442476668186
1788653354.437400,640,Move held cable to port offset then insert: port-yaw--120,during,0.003110,1,0.728052,0.383359 -0.383359 0.219703 -0.654993 -0.271652,7.5706 3.52372 -3.52241 -0.00536848 0.0071699,14.629267633892596,148.69361638650298,0.5878182059824631,-0.3568476735557362,1.5346244621276854,-0.03376489132642746,0.03670484945178032,-0.016323212534189224,-0.655842661857605,-3.185302972793579,-0.416316419839859,0.590150286110934,-0.3505576072646157,1.529586603775801,0.5900533972423851,-0.3507755611970236,1.5326878931022474
1788653354.828308,645,Move held cable to port offset then insert: port-yaw--120,during,0.003110,1,0.728049,0.370963 -0.370963 0.206852 -0.650949 -0.259342,7.58291 3.5278 -3.52806 -0.00505748 0.00675424,14.650588972959667,139.7300090380013,0.5869784957468674,-0.3563005923236653,1.535782103538513,-0.03236246854066849,0.03645956888794899,-0.01267777755856514,-0.9346450567245483,-3.1876916885375977,-0.28816547989845276,0.5895172640248402,-0.35013050690760544,1.530696497643408,0.5894250648432772,-0.350325837502215,1.5337987900142318
1788653355.217309,650,Move held cable to port offset then insert: port-yaw--120,during,0.003111,1,0.728045,0.386483 -0.386483 0.22191 -0.660083 -0.274496,7.60565 3.53643 -3.53817 -0.00464466 0.00621432,14.69109866162762,128.23042623326182,0.5861085063517258,-0.3556931315864369,1.5373247909545897,-0.030940266326069832,0.036202915012836456,-0.008982989005744457,-1.1049973964691162,-3.083172082901001,-0.23733438551425934,0.5888277362739611,-0.3496516956944983,1.5321778246959838,0.5887421925953664,-0.3498185433012061,1.5352827730054435
1788653355.609021,655,Move held cable to port offset then insert: port-yaw--120,during,0.003111,1,0.727992,0.076468 -0.0764679 -0.076402 -0.563802 0.0365548,7.74187 3.67111 -3.32127 -0.00522322 0.00516201,14.74462195392698,114.30718849413097,0.585278392463939,-0.35507631291997876,1.5391173410415648,-0.01131367776542902,0.023115793243050575,-0.04425863176584244,0.9712028503417969,-4.8129963874816895,1.4090090990066528,0.5881388045349227,-0.349159269591057,1.5339031531333682,0.5880735324985225,-0.3493001136350162,1.537010295227394
1788653356.001973,660,Move held cable to port offset then insert: port-yaw--120,during,0.003111,1,0.727991,0.0801612 -0.0801611 -0.0721949 -0.565129 0.0325527,7.76357 3.67955 -3.32662 -0.00445304 0.00440614,14.778605240397155,98.5433307737112,0.5845158702433274,-0.35448345532072034,1.5409967947006225,-0.010817703790962696,0.021678321063518524,-0.03605047985911369,0.5341652631759644,-4.558961391448975,1.3101069927215576,0.5875002310345177,-0.34868895213905676,1.53571527732711,0.5874444167465849,-0.3487986021568652,1.5388235510559256
1788653356.396974,665,Move held cable to port offset then insert: port-yaw--120,during,0.003112,1,0.727992,0.0798162 -0.0798162 -0.0717765 -0.565031 0.0326296,7.77584 3.68285 -3.32874 -0.00356193 0.00354566,14.794546219985932,80.65872363839298,0.5838702327311204,-0.3539583980048939,1.5427875566482543,-0.00999633502215147,0.020577985793352127,-0.028299909085035324,0.13895419239997864,-4.3534464836120605,1.2035813331604004,0.5869504808263735,-0.34827210081217536,1.5374427427665647,0.5869042087097349,-0.3483530953733147,1.5405531663007217
1788653356.789962,670,Move held cable to port offset then insert: port-yaw--120,during,0.003111,1,0.72799,0.0813771 -0.0813772 -0.0702837 -0.568216 0.031269,7.79597 3.68985 -3.33307 -0.00260055 0.00258581,14.824077645782381,60.77661493048072,0.583369315296428,-0.35353422155034986,1.5443074750900267,-0.00858044158667326,0.019392065703868866,-0.0224495567381382,-0.03323465958237648,-4.208957672119141,1.1405659914016724,0.5865197210402688,-0.3479354841216435,1.5389118060980325,0.5864807811530612,-0.3479921441218186,1.5420225054940107
1788653357.180697,675,Move held cable to port offset then insert: port-yaw--120,during,0.003111,1,0.72799,0.0839883 -0.0839883 -0.0674133 -0.570331 0.0286258,7.81557 3.69612 -3.3373 -0.00150329 0.00152193,14.852016608929262,38.77617299091071,0.5830335623324082,-0.35324025144231763,1.5453857231140136,-0.0074502769857645035,0.018333937972784042,-0.01426081731915474,-0.33327239751815796,-3.9804847240448,1.0013684034347534,0.5862279117644745,-0.3477008589293168,1.5399554312698012,0.5861946186515545,-0.3477409961082669,1.5430656279061292
1788653357.573863,680,Move held cable to port offset then insert: port-yaw--120,during,0.003112,1,0.727988,0.0810586 -0.0810586 -0.0707384 -0.570489 0.0318138,7.84021 3.70459 -3.34367 -0.000362744 0.000348079,14.889175989170326,14.641726554909837,0.5828796631395982,-0.3531003295387074,1.5458769845962523,-0.004942147061228752,0.0170759167522192,-0.010827658697962761,-0.30063942074775696,-4.028592109680176,0.9781435132026672,0.5860924985890595,-0.3475869834117977,1.540429347231291,0.5860617630831593,-0.34761987403689354,1.5435412244421753
1788653357.732220,681,Move held cable to port offset then insert: port-yaw--120,reached,0.003114,1,0.727987,0.0799357 -0.0799357 -0.0721145 -0.570668 0.0330509,7.84297 3.70588 -3.34446 -0.000246459 0.000237594,14.893795076961396,12.494225690315943,0.5828748947680161,-0.3530971406902119,1.545876030921936,-0.004152210894972086,0.016887981444597244,-0.011801455169916153,-0.2378355860710144,-4.061350345611572,0.9906370639801025,0.5860887693463456,-0.3475849208009352,1.5404262120759042,0.5860585197665893,-0.3476176551507847,1.5435400732709466
1788653357.976412,685,Move held cable to port offset then insert: port-yaw--150,during,0.003110,1,0.727988,0.0821958 -0.0821958 -0.0695338 -0.572267 0.0306796,7.82911 3.70424 -3.34354 -0.00164403 0.00165176,14.88018383574672,40.610192391090095,0.5829893356859849,-0.35319295515668836,1.5457270193099975,-0.005410496145486832,0.018578538671135902,-0.016470566391944885,-0.26813194155693054,-3.998117446899414,1.01410973072052,0.5862165849817819,-0.34768461272489526,1.5402853146937319,0.5861846837255761,-0.347718507743338,1.5433952593566804
1788653358.371997,690,Move held cable to port offset then insert: port-yaw--150,during,0.003109,1,0.727992,0.0824594 -0.0824594 -0.0682838 -0.569731 0.0298418,7.78992 3.69269 -3.33467 -0.00366981 0.00373037,14.824685007566586,82.39931822568178,0.58341389957072,-0.3535200952495381,1.5451645898818969,-0.007002406287938356,0.021113082766532898,-0.024318622425198555,-0.32985880970954895,-3.9916529655456543,1.0475877523422241,0.5866952741872261,-0.3480262760013291,1.5397409422947843,0.5866579709804524,-0.3480671284236341,1.5428498368627401
1788653358.764766,695,Move held cable to port offset then insert: port-yaw--150,during,0.003111,1,0.728033,0.377346 -0.377346 0.210548 -0.677396 -0.263406,7.64119 3.55583 -3.5502 -0.00437451 0.00598971,14.7575823510997,119.43583042453974,0.5840479737818406,-0.3540027736629292,1.5442732620239257,-0.020221039652824402,0.037546612322330475,-0.005740632303059101,-1.5751008987426758,-2.7728846073150635,0.3780142366886139,0.5874297163709721,-0.34854227169560725,1.5388753992255224,0.587373107414825,-0.3485872976215163,1.5419856795394618
1788653359.154104,700,Move held cable to port offset then insert: port-yaw--150,during,0.003111,1,0.728038,0.380246 -0.380246 0.215281 -0.670376 -0.266758,7.59836 3.54079 -3.53576 -0.00590226 0.00756165,14.68837278522551,151.05380174145103,0.5848119265139268,-0.3545877038444325,1.543142681121826,-0.021453438326716423,0.04045144468545914,-0.013501010835170746,-1.4506864547729492,-2.7846949100494385,0.17409682273864746,0.588315626376354,-0.34916909985036315,1.5377799505662948,0.5882480018091636,-0.3492272828887053,1.5408896383351902
1788653359.547911,705,Move held cable to port offset then insert: port-yaw--150,during,0.003109,1,0.728045,0.3801 -0.3801 0.218307 -0.662376 -0.267736,7.56595 3.52984 -3.52622 -0.00718067 0.00886206,14.63804700737819,177.36338536441326,0.585590184360759,-0.35519772758138624,1.541875009536743,-0.022023657336831093,0.04261632263660431,-0.019444435834884644,-1.4472150802612305,-2.779207229614258,0.01706327684223652,0.5892426844120315,-0.3498383500525171,1.53655350639926,0.589162169956325,-0.34991046974400236,1.5396607937564628
1788653359.942880,710,Move held cable to port offset then insert: port-yaw--150,during,0.003110,1,0.728047,0.379322 -0.379322 0.219795 -0.659171 -0.267389,7.53877 3.52039 -3.51767 -0.00817825 0.00991489,14.594923523254693,198.51881325803697,0.5862846380770371,-0.3557630776370808,1.5405782508850097,-0.02222288027405739,0.04451041668653488,-0.023807354271411896,-1.4812649488449097,-2.77838397026062,-0.08902958035469055,0.5901060735342634,-0.3504821734068935,1.5352958409144215,0.5900127845055867,-0.35056813560391253,1.5384032958199885
1788653360.330832,715,Move held cable to port offset then insert: port-yaw--150,during,0.003109,1,0.728054,0.383876 -0.383876 0.224701 -0.664784 -0.270894,7.50616 3.50734 -3.50519 -0.00897569 0.0107015,14.538369962014258,214.4402350783348,0.5868129736483262,-0.35622099032056775,1.5393613624572753,-0.022072724997997284,0.046502042561769485,-0.028479503467679024,-1.400740623474121,-2.821099281311035,-0.21149572730064392,0.5908189207503616,-0.3510406131817731,1.5341165529143619,0.5907126787137271,-0.3511381890002091,1.537222587294666
1788653360.723999,720,Move held cable to port offset then insert: port-yaw--150,during,0.003109,1,0.728057,0.36916 -0.36916 0.21261 -0.655607 -0.256851,7.47004 3.49187 -3.49112 -0.00953119 0.0112163,14.473779799416661,225.32851158082485,0.5871185666620896,-0.3565221427882954,1.5383294868469237,-0.02104557678103447,0.04739520698785782,-0.030740436166524887,-1.4729751348495483,-2.8297438621520996,-0.2925054132938385,0.5913168328857358,-0.35146436196310893,1.533115634905787,0.5912002288635783,-0.35157130077992305,1.5362209031666727
1788653361.117818,725,Move held cable to port offset then insert: port-yaw--150,during,0.003109,1,0.728057,0.372802 -0.372802 0.217973 -0.659366 -0.260416,7.45484 3.48615 -3.4828 -0.00981239 0.0115016,14.445092299953103,231.30567595362663,0.5871683961451218,-0.35663175573003736,1.5375722694396972,-0.0198909193277359,0.04802994802594185,-0.03216511011123657,-1.5124138593673706,-2.8022706508636475,-0.32901468873023987,0.5915623480548955,-0.3517199368029613,1.5323804449025697,0.5914367043864729,-0.3518316364402273,1.5354848481559222
1788653361.510888,730,Move held cable to port offset then insert: port-yaw--150,during,0.003109,1,0.72806,0.367968 -0.367968 0.214478 -0.659387 -0.255437,7.42939 3.47444 -3.46971 -0.00985343 0.0115446,14.394940535537899,232.5474342033267,0.5869597202837632,-0.3565335272754475,1.537160997390747,-0.01830059476196766,0.048345379531383514,-0.032433103770017624,-1.5806224346160889,-2.794039011001587,-0.35494595766067505,0.5915452480691821,-0.3517885561448828,1.5319798206745283,0.5914141126836394,-0.3519009421500425,1.5350838668076228
1788653361.905694,735,Move held cable to port offset then insert: port-yaw--150,during,0.003109,1,0.728061,0.362772 -0.362772 0.211374 -0.658157 -0.250468,7.40617 3.46244 -3.45898 -0.00970434 0.0113507,14.348647646605968,229.13869096711278,0.5865124470293687,-0.35622924556386915,1.5371401357650756,-0.016586873680353165,0.048124853521585464,-0.030762428417801857,-1.7464464902877808,-2.7360928058624268,-0.3457956910133362,0.5912797739305881,-0.35166912851337495,1.5319568961810186,0.5911471668340564,-0.3517778701468903,1.5350613002052729
1788653362.300208,740,Move held cable to port offset then insert: port-yaw--150,during,0.003110,1,0.728064,0.365652 -0.365652 0.215272 -0.663697 -0.252878,7.38065 3.44893 -3.44505 -0.0093174 0.0109268,14.294884544797242,221.37412949092686,0.5858671671450303,-0.35573834170949903,1.5375204133987426,-0.014090181328356266,0.047373004257678986,-0.029848294332623482,-1.7383843660354614,-2.7144901752471924,-0.35331517457962036,0.5908019849368945,-0.35137687075731694,1.5323228161406994,0.5906716140393189,-0.3514773665400823,1.5354279725510427
1788653362.696076,745,Move held cable to port offset then insert: port-yaw--150,during,0.003109,1,0.728064,0.358389 -0.358389 0.209204 -0.661734 -0.245788,7.36264 3.43876 -3.43315 -0.00874342 0.0102959,14.253593613393605,209.39125249534845,0.5850791937410996,-0.35509499897611585,1.5382791805267333,-0.011790812015533447,0.046295806765556335,-0.027154337614774704,-1.8570524454116821,-2.669158458709717,-0.32751375436782837,0.5901630646369794,-0.35093962425683284,1.5330567297081694,0.5900388906278846,-0.3510284417007742,1.5361622377374426
1788653363.087222,750,Move held cable to port offset then insert: port-yaw--150,during,0.003110,1,0.72806,0.357625 -0.357625 0.209608 -0.662711 -0.245091,7.35727 3.43396 -3.42597 -0.00791801 0.00948126,14.234593352302909,193.3749787993729,0.5842109924853013,-0.3543452321494862,1.5393562364578246,-0.009569128043949604,0.045097433030605316,-0.023652110248804092,-1.9547102451324463,-2.6007912158966064,-0.30758723616600037,0.5894226628955841,-0.3503966205501351,1.5340992418292174,0.5893083029089815,-0.3504708501919662,1.537205999506363
1788653363.480677,755,Move held cable to port offset then insert: port-yaw--150,during,0.003109,1,0.728059,0.353535 -0.353535 0.206044 -0.663218 -0.2409,7.3467 3.42592 -3.41638 -0.00697464 0.00847326,14.2044508876279,173.60258417762816,0.5833272344172166,-0.3535435198749348,1.5406595516204833,-0.006976629141718149,0.04335552453994751,-0.020251981914043427,-1.9785317182540894,-2.568321943283081,-0.27660536766052246,0.5886443483188617,-0.34979467006448717,1.5353629925109766,0.588542540680774,-0.3498523871351039,1.538470248596735
1788653363.871362,760,Move held cable to port offset then insert: port-yaw--150,during,0.003110,1,0.728059,0.357826 -0.357826 0.211035 -0.668059 -0.244748,7.34657 3.42185 -3.41232 -0.00582055 0.00730499,14.193861601874232,149.99195210076869,0.5824888354838059,-0.3527486621345326,1.5420694398880004,-0.00483006052672863,0.04166155681014061,-0.01570597104728222,-2.059784173965454,-2.5192487239837646,-0.2451808601617813,0.5878896171623965,-0.3491831356333139,1.5367299911132781,0.5878013434522793,-0.34922472829909657,1.5398387275659111
1788653364.264062,765,Move held cable to port offset then insert: port-yaw--150,during,0.003111,1,0.727992,0.0695804 -0.0695804 -0.061979 -0.516186 0.0346401,7.47521 3.54846 -3.20173 -0.00555169 0.00560277,14.236548000946641,122.53908843640238,0.5817585593760178,-0.352030724188213,1.5434432077407836,-0.00028708786703646183,0.021893050521612167,-0.024202359840273857,-2.379208564758301,-3.1641836166381836,0.9407998919487,0.5872141467797979,-0.3486128218899327,1.53806467750466,0.5871477877561135,-0.3486503117653744,1.5411747374689404
1788653364.655877,770,Move held cable to port offset then insert: port-yaw--150,during,0.003110,1,0.727991,0.0678615 -0.0678616 -0.0631466 -0.516023 0.0361626,7.48835 3.55009 -3.20152 -0.00404844 0.00408957,14.248102248646319,91.62631112709641,0.5811675197184251,-0.35142382969511,1.544634585380554,0.0012744818814098835,0.019291840493679047,-0.017397670075297356,-2.4341039657592773,-3.0103819370269775,0.9747192859649658,0.5866671780808596,-0.3481330025539366,1.5392231769611593,0.5866123991782624,-0.3481572327316216,1.542332508057457
1788653365.048734,775,Move held cable to port offset then insert: port-yaw--150,during,0.003111,1,0.727989,0.0675288 -0.0675288 -0.064106 -0.523207 0.0369671,7.51042 3.55562 -3.20433 -0.00239829 0.00240706,14.27517344406806,57.01608246797696,0.580762327343242,-0.3509907721484944,1.54549813747406,0.002828052965924144,0.016502661630511284,-0.010375737212598324,-2.4856719970703125,-2.897653818130493,0.9872452020645142,0.5862886777269996,-0.3477850313053345,1.540061649645844,0.5862425936935071,-0.34780114233418347,1.5431722246568285
1788653365.440042,780,Move held cable to port offset then insert: port-yaw--150,during,0.003111,1,0.727987,0.0677995 -0.0677995 -0.0643291 -0.528917 0.0369606,7.53697 3.5624 -3.20927 -0.000558687 0.000548798,14.309743911901023,18.611830260429997,0.5805758244097398,-0.3507753907645985,1.5459066677093505,0.00450826995074749,0.013348894193768501,-0.0037804648745805025,-2.497603416442871,-2.886652946472168,1.0108554363250732,0.5861136073077404,-0.34760762597059575,1.5404598720107945,0.5860710342304789,-0.34761936060883303,1.5435702022725213
1788653365.598290,781,Move held cable to port offset then insert: port-yaw--150,reached,0.003111,1,0.727986,0.0683391 -0.0683392 -0.0639127 -0.52928 0.0364124,7.54688 3.56617 -3.21175 -0.000166349 0.00016619,14.325136130617466,11.0254498917202,0.5805581814348862,-0.3507417439426228,1.5459045219421386,0.005031607113778591,0.012662919238209724,-0.002801781054586172,-2.465567111968994,-2.842618703842163,1.0169095993041992,0.5860971132511745,-0.34757529094773815,1.540457443372499,0.5860545943317431,-0.3475877556164494,1.5435681292180496
1788653365.835313,785,Move held cable to port offset then insert: port-yaw--180,during,0.003111,1,0.727987,0.0682699 -0.0682699 -0.0634603 -0.528143 0.0363385,7.52538 3.5601 -3.20765 -0.00140134 0.00142271,14.295960888033733,33.71587787172757,0.5805254584849046,-0.3507771491016194,1.5458239364624022,0.004939807113260031,0.01446937769651413,-0.006674578413367271,-2.492992877960205,-2.830775499343872,1.0145695209503174,0.5860723409829588,-0.3476220273497946,1.5403787759031056,0.5860293204693359,-0.34763466028326007,1.5434895853023656
1788653366.229971,790,Move held cable to port offset then insert: port-yaw--180,during,0.003111,1,0.727989,0.0665127 -0.0665129 -0.0645578 -0.522159 0.0377165,7.50104 3.55472 -3.20359 -0.00317013 0.00322126,14.26573954266496,67.4088479555212,0.5803747779429124,-0.35085743655813184,1.5455398607254027,0.004839611239731312,0.017432888969779015,-0.012699226848781109,-2.534475088119507,-2.8209571838378906,0.9989190101623535,0.5859560695927648,-0.34774872145576563,1.5401033696697664,0.5859094001813964,-0.3477630535711469,1.5432139891333576
1788653366.622560,795,Move held cable to port offset then insert: port-yaw--180,during,0.003110,1,0.72799,0.0662573 -0.0662573 -0.0634197 -0.518475 0.0373676,7.47685 3.54832 -3.20005 -0.00474926 0.00483051,14.23480354808271,97.2388522028923,0.5801215774119065,-0.3509503303970143,1.5451041507720946,0.004955722019076347,0.019465584307909012,-0.017891058698296547,-2.5883920192718506,-2.7808637619018555,1.0098764896392822,0.5857591722315624,-0.34792005500711254,1.5396820538433058,0.5857068777852006,-0.3479378488301495,1.5427919434706339
1788653367.010255,800,Move held cable to port offset then insert: port-yaw--180,during,0.003111,1,0.727991,0.0679896 -0.0679896 -0.0608294 -0.511024 0.0351627,7.45025 3.54069 -3.19227 -0.00611318 0.0062446,14.195571726188064,123.14097716845572,0.5797904736101792,-0.3510352670158192,1.5445680665969848,0.005051188636571169,0.02204962447285652,-0.02275131829082966,-2.654501438140869,-2.7604360580444336,0.9432154893875122,0.5855022393125812,-0.3481139847036381,1.5391631032955246,0.5854422000439186,-0.34813551256499553,1.5422732157306651
1788653367.407349,805,Move held cable to port offset then insert: port-yaw--180,during,0.003111,1,0.72799,0.0676105 -0.0676106 -0.0598753 -0.510133 0.0352021,7.42603 3.53313 -3.18644 -0.00733285 0.00746148,14.160392977297306,145.19750657863915,0.579409182697551,-0.3510900734866902,1.5439858484268187,0.005321513395756483,0.023657891899347305,-0.025592386722564697,-2.7460358142852783,-2.6278958320617676,0.9020264744758606,0.5852069728002118,-0.34830609424445935,1.5385999023861567,0.5851388678581633,-0.34833213075823677,1.5417095822028508
1788653367.798659,810,Move held cable to port offset then insert: port-yaw--180,during,0.003111,1,0.72799,0.0700321 -0.0700321 -0.056128 -0.506922 0.0322125,7.39933 3.52354 -3.17884 -0.00835462 0.00847994,14.118549642153084,163.33107507787645,0.5790076262056992,-0.35109499086988416,1.5434128093719481,0.005651954095810652,0.02497301995754242,-0.027775201946496964,-2.8626022338867188,-2.4884185791015625,0.8489201664924622,0.5848990467176339,-0.34847533422639115,1.5380455871883236,0.5848223413841016,-0.34850472621392015,1.5411552566125053
1788653368.193664,815,Move held cable to port offset then insert: port-yaw--180,during,0.003111,1,0.72799,0.0717895 -0.0717896 -0.0533211 -0.503388 0.0299824,7.37504 3.51452 -3.17087 -0.00913568 0.00930833,14.078876205720007,177.65930880606174,0.5786170965731309,-0.3510358034576222,1.542900924682617,0.006208871956914663,0.026054417714476585,-0.029867425560951233,-2.977581739425659,-2.3852055072784424,0.7884981036186218,0.5846039068072089,-0.3486050240999425,1.5375509185871603,0.5845195236565975,-0.3486363527437374,1.5406601839900018
1788653368.587574,820,Move held cable to port offset then insert: port-yaw--180,during,0.003110,1,0.727988,0.0736038 -0.0736038 -0.0500745 -0.498011 0.0275,7.3504 3.50452 -3.16233 -0.00975591 0.00991358,14.036910257302225,187.8877461384982,0.5782673961222337,-0.3509035109485432,1.5424931097030639,0.00685466593131423,0.02665230631828308,-0.03112555667757988,-3.112062692642212,-2.2447333335876465,0.7257785797119141,0.5843471393100704,-0.3486826106098716,1.53715751970199,0.5842561601532353,-0.34871451698565425,1.5402660176827463
1788653368.980964,825,Move held cable to port offset then insert: port-yaw--180,during,0.003110,1,0.727988,0.072248 -0.0722481 -0.0504942 -0.496454 0.028626,7.33558 3.4986 -3.15706 -0.0101719 0.0103185,14.0117196906358,194.48020144179463,0.5779861218035386,-0.35069707026136365,1.5422226238250731,0.007506833877414465,0.026824023574590683,-0.03031204640865326,-3.2032880783081055,-2.0101709365844727,0.6958999633789062,0.5841512538990771,-0.34870251574801314,1.5368954094537717,0.5840560197599409,-0.34873455281712373,1.5400041125820403
1788653369.370809,830,Move held cable to port offset then insert: port-yaw--180,during,0.003111,1,0.727988,0.0719597 -0.0719598 -0.0498436 -0.49372 0.0285234,7.32035 3.4915 -3.15143 -0.0103644 0.0105065,13.984150366857648,197.10365750454366,0.5777956253588364,-0.35042241205823865,1.5421123552322387,0.008305265568196774,0.02640649862587452,-0.03023080714046955,-3.3287079334259033,-1.8594846725463867,0.669687032699585,0.5840364404948253,-0.3486669192362445,1.536788413132258,0.5839385879795826,-0.34869738500127556,1.5398975821178074
1788653369.764402,835,Move held cable to port offset then insert: port-yaw--180,during,0.003111,1,0.727987,0.0725074 -0.0725074 -0.0484703 -0.490251 0.0277159,7.30818 3.48569 -3.14479 -0.0103449 0.0104766,13.959486887790263,196.01721066050231,0.5777115232050584,-0.3500914870704457,1.5421701717376708,0.009035459719598293,0.026094239205121994,-0.02885258197784424,-3.4084577560424805,-1.6537079811096191,0.6242761015892029,0.5840150246162132,-0.3485829161512708,1.5368445259640104,0.5839170220982585,-0.34860991498142546,1.539953495016298
1788653370.154787,840,Move held cable to port offset then insert: port-yaw--180,during,0.003111,1,0.727988,0.0692978 -0.0692978 -0.0512958 -0.493163 0.031059,7.29849 3.47982 -3.1404 -0.0101191 0.0102198,13.939039260149002,190.96434501744807,0.5777404910624192,-0.3497211038078114,1.542391185760498,0.009809317998588085,0.02483520656824112,-0.02723602019250393,-3.481562614440918,-1.4843292236328125,0.6284907460212708,0.5840919884919229,-0.34846082806389506,1.5370578085165765,0.5839966212659273,-0.34848384806475763,1.5401670092480373
1788653370.550660,845,Move held cable to port offset then insert: port-yaw--180,during,0.003111,1,0.727989,0.0697309 -0.0697309 -0.0507139 -0.493087 0.0307008,7.29632 3.47724 -3.13669 -0.00967102 0.00975119,13.929686225950718,182.24126122519374,0.5778791910708115,-0.34932914378018376,1.5427566814422606,0.010438281111419201,0.023781828582286835,-0.02480049803853035,-3.5389506816864014,-1.2896171808242798,0.6010172963142395,0.5842639704256788,-0.34831295029219017,1.537411134208716,0.5841735747139636,-0.34833059943509115,1.5405204856102164
1788653370.943740,850,Move held cable to port offset then insert: port-yaw--180,during,0.003110,1,0.727988,0.0698318 -0.0698319 -0.0504848 -0.494133 0.0305097,7.30013 3.47688 -3.13518 -0.00898608 0.00906347,13.930240705609322,169.78002470172942,0.5781141525805161,-0.34893658758969304,1.5432375717163085,0.010954152792692184,0.02215571701526642,-0.022303752601146698,-3.558809280395508,-1.143999457359314,0.607609212398529,0.5845183901720139,-0.34815338568135634,1.537876495529709,0.584434841572657,-0.34816545850725805,1.5409856439513923
1788653371.336596,855,Move held cable to port offset then insert: port-yaw--180,during,0.003111,1,0.727988,0.0688918 -0.0688919 -0.0519238 -0.497424 0.031908,7.30497 3.47638 -3.13315 -0.0080969 0.00815944,13.930757532827556,153.51899728178978,0.5784211165011094,-0.34856113793225285,1.5437930870056151,0.011506090871989727,0.02033461071550846,-0.02013995684683323,-3.61051082611084,-1.0648565292358398,0.6145997643470764,0.5848324472541315,-0.34799389362648037,1.5384135051245063,0.584757456938898,-0.34799986929190097,1.5415231320665579
1788653371.729247,860,Move held cable to port offset then insert: port-yaw--180,during,0.003110,1,0.727988,0.0672436 -0.0672435 -0.0534074 -0.498592 0.0334145,7.30991 3.47503 -3.13185 -0.00700809 0.00704401,13.930842831730843,133.60615275241435,0.5787676579058335,-0.34821960331768986,1.5443754243850707,0.01161518506705761,0.018239028751850128,-0.01596694439649582,-3.5860025882720947,-0.8996332883834839,0.6482688784599304,0.585177014585812,-0.34784397129797306,1.5389769562500157,0.585110964992101,-0.3478447447867052,1.542086567826305
1788653372.120158,865,Move held cable to port offset then insert: port-yaw--180,during,0.003111,1,0.727988,0.0672361 -0.0672361 -0.0543351 -0.503285 0.0340172,7.32707 3.47937 -3.13333 -0.00570572 0.00573078,13.951216261833906,110.00365420803428,0.5791139608919785,-0.3479247391108822,1.5449328470230101,0.011840110644698143,0.0161352027207613,-0.013343146070837975,-3.633094072341919,-0.8918988108634949,0.6650698781013489,0.5855156990707562,-0.3477101429513001,1.5395155935129703,0.5854581926192257,-0.3477067934763155,1.5426263016523505
1788653372.519787,870,Move held cable to port offset then insert: port-yaw--180,during,0.003111,1,0.727988,0.0659037 -0.0659037 -0.0558076 -0.50646 0.035406,7.34502 3.48326 -3.1358 -0.00419735 0.00420974,13.972487186081707,82.81433285493404,0.579417944580333,-0.3476866185659184,1.5454094457626342,0.011523645371198654,0.013672069646418095,-0.008329013362526894,-3.5659677982330322,-0.796583890914917,0.72864830493927,0.5858092152206541,-0.34759765943921256,1.5399772950363113,0.5857596585102209,-0.3475906564160002,1.543087725763841
1788653372.914160,875,Move held cable to port offset then insert: port-yaw--180,during,0.003111,1,0.727987,0.0632749 -0.0632748 -0.0587365 -0.506674 0.0380459,7.36351 3.48659 -3.13861 -0.00248387 0.00249175,13.99368554004468,51.906283515971154,0.5796369916498826,-0.3475134372741615,1.5457567024230956,0.011240415275096893,0.011053532361984253,-0.004721955396234989,-3.6138503551483154,-0.8289817571640015,0.7717723846435547,0.5860203994561757,-0.34750804551878817,1.5403138206975522,0.5859755972092515,-0.3474985710624171,1.5434245817971348
1788653373.312901,880,Move held cable to port offset then insert: port-yaw--180,during,0.003109,1,0.727986,0.0622883 -0.0622882 -0.0606184 -0.508556 0.0392931,7.3898 3.49332 -3.14301 -0.000546073 0.000563159,14.027238478069194,17.358091458212584,0.5797354585230515,-0.3474110662967598,1.5459275293350219,0.01073694508522749,0.008559005334973335,0.0001192494310089387,-3.583740472793579,-0.8648476004600525,0.8110123872756958,0.5861148062367694,-0.34744254676393377,1.540481970458909,0.5860723588385495,-0.3474313308137612,1.5435908197261186
1788653373.474193,881,Move held cable to port offset then insert: port-yaw--180,reached,0.003111,1,0.728039,0.303353 -0.303353 0.1788 -0.600945 -0.203906,7.232 3.35103 -3.32508 0.0008389 0.000276729,13.9092217173893,11.014191582042258,0.5796822315752671,-0.34736019371789206,1.54594922542572,0.01741052232682705,0.015892965719103813,0.005928233731538057,-2.959831953048706,-1.2357368469238281,0.018517814576625824,0.5860612632882712,-0.34740090321462236,1.5405014011839195,0.5860189293558181,-0.34738130006555157,1.5436119740880168
1788653373.717961,885,Move held cable to port offset then insert: port-via-0.35,during,0.003113,1,0.727972,0.0538708 -0.0538708 -0.0536409 -0.458902 0.0345858,7.48268 3.54451 -3.18052 -0.00136502 0.000133285,14.209218111878727,34.10487034476682,0.5788220769465134,-0.34741672873801344,1.5461571264266967,0.00938440952450037,0.005474394652992487,0.010117591358721256,-3.444593906402588,-0.5230098366737366,0.9325859546661377,0.5852005999327933,-0.34744680487067653,1.540706866622634,0.585158654777887,-0.3474390787666948,1.5438195614717252
1788653374.116897,890,Move held cable to port offset then insert: port-via-0.35,during,0.003112,1,0.728011,0.29454 -0.29454 0.177203 -0.554319 -0.200761,7.36413 3.42474 -3.38211 0.000364059 0.00117007,14.172515774262138,68.71049934782786,0.575263322025554,-0.3476018607610478,1.5468921709060668,0.0181727297604084,0.022089041769504547,0.018127916380763054,-2.7114646434783936,-1.095021367073059,0.23185358941555023,0.5816464580986384,-0.34764349105528963,1.541446738026728,0.5816011382854772,-0.3476220160728248,1.544557945793871
1788653374.508242,895,Move held cable to port offset then insert: port-via-0.35,during,0.003110,1,0.727987,0.0639954 -0.0639954 -0.0663382 -0.549531 0.0439127,7.49617 3.55371 -3.19158 -0.000900991 0.00121777,14.243576703593135,98.1905460334383,0.5692687636912034,-0.34790006278794516,1.5480439710617064,0.01542749721556902,0.013738228939473629,0.015971804037690163,-3.3695549964904785,-1.0565356016159058,1.0927938222885132,0.5756557892207372,-0.347932221355501,1.5426068261331198,0.5756090621262198,-0.3479202204006553,1.545716496576105
1788653374.888977,900,Move held cable to port offset then insert: port-via-0.35,during,0.003111,1,0.728011,0.302414 -0.302414 0.173813 -0.628791 -0.197361,7.36784 3.42436 -3.40525 7.07898e-05 0.00166325,14.19918205189606,122.90674951812252,0.5610912448465989,-0.3481868803677082,1.54951847076416,0.02266191504895687,0.0292766485363245,0.03530706465244293,-3.3229575157165527,-0.34058043360710144,0.5477665066719055,0.5674832751608534,-0.34822721799461903,1.5440840180083024,0.5674328258059266,-0.3482048970024797,1.5471944754128928
1788653375.283099,905,Move held cable to port offset then insert: port-via-0.35,during,0.003111,1,0.728007,0.297363 -0.297363 0.16809 -0.631628 -0.19188,7.40569 3.44335 -3.42222 0.000330952 0.00146903,14.27306167432107,141.98960359487683,0.5509900456965134,-0.34839397670598027,1.551189546585083,0.023558715358376503,0.030111458152532578,0.040755633264780045,-3.331803560256958,-0.16643723845481873,0.6818094253540039,0.5573871305880382,-0.34843193707947473,1.545762155176952,0.5573340549867498,-0.34840958473371264,1.5488721707911273
1788653375.668181,910,Move held cable to port offset then insert: port-via-0.35,during,0.003110,1,0.728003,0.29422 -0.29422 0.164582 -0.635622 -0.188544,7.42705 3.45314 -3.43147 0.00082561 0.000986839,14.313475123257376,155.6074808323756,0.5392287975847886,-0.3484116196808338,1.5529432344436644,0.024158552289009094,0.030086588114500046,0.04505939781665802,-3.3569393157958984,-0.03666052222251892,0.8053292036056519,0.5456318220391554,-0.3484473330958421,1.5475236521318385,0.545575357438109,-0.34842489614413374,1.550632838412831
1788653376.050382,915,Move held cable to port offset then insert: port-via-0.35,during,0.003109,1,0.728002,0.293 -0.293 0.162501 -0.638338 -0.186928,7.44944 3.4621 -3.44016 0.00162121 0.000244361,14.353566117060836,163.71925174770877,0.526077747970836,-0.34814602138371464,1.5546624708175658,0.02462610974907875,0.02974897064268589,0.04789747670292854,-3.3695547580718994,0.0076652029529213905,0.862747073173523,0.532486463008913,-0.3481790192621433,1.5492505688070828,0.532426773970609,-0.34815676751891705,1.5523588472740304
1788653376.431659,920,Move held cable to port offset then insert: port-via-0.35,during,0.003109,1,0.728001,0.291727 -0.291727 0.159843 -0.637452 -0.185029,7.4803 3.47512 -3.44786 0.00261733 -0.000732883,14.406635001010727,167.15281931078061,0.5118085748255418,-0.34751623869246595,1.5562412786483764,0.025030147284269333,0.029344948008656502,0.048965249210596085,-3.359307289123535,-0.06828080117702484,0.8145686984062195,0.5182223435936897,-0.3475463417519335,1.5508354699444755,0.5181598414128241,-0.34752442645540704,1.55394382924668
1788653376.812234,925,Move held cable to port offset then insert: port-via-0.35,during,0.003108,1,0.727999,0.294907 -0.294907 0.16298 -0.637146 -0.188686,7.49946 3.48112 -3.45235 0.00378063 -0.00187781,14.438580566551536,168.2469937694259,0.4966954595148728,-0.3464606702503681,1.557583336830139,0.0248603243380785,0.02771901898086071,0.04991047829389572,-3.337764263153076,-0.09778404980897903,0.8227251768112183,0.5031134127953613,-0.346488030953821,1.5521837133052683,0.5030486701253971,-0.3464665595251738,1.555291261720045
1788653377.191897,930,Move held cable to port offset then insert: port-via-0.35,during,0.003108,1,0.728,0.292578 -0.292578 0.159778 -0.635905 -0.186039,7.52124 3.48771 -3.45759 0.00503673 -0.00311114,14.474688678979874,170.95472131855786,0.4810102588236497,-0.3449402152503773,1.558611397743225,0.024487299844622612,0.026126204058527946,0.051268190145492554,-3.3412251472473145,-0.05536193028092384,0.816469669342041,0.487431802702323,-0.34496580165805724,1.5532158357721144,0.48736496815184754,-0.34494417111912323,1.5563234769052665
1788653377.570515,935,Move held cable to port offset then insert: port-via-0.35,during,0.003108,1,0.727997,0.295549 -0.295549 0.162288 -0.637976 -0.189159,7.53996 3.4926 -3.46154 0.00630108 -0.00434827,14.504752785898745,181.97537461528555,0.46502128306032875,-0.34294176091802564,1.5592683601379393,0.023884514346718788,0.02388925850391388,0.051573608070611954,-3.3493587970733643,-0.06372779607772827,0.8371157050132751,0.47144464503990713,-0.34296527637533214,1.5538759143701981,0.4713769889237348,-0.3429442566789501,1.5569832070129628
1788653377.960581,940,Move held cable to port offset then insert: port-via-0.35,during,0.003108,1,0.727997,0.296737 -0.296737 0.163036 -0.636728 -0.19049,7.54747 3.49245 -3.46019 0.00742984 -0.00553152,14.51306412415579,194.32993741962127,0.4489878413006828,-0.3404769002403065,1.559517388343811,0.02324012853205204,0.02162729762494564,0.051385290920734406,-3.324120283126831,-0.09276372939348221,0.8270628452301025,0.4554123163403657,-0.3404999217952834,1.5541261446159251,0.4553439665513543,-0.3404784409342193,1.5572334011547955
1788653378.352909,945,Move held cable to port offset then insert: port-via-0.35,during,0.003108,1,0.727995,0.300888 -0.300888 0.167324 -0.639671 -0.195193,7.55251 3.4908 -3.46016 0.00844901 -0.00654877,14.51846677204594,203.72439609840512,0.43315902356711933,-0.3375850914920613,1.5593471574783324,0.022408485412597656,0.018899066373705864,0.050954777747392654,-3.3342533111572266,-0.08693162351846695,0.8878056406974792,0.43958315471999193,-0.33760756688577753,1.5539552831354062,0.4395150083093037,-0.3375865013456889,1.5570627792204734
1788653378.746325,950,Move held cable to port offset then insert: port-via-0.35,during,0.003108,1,0.727995,0.302254 -0.302254 0.168413 -0.636989 -0.196762,7.56334 3.49306 -3.46138 0.00926357 -0.00735169,14.534397473558784,209.27550497162156,0.4177695817053483,-0.33432877053869214,1.5587670850753783,0.02187906950712204,0.01726754568517208,0.049738846719264984,-3.329880952835083,-0.12689681351184845,0.8361486792564392,0.42419202377263415,-0.3343512083035456,1.5533733242571948,0.4241248134287928,-0.33433033817156327,1.5564806128277011
1788653379.134516,955,Move held cable to port offset then insert: port-via-0.35,during,0.003109,1,0.727997,0.304123 -0.304123 0.170143 -0.636362 -0.198725,7.5594 3.48852 -3.45866 0.00980071 -0.00790478,14.524287275969982,210.76093434667564,0.4030373102724717,-0.3307922192792341,1.5578119802474975,0.021339543163776398,0.015803612768650055,0.0487060584127903,-3.3343427181243896,-0.11613564193248749,0.8165317177772522,0.40945662820155326,-0.3308161633665994,1.5524140964851199,0.4093912497823206,-0.33079458924712213,1.5555219201731805
1788653379.525611,960,Move held cable to port offset then insert: port-via-0.35,during,0.003108,1,0.727998,0.308489 -0.308489 0.174643 -0.637151 -0.203484,7.55255 3.48346 -3.45509 0.0100703 -0.00816944,14.509337422437966,207.88069900183473,0.3891619748175309,-0.327078522084181,1.5565365600585936,0.02085886523127556,0.014418241567909718,0.046803295612335205,-3.3479206562042236,-0.13482566177845,0.8134223818778992,0.3955772363826139,-0.327104502103558,1.5511340395762647,0.3955141902639958,-0.3270823366268155,1.554241724023818
1788653379.917644,965,Move held cable to port offset then insert: port-via-0.35,during,0.003109,1,0.727997,0.30702 -0.30702 0.172908 -0.639506 -0.201772,7.54423 3.478 -3.45383 0.00996771 -0.00813676,14.494169626384974,200.33620604814496,0.376325995355861,-0.3233045049886152,1.5550143766403197,0.020208096131682396,0.013556376099586487,0.04618489742279053,-3.372035503387451,-0.004160948563367128,0.8591384291648865,0.38273615269470046,-0.3233315067293938,1.5496049375410197,0.3826760809469488,-0.32331013382036133,1.5527136573272224
1788653380.307528,970,Move held cable to port offset then insert: port-via-0.35,during,0.003110,1,0.727999,0.307891 -0.307891 0.173144 -0.642171 -0.202253,7.53371 3.47265 -3.45098 0.00962696 -0.00779763,14.47476960113272,188.04048344411422,0.3646937018931077,-0.319596798060362,1.553335552215576,0.019780192524194717,0.013392332941293716,0.04409031569957733,-3.4030277729034424,0.027575070038437843,0.8651845455169678,0.3710982343805501,-0.31962653311373346,1.5479192455329145,0.3710414080958262,-0.31960457271146303,1.5510282824926533
1788653380.696681,975,Move held cable to port offset then insert: port-via-0.35,during,0.003110,1,0.728001,0.309703 -0.309703 0.175145 -0.641765 -0.204019,7.50959 3.46124 -3.44407 0.00896887 -0.00717597,14.431046579033136,171.11063970066607,0.35441446366907814,-0.31608840906423774,1.5516026067733764,0.019371051341295242,0.01360238529741764,0.04113325476646423,-3.415780544281006,0.02207920514047146,0.820651650428772,0.3608134243824549,-0.3161210457522777,1.5461791055942062,0.36075966204665766,-0.3160984595126216,1.549288457989655
1788653381.084451,980,Move held cable to port offset then insert: port-via-0.35,during,0.003111,1,0.728004,0.309431 -0.309431 0.173951 -0.643387 -0.202968,7.49353 3.45528 -3.43897 0.00798913 -0.00626121,14.402029574848711,149.41056760284118,0.34562611642481544,-0.31291380607885566,1.5499247360229491,0.018987370654940605,0.014585134573280811,0.037703290581703186,-3.417813777923584,-0.002729532541707158,0.7820608615875244,0.3520192848258818,-0.3129490819989654,1.5444933178829365,0.35196883425345327,-0.3129260668931914,1.5476038077012944
1788653381.474977,985,Move held cable to port offset then insert: port-via-0.35,during,0.003111,1,0.728008,0.313447 -0.313447 0.178259 -0.639857 -0.207097,7.46925 3.44586 -3.43151 0.00679128 -0.00508391,14.358490265905857,123.19430713262409,0.33845904532076576,-0.3102054008225843,1.548414831161499,0.018598319962620735,0.016016526147723198,0.03293800354003906,-3.3914794921875,-0.1048395037651062,0.6517821550369263,0.34484751839465716,-0.31024283529712793,1.5429768169723854,0.3447994926156449,-0.31021956095995507,1.5460877180041908
1788653381.867306,990,Move held cable to port offset then insert: port-via-0.35,during,0.003111,1,0.727979,0.064174 -0.064174 -0.0630671 -0.52051 0.0378822,7.55888 3.56125 -3.2078 0.00433721 -0.00406981,14.336338425055146,92.28556878305972,0.3330428606569932,-0.30810222112936225,1.5471808958053588,0.011703220196068287,0.0012677174527198076,0.009856214746832848,-3.5618209838867188,-1.120593547821045,1.0799449682235718,0.33942685349153046,-0.3081302620334807,1.5417394040798502,0.33938181223674796,-0.3081187126278492,1.5448497267948516
1788653382.259755,995,Move held cable to port offset then insert: port-via-0.35,during,0.003111,1,0.72798,0.0641621 -0.0641621 -0.0627207 -0.5136 0.037655,7.52319 3.54803 -3.19613 0.002574 -0.00240994,14.272343666991219,57.388873046729714,0.3295119411051438,-0.30669918739599433,1.546327953338623,0.011209100484848022,0.0036672097630798817,0.0046967389062047005,-3.6004366874694824,-1.1616066694259644,1.0202692747116089,0.3358931012416908,-0.3067279190624707,1.5408823584269822,0.33584964845604026,-0.30671653565924384,1.5439934099940473
1788653382.654490,1000,Move held cable to port offset then insert: port-via-0.35,during,0.003111,1,0.72798,0.0610695 -0.0610694 -0.0627576 -0.495465 0.0385755,7.46986 3.52661 -3.17881 0.000598616 -0.000550047,14.17642541922396,18.639914143830538,0.3280136889517472,-0.3061138995866224,1.5459399271011351,0.010272704064846039,0.006238990928977728,0.001281169825233519,-3.6188435554504395,-1.0155497789382935,0.9222834706306458,0.3343929176422845,-0.30614306126743834,1.540492673576983,0.33435079434630666,-0.30613136669520313,1.5436037511287584
1788653382.818534,1001,Move held cable to port offset then insert: port-via-0.35,reached,0.003112,1,0.72802,0.317714 -0.317714 0.185158 -0.615545 -0.213033,7.34669 3.39914 -3.39156 0.00104681 0.000230539,14.138672258966835,10.063511898362776,0.3279337591231034,-0.30606767618459907,1.5459188270568847,0.016899365931749344,0.02287827990949154,0.011561504565179348,-3.2657251358032227,-0.7149684429168701,0.02791554480791092,0.33431417566183463,-0.3061083654539304,1.5404693604342863,0.3342704020108074,-0.306085194886895,1.5435813972580825
1788653383.059058,1005,Move held cable to port offset then insert: port-via-0.60,during,0.003111,1,0.727978,0.0626226 -0.0626226 -0.0613369 -0.502402 0.0372845,7.48542 3.53543 -3.18623 0.000324385 -0.000274512,14.207688082678942,23.80763939168537,0.3273049599230454,-0.3061720141152784,1.545931463241577,0.00996921956539154,0.00637690257281065,0.00043886431376449764,-3.615311622619629,-1.0609407424926758,0.9716421961784363,0.33368794887863695,-0.306200514376676,1.5404886267676157,0.3336434410443772,-0.3061890841750554,1.5435990195138256
1788653383.460684,1010,Move held cable to port offset then insert: port-via-0.60,during,0.003112,1,0.727978,0.0634574 -0.0634574 -0.06153 -0.503996 0.0367109,7.51356 3.54963 -3.19624 0.00077101 -0.000638451,14.260838200279977,45.13317069550976,0.3246945149004624,-0.30658477628034797,1.5459398078918456,0.011114410124719143,0.0055391727946698666,0.002403987105935812,-3.5897231101989746,-1.1432385444641113,0.9986558556556702,0.3310889350973085,-0.30660775761870646,1.5405097905409502,0.33103796552850906,-0.30659756650225123,1.5436208860313019
1788653383.854683,1015,Move held cable to port offset then insert: port-via-0.60,during,0.003111,1,0.728014,0.317526 -0.317526 0.183649 -0.618883 -0.212479,7.42534 3.43767 -3.42287 0.00223386 -0.000673272,14.288795806118287,64.2209983097855,0.3202932483256028,-0.3072393544892713,1.5459339666366576,0.01837480440735817,0.021543532609939575,0.018338575959205627,-3.258882999420166,-0.6150815486907959,0.16208989918231964,0.32670614356035343,-0.3072647815445387,1.5405244994753278,0.32664404920281065,-0.3072447896106547,1.5436352220373037
1788653384.249657,1020,Move held cable to port offset then insert: port-via-0.60,during,0.003112,1,0.728012,0.319033 -0.319033 0.184294 -0.621182 -0.213954,7.45294 3.45061 -3.43308 0.00277952 -0.00114886,14.340551331057213,80.60111194616184,0.3142928487360642,-0.30805793487829414,1.5459133434295653,0.018767766654491425,0.02082572504878044,0.020944884046912193,-3.2631828784942627,-0.5584937334060669,0.22417856752872467,0.3207295455010649,-0.30807168110313554,1.5405322614129098,0.3206537973259854,-0.30805412922312064,1.543642826614187
1788653384.645224,1025,Move held cable to port offset then insert: port-via-0.60,during,0.003111,1,0.728011,0.321089 -0.321089 0.185547 -0.622321 -0.215928,7.4745 3.46029 -3.44043 0.00338365 -0.00172358,14.380330152693205,94.40206276020035,0.30689010086657265,-0.30891406619352546,1.5458815145492553,0.019210539758205414,0.020183028653264046,0.023180609568953514,-3.2728514671325684,-0.5195882320404053,0.23563721776008606,0.3133539097309516,-0.30891416906484703,1.5405342485594127,0.3132625259007973,-0.30889936068749163,1.5436434549015188
1788653385.036758,1030,Move held cable to port offset then insert: port-via-0.60,during,0.003111,1,0.728008,0.324325 -0.324325 0.188081 -0.624357 -0.219214,7.50607 3.47349 -3.45413 0.00407962 -0.00234149,14.440113089978695,105.77728348504752,0.29828563395144203,-0.3096883603314802,1.5458427715301513,0.019422413781285286,0.019410373643040657,0.025583753362298012,-3.2824230194091797,-0.45232224464416504,0.2729414999485016,0.30477785860899426,-0.30967387770546956,1.540529972431356,0.3046699435379323,-0.30966173269824804,1.5436389543579376
1788653385.428530,1035,Move held cable to port offset then insert: port-via-0.60,during,0.003111,1,0.728007,0.327582 -0.327582 0.190593 -0.624477 -0.222676,7.53592 3.48629 -3.46463 0.004814 -0.00303347,14.49467985634692,114.7002474074252,0.2886836237013505,-0.3102661379556104,1.5458018827438353,0.019671054556965828,0.018634764477610588,0.02776048332452774,-3.287761688232422,-0.4012359380722046,0.28454720973968506,0.29520350386622773,-0.3102370749948624,1.5405237653061015,0.29507945204992436,-0.31022725296023246,1.5436319067651065
1788653385.822797,1040,Move held cable to port offset then insert: port-via-0.60,during,0.003110,1,0.728006,0.330255 -0.330255 0.193145 -0.619819 -0.226287,7.55658 3.4936 -3.47361 0.00557647 -0.00376328,14.533139880048111,124.29859973397106,0.278289855152385,-0.3105422564725324,1.5457625436782836,0.019893325865268707,0.017747817561030388,0.02973017282783985,-3.283151626586914,-0.33465197682380676,0.25236764550209045,0.2848345697457963,-0.3105000578463823,1.540516542795337,0.2846961267166797,-0.3104915770239819,1.5436238421344606
1788653386.215616,1045,Move held cable to port offset then insert: port-via-0.60,during,0.003110,1,0.728006,0.332611 -0.332611 0.192623 -0.625355 -0.227302,7.58284 3.5041 -3.48242 0.00629654 -0.00449722,14.58016402926296,133.28112107422203,0.2673101431429551,-0.3104296632985517,1.5457285690307616,0.02036181464791298,0.017288221046328545,0.030640847980976105,-3.2906763553619385,-0.37109851837158203,0.23936477303504944,0.2738767421233426,-0.31037725783752096,1.5405099017350925,0.27372507126614387,-0.3103681173303303,1.543616262868373
1788653386.604663,1050,Move held cable to port offset then insert: port-via-0.60,during,0.003112,1,0.728003,0.334801 -0.334801 0.194103 -0.6244 -0.229786,7.61219 3.51557 -3.49464 0.00700039 -0.00517571,14.634577103424817,140.86601456534117,0.2559491700232194,-0.3098624654988691,1.545703773498535,0.020442096516489983,0.01645066775381565,0.03237265720963478,-3.3013291358947754,-0.3048236668109894,0.26052147150039673,0.2625316323948856,-0.3098008245559818,1.5405043336494022,0.26237064265898624,-0.3097918275290338,1.5436117344164757
1788653386.996297,1055,Move held cable to port offset then insert: port-via-0.60,during,0.003110,1,0.728004,0.336984 -0.336984 0.19545 -0.622455 -0.232174,7.62801 3.5208 -3.50064 0.00766897 -0.0058207,14.662936163600534,147.26422298140824,0.24440679016710976,-0.3087984331826612,1.5456903028488158,0.020661212503910065,0.015755051746964455,0.03371964022517204,-3.3208539485931396,-0.23956246674060822,0.23597875237464905,0.2509991026845716,-0.30873161183343517,1.5405060609968981,0.2508323606105102,-0.3087210188902709,1.543611125232598
1788653387.384748,1060,Move held cable to port offset then insert: port-via-0.60,during,0.003109,1,0.728004,0.32425 -0.32425 0.169206 -0.689899 -0.209541,7.67797 3.54232 -3.52351 0.0079468 -0.00633274,14.758080892264843,152.22342075873166,0.23287557128073433,-0.30722230756086555,1.545688633918762,0.020142829045653343,0.015045187436044216,0.043078482151031494,-3.6548049449920654,0.5221720337867737,0.9279797673225403,0.23947184173138908,-0.30715383042616257,1.5405104158339267,0.23930285999547307,-0.30714193623457636,1.5436148865178358
1788653387.775676,1065,Move held cable to port offset then insert: port-via-0.60,during,0.003109,1,0.728001,0.32359 -0.32359 0.167347 -0.690076 -0.208758,7.70411 3.55257 -3.53553 0.00840009 -0.00677339,14.807382385712117,155.62237250525504,0.22154009404780128,-0.30514982425970283,1.5456997203826903,0.02018902637064457,0.014543801546096802,0.04398418962955475,-3.7038865089416504,0.6071135401725769,0.9318156242370605,0.22813299045888785,-0.3050822383589351,1.5405178039756942,0.22796617211336975,-0.3050685078656412,1.5436222612627977
1788653388.167906,1070,Move held cable to port offset then insert: port-via-0.60,during,0.003108,1,0.728008,0.349758 -0.349758 0.191693 -0.691559 -0.2334,7.69165 3.5425 -3.53522 0.00879288 -0.00705686,14.785217434167862,157.29980217758566,0.2105711853802369,-0.30262094819349494,1.545722370147705,0.021510833874344826,0.01719486340880394,0.04169753938913345,-3.8723583221435547,0.487203449010849,0.5024320483207703,0.21715414927740118,-0.3025591843402349,1.5405290171217825,0.21699331127790217,-0.3025412024874733,1.543632664993274
1788653388.557726,1075,Move held cable to port offset then insert: port-via-0.60,during,0.003110,1,0.728003,0.321317 -0.321317 0.159991 -0.700466 -0.203894,7.73069 3.56216 -3.54839 0.00882853 -0.00724129,14.857309037353843,156.91544787120074,0.20012672308088997,-0.2997068175057813,1.545751814842224,0.020556580275297165,0.014412758871912956,0.04462318494915962,-3.793642282485962,0.7133216261863708,0.9865790009498596,0.2066942220516042,-0.2996518872932515,1.5405374622558907,0.20654275200391328,-0.29963327911633253,1.5436432387777308
1788653388.955522,1080,Move held cable to port offset then insert: port-via-0.60,during,0.003110,1,0.728003,0.323663 -0.323664 0.159304 -0.706878 -0.204665,7.74476 3.56797 -3.55502 0.0088312 -0.00720792,14.883795484434813,154.1825451431796,0.19034726980330208,-0.29649856769842353,1.5457854318618773,0.02081499993801117,0.014690493233501911,0.043499402701854706,-3.771944999694824,0.672235369682312,1.0099637508392334,0.19689444911668033,-0.29645403389090436,1.5405440380652389,0.1967549416091205,-0.2964332915898043,1.5436513256990754
1788653389.348166,1085,Move held cable to port offset then insert: port-via-0.60,during,0.003110,1,0.728005,0.319021 -0.319021 0.153926 -0.70501 -0.199722,7.74952 3.56977 -3.55966 0.00862625 -0.00701938,14.894599563907832,148.92776083853096,0.1813575929701493,-0.2931121894101545,1.5458202409744262,0.020676711574196815,0.015081517398357391,0.043075624853372574,-3.825756788253784,0.7542616724967957,1.0039684772491455,0.18788054084765046,-0.29307944622070886,1.5405493211051375,0.18775538953520943,-0.293057847179769,1.5436564077808437
1788653389.746647,1090,Move held cable to port offset then insert: port-via-0.60,during,0.003110,1,0.728006,0.318418 -0.318418 0.152527 -0.703874 -0.198979,7.74812 3.56949 -3.56088 0.00820361 -0.00662048,14.893317157868296,140.64960140455514,0.17326554718615272,-0.28967955791753974,1.5458523082733153,0.020508984103798866,0.01548225898295641,0.04193343222141266,-3.8189308643341064,0.7809601426124573,1.0149891376495361,0.1797617945817919,-0.28966030369537726,1.540547945152058,0.17965230664509235,-0.2896377054177127,1.5436558383697083
1788653390.139647,1095,Move held cable to port offset then insert: port-via-0.60,during,0.003111,1,0.728007,0.319951 -0.319951 0.151347 -0.711318 -0.198866,7.74956 3.57125 -3.5628 0.00758227 -0.00601255,14.897201254498214,129.09529042616487,0.16616383257509926,-0.2863456913213178,1.5458798456192016,0.020366713404655457,0.016490913927555084,0.04002705588936806,-3.797795295715332,0.7474576234817505,1.0532164573669434,0.1726326735201216,-0.2863401047537723,1.540540222687014,0.1725390841555157,-0.286317214338227,1.5436499836496216
1788653390.534775,1100,Move held cable to port offset then insert: port-via-0.60,during,0.003111,1,0.728007,0.317102 -0.317102 0.147358 -0.713975 -0.195048,7.74405 3.56962 -3.56505 0.00669442 -0.00520499,14.890611351002008,114.00639613810927,0.16013273659350136,-0.28326362454694953,1.5459005880355834,0.019889768213033676,0.01792703941464424,0.037882786244153976,-3.8144705295562744,0.7378143668174744,1.0501798391342163,0.1665750239752147,-0.28327089514671333,1.540528599899458,0.16649677910265775,-0.28324855280907835,1.543638804703804
1788653390.939434,1105,Move held cable to port offset then insert: port-via-0.60,during,0.003112,1,0.728008,0.314216 -0.314216 0.143224 -0.71785 -0.190956,7.73794 3.56881 -3.56633 0.00558136 -0.00419402,14.882852530572563,95.25620848592371,0.15524485769869545,-0.2805874057988569,1.545913701057434,0.019281845539808273,0.01979772560298443,0.035486266016960144,-3.8327858448028564,0.7294121384620667,1.0415012836456299,0.16166322226509663,-0.28060594521049764,1.5405122580111041,0.16159875506250887,-0.2805846262193415,1.5436235245097396
1788653391.343598,1110,Move held cable to port offset then insert: port-via-0.60,during,0.003112,1,0.728004,0.309785 -0.309785 0.138379 -0.719994 -0.185854,7.75101 3.57809 -3.57641 0.00420737 -0.00299216,14.912711857818067,72.78790294006467,0.15156972470881203,-0.27846771561903205,1.5459204959869384,0.018247218802571297,0.02223026752471924,0.032525453716516495,-3.845151424407959,0.6996050477027893,0.9760333299636841,0.15796921699721111,-0.27849527722147766,1.5404961553612377,0.1579153153645553,-0.27847498114129154,1.543607412655652
1788653391.747194,1115,Move held cable to port offset then insert: port-via-0.60,during,0.003111,1,0.727987,0.0758786 -0.0758786 -0.0774119 -0.57515 0.0401462,7.82268 3.68873 -3.33132 0.00212929 -0.00204361,14.846902464982122,46.36497003142722,0.1491819030344651,-0.27705493652624336,1.545923237800598,0.013071537017822266,0.00714741600677371,-0.0032599924597889185,-3.671417713165283,-1.6190356016159058,0.9973393082618713,0.1555676848784152,-0.27707827139389624,1.5404825790383971,0.15552121671842536,-0.27706904538972904,1.5435930380212075
1788653392.151745,1120,Move held cable to port offset then insert: port-via-0.60,during,0.003111,1,0.727989,0.0787247 -0.0787246 -0.0738466 -0.575992 0.0371213,7.79372 3.67925 -3.32334 0.000488459 -0.000464866,14.797261366067687,16.897552590467967,0.1481670743525193,-0.2764515289048597,1.5459183502197265,0.011779282242059708,0.010024390183389187,-0.004633660893887281,-3.6983907222747803,-1.460762619972229,0.9514462351799011,0.1545469723132153,-0.27647717562583646,1.5404704733560455,0.15450384723085525,-0.2764685258082107,1.5435812689953763
1788653392.311552,1121,Move held cable to port offset then insert: port-via-0.60,reached,0.003112,1,0.727989,0.0786558 -0.0786558 -0.073809 -0.574171 0.0370394,7.7881 3.67778 -3.32192 1.86398e-05 -2.68713e-05,14.787842485331566,7.85134819225641,0.14814123573900917,-0.27642905795377937,1.545905475616455,0.011492377147078514,0.010867363773286343,-0.006091699935495853,-3.687431812286377,-1.50841224193573,0.9612594246864319,0.15452136922311285,-0.276454945774938,1.5404567395616047,0.1544779851390033,-0.2764462109798449,1.543568331874423
1788653392.555710,1125,Move held cable to port offset then insert: port-via-0.75,during,0.003113,1,0.727989,0.0780786 -0.0780785 -0.0743396 -0.574482 0.0376182,7.7827 3.67512 -3.31991 2.06561e-05 -2.49658e-05,14.77777632525067,7.807608016650192,0.14815026584269264,-0.2763962157945081,1.5458788919448851,0.01152158435434103,0.010631347075104713,-0.006675299722701311,-3.7079572677612305,-1.5526728630065918,0.9800466299057007,0.15453090217520285,-0.27642225134909504,1.5404298138309547,0.15448719212819106,-0.2764137771612608,1.5435422308855733
1788653392.961272,1130,Move held cable to port offset then insert: port-via-0.75,during,0.003102,1,0.727542,0.109631 -0.109631 -0.196323 -0.966387 0.105189,8.49204 3.85722 -3.76835 0.0284064 -0.0301963,16.176214169710875,575.6330294422805,0.1386136120855973,-0.27178728663725105,1.5400372791290282,0.044663090258836746,-0.10273243486881256,0.045727167278528214,-10.04279613494873,-0.4927130341529846,-1.5673516988754272,0.14493145536165825,-0.2718526000560282,1.5345754986323477,0.14494127946450425,-0.2718870725521533,1.5376777036653797
1788653393.367897,1135,Move held cable to port offset then insert: port-via-0.75,during,0.003209,1,0.727217,0.788657 -0.788655 -1.71491 -8.22849 1.86353,7.16616 3.23983 -3.48817 -0.0229749 -0.00143959,13.918562137754634,18.45224949531257,0.13096737924219826,-0.26472240769666877,1.5395160961151122,-0.8059159517288208,-0.3880486488342285,-0.3143341541290283,-93.30535125732422,55.862205505371094,97.1983642578125,0.13697680196303383,-0.2649481219610936,1.5341867758660597,0.13736804595868662,-0.2649431402543031,1.5373714118078108
1788653393.767534,1140,Move held cable to port offset then insert: port-via-0.75,during,0.003066,1,0.727824,0.0375994 -0.0375994 -0.0347311 -0.33314 0.0242582,9.11524 4.23167 -4.08858 0.00903595 -0.00873834,17.45327205490321,273.11808919906616,0.1108203536570237,-0.2653130301217481,1.5422251272201537,0.03441395238041878,-0.2672058343887329,0.2385929971933365,-2.0407209396362305,-1.6956210136413574,1.7329953908920288,0.11689865595238874,-0.26575698104213585,1.5368543506903323,0.11715630064884965,-0.2656213589483253,1.5399061539328947
1788653394.144652,1145,Move held cable to port offset then insert: port-via-0.75,during,0.003047,1,0.727861,0.0477426 -0.0477426 -0.0124811 -0.267724 0.00758768,9.43879 4.49023 -3.99678 2.14037e-05 -1.94212e-05,17.925839717867348,9.389665966678876,0.10895991387964943,-0.2679755994061872,1.5443934249877929,0.0062906816601753235,0.0006956830620765686,0.003336489200592041,-2.5189733505249023,-0.0907483696937561,0.4315077066421509,0.11502254967375208,-0.2683464642226557,1.539028471476766,0.11529410190371689,-0.2682004087787109,1.5420600902759838
1788653394.529474,1150,Move held cable to port offset then insert: port-via-0.75,during,0.003005,1,0.727611,0.0242238 -0.0242223 -0.0422107 -0.261471 0.0322115,7.77728 3.5395 -3.3308 0.0370006 -0.035576,14.720157492905855,550.1836683750153,0.0989514297545121,-0.2539077111462995,1.5295877504348754,-0.26711389422416687,0.5130243897438049,-0.25822967290878296,-1.7284270524978638,-0.3671623468399048,-0.5056599974632263,0.1048763218841379,-0.25437703404019757,1.524321446244889,0.10529352326254346,-0.25428637484749883,1.527296158893538
1788653394.923787,1155,Move held cable to port offset then insert: port-via-0.75,during,0.003038,1,0.727829,0.0776997 -0.0776997 0.0181984 -0.353341 -0.0121587,9.4451 4.39174 -4.13215 0.0155884 -0.0143502,17.998932246118784,405.6676666662097,0.08205434742571571,-0.26043763840002265,1.5390821743011474,-0.011151179671287537,-0.21601709723472595,0.24305282533168793,-1.601232647895813,0.16689719259738922,1.4861128330230713,0.08812345770158181,-0.2609277755903725,1.5337592911697433,0.08839517316871673,-0.26078425173505304,1.5367820186219763
1788653395.306236,1160,Move held cable to port offset then insert: port-via-0.75,during,0.003046,1,0.727739,-0.012156 0.012156 -0.0163778 -0.0137584 0.012991,9.79006 4.6019 -4.25257 2.39328e-05 -2.35461e-05,18.644574437443225,9.768019483366515,0.07533854308726051,-0.2640998371819898,1.5457692193984984,0.001567251980304718,-0.005128002259880304,-0.0005698370514437556,-0.16594365239143372,0.1545504629611969,0.6163774728775024,0.08140523029177357,-0.26432054144555467,1.5403967925121917,0.08167312563676024,-0.26421778894423387,1.5434291169731966
1788653395.690781,1165,Move held cable to port offset then insert: port-via-0.75,during,0.003044,1,0.72774,-0.0120884 0.0120884 -0.0168839 -0.0167276 0.0134494,9.80132 4.6071 -4.25755 1.89303e-05 -2.14617e-05,18.666006902743902,9.822931575472467,0.07530525389315346,-0.26403364622396674,1.5458146381378173,0.0018853972433134913,-0.004441272467374802,0.0010311228688806295,-0.18397817015647888,0.1639474779367447,0.6196722388267517,0.08137118808969712,-0.2642559522995892,1.540442809057269,0.08163927456925263,-0.2641526788429388,1.543473069995329
1788653396.086607,1170,Move held cable to port offset then insert: port-via-0.75,during,0.003028,1,0.727283,-0.538807 0.538807 -0.849016 -0.154984 0.671546,6.30069 2.87415 -2.98334 -0.000541372 -0.00169704,12.16041531279916,498.588041998446,0.06009391012789467,-0.25689879143041816,1.5304448652267455,-0.004525341093540192,-0.07351590692996979,-0.11695557832717896,76.66909790039062,32.84870910644531,-9.174101829528809,0.0662986363252478,-0.2572309596530313,1.5252520701079135,0.06648443129824042,-0.2571466965185061,1.528273066365384
1788653396.473402,1175,Move held cable to port offset then insert: port-via-0.75,during,0.003046,1,0.72767,0.0326751 -0.0326752 -0.0271448 -0.273933 0.0200944,7.11595 3.30101 -3.23393 -0.000371836 0.000300468,13.65156098510488,31.583989130333066,0.04396882715822914,-0.25795504534048286,1.5426622676849364,0.0034740990959107876,-0.008608149364590645,-0.012058937922120094,-3.010146379470825,0.04287261888384819,0.46907293796539307,0.05006496221221585,-0.25830816611420193,1.5373330303703863,0.05031635631038622,-0.258182421983996,1.5403657264638717
1788653396.623823,1176,Move held cable to port offset then insert: port-via-0.75,reached,0.003042,1,0.727753,0.00622803 -0.00622803 -0.019511 -0.0940721 0.0112991,9.60054 4.51529 -4.14546 1.49647e-05 -5.99655e-05,18.26136309629237,9.632985118427314,0.04394838276507118,-0.257899016974394,1.542685990333557,0.004722418263554573,-0.006410274654626846,-0.0023668487556278706,-2.0350263118743896,-0.13747408986091614,0.5313087701797485,0.050046226414955014,-0.25825646414276515,1.537356835102557,0.0502946942005508,-0.2581269301752088,1.5403861392965672
1788653396.851172,1180,Move held cable to port offset then insert: port-via-0.77,during,0.003043,1,0.727746,0.000532864 -0.000532863 -0.0108214 -0.0406825 0.0061911,9.60886 4.51222 -4.194 0.000868297 5.07069e-05,18.315998216028675,9.661543579422869,0.043921709686534194,-0.2578236767033979,1.5427298593521117,0.003415660699829459,-0.007364095188677311,-0.0019352803938090801,-1.188964605331421,-0.0021089387591928244,0.5435225963592529,0.05001736056256237,-0.2581824796822106,1.5373999015340627,0.0502679598653918,-0.258052830289609,1.5404299625377251
1788653397.231283,1185,Move held cable to port offset then insert: port-via-0.77,during,0.003058,1,0.727219,0.197642 -0.197642 -0.00830429 -0.924387 -0.0202852,6.24593 2.65221 -3.03263 0.0299633 -0.0301915,11.990930888801813,550.858604259789,0.04612249198557594,-0.26244133794111457,1.5333141136169433,-0.047389280050992966,-0.39384305477142334,0.09910938888788223,-4.22824764251709,-0.7851186990737915,2.837131977081299,0.052316955291439704,-0.26269733916898286,1.5281164209361036,0.05252383587184371,-0.2624867081669039,1.5311605895172633
1788653397.385306,1186,Move held cable to port offset then insert: port-via-0.77,reached,0.003275,1,0.727427,-0.0693099 0.0693096 -1.04259 -3.07117 0.652587,8.25616 3.78037 -3.73854 0.00997408 -0.0100049,15.7950567798689,717.4510290771723,0.03339877787234047,-0.257656336663191,1.5406523990631102,-0.22700715065002441,0.10422138124704361,-0.3222440779209137,-25.745365142822266,-9.727660179138184,5.12101411819458,0.03938653594246899,-0.2578019704434004,1.5352120486556724,0.03978737357401803,-0.2577210922660973,1.538461832988337
1788653397.617347,1190,Move held cable to port offset then insert: port-via-0.79,during,0.003226,1,0.727759,0.0534054 -0.0534054 0.0151906 -0.22693 -0.0155336,8.83858 4.21575 -3.75356 0.00356952 -0.000291611,16.811761561926687,9.130760125815868,0.033276349931971816,-0.2575778969506666,1.5406514453887938,0.0062866611406207085,-0.004575121682137251,0.004108179826289415,-1.7752265930175781,0.40707552433013916,0.0799688920378685,0.039359292770606846,-0.257697330383776,1.5352890728923065,0.03967773816145065,-0.2576351221829568,1.5384983355300483
1788653398.001025,1195,Move held cable to port offset then insert: port-via-0.79,during,0.003228,1,0.72775,0.0391352 -0.0391352 -0.00194214 -0.224649 0.00140698,8.89749 4.23797 -3.80117 4.54007e-05 -4.67941e-05,16.936727927422908,8.968549444573,0.03323468628527382,-0.2574343987683698,1.540710334777832,0.0064158146269619465,-0.005002927966415882,-0.001102154841646552,-1.774861454963684,-0.07422757893800735,0.09984274208545685,0.039313584717559746,-0.257559930839134,1.5353435521308503,0.03963520652847384,-0.2574951515285569,1.5385547425682375
1788653398.388442,1200,Move held cable to port offset then insert: port-via-0.79,during,0.003332,1,0.72738,0.0913865 -0.0913866 0.142878 0.204429 -0.134703,7.60086 3.67255 -3.38254 -0.0261072 0.0266091,14.708671437576413,119.58105297386646,0.030330747991816787,-0.26980340564054694,1.5463633584976195,-0.35131850838661194,0.17953895032405853,-0.04785585030913353,2.464268684387207,-0.08116137981414795,-0.698161780834198,0.03634367393150337,-0.2696426618339439,1.5408483197362388,0.03670293900252179,-0.269438968113804,1.5441544458538647
1788653398.545959,1201,Move held cable to port offset then insert: port-via-0.79,reached,0.003372,1,0.727087,-0.2443 0.2443 -0.237736 0.146666 0.239245,6.51678 2.94432 -2.85644 0.0261209 -0.0232637,12.36691952496767,538.7977523058653,0.017100394397990493,-0.2571859070043012,1.54483736038208,-0.27674633264541626,0.3513690233230591,-0.2236882597208023,-0.6168558597564697,5.897560119628906,-4.745604991912842,0.0230493819427251,-0.25719510123980677,1.5393834329037288,0.023513860370185807,-0.2570919737526729,1.5427218087227534
1788653398.783038,1205,Move held cable to port offset then insert: port-via-0.81,during,0.003164,1,0.727701,1.02815 -1.02815 -0.398547 -6.81072 0.114676,9.0522 4.25599 -3.92892 -0.0213842 0.00171141,17.260206022998318,11.554818755481392,0.016635597378031997,-0.25737962209982124,1.5441898155212401,-0.11617411673069,-0.25788459181785583,-0.7196924090385437,-280.8406677246094,83.80545806884766,3.4423420429229736,0.022681063897234954,-0.2573545870540037,1.5388961476705885,0.023038267237426253,-0.2573386551758169,1.5420401484683481
1788653399.167008,1210,Move held cable to port offset then insert: port-via-0.81,during,0.003236,1,0.727549,0.00619289 -0.00619287 0.0273989 0.0802922 -0.0261477,8.58135 3.9229 -4.04309 6.24842e-05 -5.9955e-05,16.547460924906773,9.201537517365068,0.016597629219310073,-0.2572195836285993,1.5442789840698241,0.0021933838725090027,-0.008747722022235394,-0.0022431625984609127,-0.019836707040667534,-0.021807851269841194,0.025624480098485947,0.02263694184647072,-0.25718627245538384,1.538943323461674,0.02300956681126584,-0.25716321222018595,1.5421574736086845
1788653399.556735,1215,Move held cable to port offset then insert: port-via-0.81,during,0.003224,1,0.727512,1.5246 -1.5246 1.44448 -1.161 -1.44984,7.98627 3.50192 -3.68236 0.0254902 -0.0174226,15.213467638939619,499.15762911736965,0.025469452768580703,-0.25807088696760383,1.5547097969055175,-0.11172935366630554,-0.05796066299080849,-0.07761454582214355,19.49100685119629,0.875959038734436,-2.662275791168213,0.031187408378125364,-0.25780158851982415,1.5491411841142266,0.03177010192657395,-0.2576716792021254,1.5523099257832675
1788653399.876285,1218,Move held cable to port offset then insert: port-via-0.81,reached,0.003303,1,0.727304,-0.0668614 0.0668613 -0.067853 0.0870782 0.0611719,9.24257 4.27047 -3.73861 0.0304953 -0.0312032,17.313353346660733,796.051397934556,0.003518880039469985,-0.25648340666097846,1.542806749343872,-0.5951568484306335,0.33659079670906067,-0.32709088921546936,-0.17342588305473328,-0.8701148629188538,-3.54565691947937,0.0094917113713123,-0.2564031050918147,1.5374809190236827,0.009951077278201766,-0.25634860224991907,1.5407511242544265
1788653399.956179,1220,Move held cable to port offset then insert: port-via-0.83,during,0.003193,1,0.727816,0.288667 -0.288667 0.447858 0.650118 -0.346116,6.36511 2.92049 -3.20019 -0.010152 0.0168356,12.512784762308002,510.029040902853,0.00014552536608436473,-0.2589643903951093,1.539479260444641,-0.1313636600971222,-0.09561584144830704,-0.05191824585199356,-1.9726299047470093,9.118917465209961,6.219631671905518,0.006237001013432775,-0.25877918216471796,1.5343137133668139,0.006597039839501632,-0.25880979556790157,1.537486526269134
1788653400.348661,1225,Move held cable to port offset then insert: port-via-0.83,during,0.003205,1,0.72784,-0.0224386 0.0224386 -0.0569652 -0.0627311 0.0388754,8.88292 4.26966 -3.62018 5.77941e-05 -6.9671e-05,16.77289047895465,8.63485049502924,0.0001126236021683491,-0.258756429789488,1.5395175266265868,0.010179813951253891,-0.007870879024267197,0.0006306065479293466,-3.8300857543945312,-0.6196537613868713,0.08724004030227661,0.006210378348015022,-0.25858468926854733,1.5343460813538758,0.006566235053560226,-0.25860630864218803,1.5375312509832924
1788653400.737128,1230,Move held cable to port offset then insert: port-via-0.83,during,0.003205,1,0.72784,-0.0224234 0.0224234 -0.0569777 -0.0627385 0.038828,8.88081 4.26854 -3.61983 6.65076e-05 -6.98881e-05,16.769312878866913,8.688489412190393,7.76654780075825e-05,-0.2585672148446485,1.5395561504364013,0.010186350904405117,-0.007916651666164398,0.0006166095845401287,-3.830568552017212,-0.6192647814750671,0.09504770487546921,0.00617456122692181,-0.2583971092555074,1.5343836368506536,0.006530975945603642,-0.2584201805784263,1.5375686663512023
1788653401.143122,1235,Move held cable to port offset then insert: port-via-0.83,during,0.003259,1,0.727193,0.0923502 -0.0923502 0.0402956 -0.209478 -0.0604671,6.22269 2.73206 -3.02942 0.00424245 -0.00611511,11.994522982742637,446.11052691191435,0.021859288841502456,-0.26562517964643684,1.5512524890899657,0.141532301902771,-0.14193424582481384,0.14012765884399414,-7.24452543258667,-2.1865155696868896,1.4773426055908203,0.027549917830719556,-0.2645009815556222,1.5457190188349998,0.028118606846777604,-0.26461126670919277,1.5489265813703699
1788653401.546756,1240,Move held cable to port offset then insert: port-via-0.83,during,0.003232,1,0.72774,0.0632788 -0.0632788 0.0412822 -0.114915 -0.0487197,7.4402 3.55959 -3.10182 -0.000682249 0.000585941,14.102881711500231,9.574867929331958,-0.005402236551029893,-0.2614540764073774,1.5463322448730468,-0.36918875575065613,0.39975547790527344,0.0011143935844302177,-2.7248706817626953,-0.7065178155899048,-3.49348521232605,0.0005036430856263374,-0.2611132409192434,1.5409350387772598,0.0009708032082496165,-0.26104894718965554,1.544132889831418
1788653401.631263,1240,Move held cable to port offset then insert: port-via-0.83,reached,0.003471,1,0.724071,0.299983 -0.299981 -2.98979 -17.1011 3.98221,1.78997 -7.9741 6.49036 -0.0374941 0.0353391,16.327255077660084,837.0061055421829,-0.007544695705158921,-0.2626543649415418,1.542886619567871,-0.4095582067966461,0.9525843858718872,0.17103907465934753,-31.163854598999023,-45.9754638671875,-31.607406616210938,-0.002801860768012837,-0.26255488932012083,1.5365172235501794,-0.0015597188654247543,-0.262538223659876,1.5397587622363922
1788653401.966689,1245,Move held cable to port offset then insert: port-via-0.85,during,0.003250,1,0.726648,0.528301 -0.528301 -0.0570687 -2.44961 -0.111952,7.59739 3.56822 -3.19233 -0.00208427 0.000796704,14.360825467039831,30.94289669394493,-0.007636993497593614,-0.26276639187139716,1.5429005670547484,0.03659546747803688,-0.04952492564916611,0.15546981990337372,3.4620513916015625,-1.7918274402618408,5.718105792999268,-0.002452434962427613,-0.26250603051522786,1.5369301329080407,-0.001523961926569578,-0.2624667701120082,1.5400443457978232
1788653402.383966,1250,Move held cable to port offset then insert: port-via-0.85,during,0.003770,1,0.727448,2.55622 -2.25745 0.628441 -18.5583 -1.00071,7.46994 3.50843 -2.98597 -0.213037 -0.0118798,14.189258395694196,643.2041561603546,-0.007541596263630601,-0.2651956089715406,1.547061924934387,1.8653781414031982,5.4102091789245605,-13.73918342590332,391.71923828125,-509.8587951660156,-578.6564331054688,-0.0025171485025468066,-0.2647907333387372,1.541239438051134,-0.001193548298947628,-0.2650152574558886,1.544762644954821
1788653402.806125,1255,Move held cable to port offset then insert: port-via-0.85,during,0.004480,1,0.721304,-2.4513 2.4513 -1.92156 4.51354 2.00836,1.05136 -2.02188 6.01661 0.0644883 -0.066507,9.220844998955727,860.5414564609528,-0.007630735009892198,-0.26387399518293586,1.5452987003326415,-0.3507075309753418,-0.26087477803230286,0.4035358726978302,-11.255891799926758,-8.432520866394043,12.742528915405273,-0.0034395031851767177,-0.26357280983082304,1.5384644372403984,-0.0014979113551920062,-0.2634554175922821,1.542500451795342
1788653403.232714,1260,Move held cable to port offset then insert: port-via-0.85,during,0.005018,1,0.721874,-0.14537 0.14537 -1.54475 -1.2231 1.25266,8.44441 3.25262 4.84761 0.0290078 -0.00514021,16.57879187585786,513.6640535593033,-0.007640003532154771,-0.26482734167379585,1.5453124094009398,-0.08864381164312363,-0.28930312395095825,-0.07441478967666626,-7.172379493713379,3.527179002761841,-7.446528911590576,-0.004576647880172521,-0.2648309522804103,1.5382954534150997,-0.0015864866453550062,-0.2646660161122647,1.5423214504543852
1788653403.656383,1265,Move held cable to port offset then insert: port-via-0.85,during,0.006535,1,0.724717,-2.55624 0.585333 -5.99104 -3.79915 5.32146,4.69498 0.205458 0.2965 0.0024557 -0.00894126,5.208334553986788,433.46585351228714,-0.007609873384220811,-0.26389581048292365,1.5454779911041259,-0.15126532316207886,-0.9736963510513306,0.288800984621048,55.391902923583984,8.501045227050781,-12.46367359161377,-0.006209266393893145,-0.26417401542171604,1.5380525740431183,-0.0015187267604814007,-0.263642149151859,1.5425710138436752
1788653404.074339,1270,Move held cable to port offset then insert: port-via-0.85,during,0.007394,1,0.725125,2.55621 -2.36702 0.832407 -9.2746 -0.880933,7.64697 -0.941017 0.530978 0.00162441 -0.010099,9.130683653289452,579.5391619503498,-0.007646530240757676,-0.2641626604775831,1.5459276485443114,-0.09534180164337158,-0.28340059518814087,-0.08644846081733704,14.023408889770508,-2.1786487102508545,-17.786054611206055,-0.0072871652437645484,-0.2641438667474258,1.5385394140544977,-0.001501993627617635,-0.26388501426249367,1.5431375749889056
1788653404.484657,1275,Move held cable to port offset then insert: port-via-0.85,during,0.008561,1,0.720742,-0.720348 0.720348 -2.78965 -6.32731 2.52557,-0.922708 -2.05326 2.88588 -0.0100829 -0.00969203,5.881613583303988,494.0927710533142,-0.007641672462208482,-0.26450693690580573,1.545087342262268,-0.08276302367448807,-0.18861867487430573,0.007949937134981155,-39.63801956176758,7.100011348724365,-4.015631198883057,-0.008638703528697958,-0.26446498897573806,1.5371301006147706,-0.0016259027018680015,-0.2641888670956287,1.542033447398004
1788653404.905514,1280,Move held cable to port offset then insert: port-via-0.85,during,0.008594,1,0.72714,-0.596761 0.59676 -2.71713 -7.53998 2.73401,1.4735 -2.34598 0.518891 -0.014298 -0.000966236,4.353637448046356,489.78999334573746,-0.007616936534626695,-0.26450711571974006,1.5449507284164428,-0.33355653285980225,-0.6408235430717468,0.3434966206550598,54.771610260009766,-9.041099548339844,-23.944852828979492,-0.0086453860505223,-0.2639893285160077,1.5369038856110429,-0.001622773067920984,-0.2641970508213335,1.5418538280065603
1788653405.327404,1285,Move held cable to port offset then insert: port-via-0.85,during,0.008757,1,0.726085,-1.3205 1.3205 -3.00689 -5.2506 3.00367,6.45618 0.328655 -1.60325 0.0153568 0.00476391,8.408206964842975,472.74211996793747,-0.007684021562321397,-0.26440328442854133,1.5452027368545531,-0.044627800583839417,-0.3940434455871582,0.2697611153125763,11.651113510131836,1.743704915046692,5.567105293273926,-0.008793975655959255,-0.26407636156017916,1.537120550188362,-0.0016496445315717298,-0.2640961481095663,1.5421846432198438
1788653405.749157,1290,Move held cable to port offset then insert: port-via-0.85,during,0.009729,1,0.71516,-2.55622 1.645 -6.09962 -8.37057 5.73744,2.44505 -0.580948 6.39414 -0.0367835 0.0189783,9.475896537303925,431.91201317310333,-0.0076387220322921,-0.263639629719679,1.5438765335083007,-0.06319005787372589,-0.11603760719299316,-0.10346366465091705,-16.7665958404541,-4.166355609893799,-0.2772662043571472,-0.009818378811042694,-0.2640027056074765,1.5357634796418929,-0.0015697610840980647,-0.26386406098850035,1.5409211533854705
1788653405.998733,1292,Move held cable to port offset then insert: port-via-0.85,reached,0.010135,1,0.716073,-2.55622 1.74741 -3.76523 7.50109 1.94109,0.358927 -0.501992 -0.364437 0.0569892 -0.0132121,1.2955575305968523,554.6404168009758,-0.007239013284428331,-0.26368782007497993,1.5409385013580321,-0.8506574630737305,-0.9640745520591736,2.7087953090667725,304.63067626953125,73.02748107910156,-141.14768981933594,-0.011178987204108162,-0.2643700718047567,1.5328313412562349,-0.001879264176201132,-0.2641240999355344,1.5368519774763347
1788653406.166039,1295,Move held cable to port offset then insert: port-via-0.87,during,0.012405,1,0.712124,1.69337 -1.58297 1.49912 -4.10571 -1.56007,0.679183 0.143662 -5.62833 -0.0617999 0.0502163,6.5631893165409565,766.3567314147949,-0.007266193002445909,-0.2643037744740888,1.5551903295516967,0.31764134764671326,-0.10530181229114532,-0.1818310022354126,-24.596881866455078,77.56688690185547,-3.500605821609497,-0.011929117132549988,-0.26450414773574576,1.5462561552423844,-0.0011489700491828132,-0.2638657215901157,1.5523610856480254
1788653406.566933,1300,Move held cable to port offset then insert: port-via-0.87,during,0.021763,1,0.607744,0.760905 -16.6594 0.487668 -5.14384 -0.729229,-29.276 -25.0765 -0.00272353 0.0264345 -0.0205212,54.40221073850989,853.6797398924828,-0.0035113686024977886,-0.27964046680731025,1.5558069992065429,0.21431763470172882,-0.23403392732143402,0.2527625858783722,-20.231658935546875,5.739842414855957,12.80794906616211,-0.018664761385147527,-0.27640769645038565,1.5454816597931396,0.0019762766111406007,-0.27871835666856887,1.551979155040852
1788653406.920631,1305,Move held cable to port offset then insert: port-via-0.87,during,0.017639,1,0.538877,1.11847 -12.3888 0.0446062 -9.76057 0.000444949,-10.3091 -10.0875 -0.00251539 -0.0102252 0.00696247,20.416279926663265,446.5369073301554,-0.004846840471012803,-0.28471240484518257,1.5504498529434203,-0.023190999403595924,-0.23844364285469055,0.013107609935104847,-6.941749572753906,-6.460194110870361,21.859237670898438,-0.01837397393991963,-0.28087863733061674,1.5459176465518802,-0.0009970725023029595,-0.28376232404174295,1.5449823524990145
1788653407.227133,1310,Move held cable to port offset then insert: port-via-0.87,during,0.017408,1,0.400091,0.0040006 -10.1989 -0.947221 -9.03364 1.01483,-8.30632 -11.0911 0.00144224 0.00744199 -0.00713094,19.413467521197163,409.7619354352355,-0.010584562391026231,-0.2902241953591749,1.5376871871948241,-0.00783840473741293,-0.026409968733787537,-0.16902127861976624,8.643698692321777,10.341835021972656,-6.357822895050049,-0.018736305313605636,-0.28853078172617774,1.54551020256473,-0.00811428400471979,-0.2882435520276618,1.531721308823367
1788653407.499292,1315,Move held cable to port offset then insert: port-via-0.87,during,0.038349,1,0.133335,-1.89708 -1.21852 -2.19975 -2.47236 2.30581,-4.33417 -12.6387 0.000505506 -6.39372e-05 -0.000224443,16.97363085769757,438.1690053688362,-0.006690650552494737,-0.297773421643202,1.5113509941101073,-0.01765970140695572,-0.17922408878803253,-0.5639939904212952,18.027252197265625,-0.9978258609771729,-7.665314197540283,-0.021007636109001568,-0.3026026179753421,1.5437394721427524,-0.0016004787183759583,-0.29337843306965117,1.5119764173212609
1788653407.773467,1320,Move held cable to port offset then insert: port-via-0.87,during,0.138983,0,-0.0332432,0.353943 -3.559 -0.000669122 -2.49422 0.228856,1.31107 -14.0373 0.000531927 0.00427637 -0.00204243,15.355216742900666,476.1919867284596,0.003977418571727065,-0.36839741551679817,1.41182315826416,0.4287344813346863,-0.8603144884109497,-1.4865622520446777,-8.876444816589355,-8.42013931274414,15.681931495666504,-0.02370565589550204,-0.31106964232595347,1.542029573988793,0.004742422297044712,-0.3636429307223861,1.4165588284063366
1788653407.774608,1320,during [Move held cable to port offset then insert: port-via-0.87],abort,0.138983,0,-0.0332432,0.353943 -3.559 -0.000669122 -2.49422 0.228856,1.31107 -14.0373 0.000531927 0.00427637 -0.00204243,15.355216742900666,476.1919867284596,0.003977418571727065,-0.36839741551679817,1.41182315826416,0.4287344813346863,-0.8603144884109497,-1.4865622520446777,-8.876444816589355,-8.42013931274414,15.681931495666504,-0.02370565589550204,-0.31106964232595347,1.542029573988793,0.004742422297044712,-0.3636429307223861,1.4165588284063366
